split,class,filename,source_path,sha256,duplicate_group_size
train,glass,glass389.jpg,data\raw\glass\glass389.jpg,e971f4f8f50e960e454ea724cec922fc2988bbf4027aa48b553e139bb5890968,2
train,plastic,plastic332.jpg,data\raw\plastic\plastic332.jpg,e971f4f8f50e960e454ea724cec922fc2988bbf4027aa48b553e139bb5890968,2
train,trash,trash10.jpg,data\raw\trash\trash10.jpg,5f1ee42f525810222f5afc0afa6393f9184db463b2e2414df428f9321639a028,1
train,metal,metal306.jpg,data\raw\metal\metal306.jpg,265b600061409e515719e77a2773a08c1147de53d7ade912324872aa219de9a6,1
train,paper,paper343.jpg,data\raw\paper\paper343.jpg,6c716828b1c48d294ccdf484f4b8aaa197078efa5c918e60f05f760d4757b3af,1
train,glass,glass376.jpg,data\raw\glass\glass376.jpg,a06f1177d1dfeb4acf16a2985456830e2b1cf036c131e92f586db207124bce0d,1
train,glass,glass301.jpg,data\raw\glass\glass301.jpg,23cc05ab246bebe4da8836386df7c56da500ff7b6f4ede68d4d8e45182a3ed98,1
train,plastic,plastic46.jpg,data\raw\plastic\plastic46.jpg,f518118c026f30902fb073db820d2fc4a1c30a15624a0ef2d859b3ad670b942a,1
train,cardboard,cardboard47.jpg,data\raw\cardboard\cardboard47.jpg,8ceb045c85ac2941ef70218acd1b0dc00024f84651973e0cc842cf992f03a49f,1
train,paper,paper313.jpg,data\raw\paper\paper313.jpg,6b55d190dacf6e904875b30c31a8a55d8dc01713b4de1a5d7d4972649e669e2c,1
train,paper,paper358.jpg,data\raw\paper\paper358.jpg,8da85fb451b03b9baceb31a430b1ded5309af208d50cd7e0aff57b6d49330896,1
train,glass,glass26.jpg,data\raw\glass\glass26.jpg,d817076b3146b09fccaef94569900837a6f6c8c0524fd6d443f6234fc7e2897a,1
train,glass,glass295.jpg,data\raw\glass\glass295.jpg,6ee935357eff0892280896c41d8f0dac64c415a0194e28c2e224dd28deeb176e,1
train,glass,glass458.jpg,data\raw\glass\glass458.jpg,4464510c31bd81e7cf43cfa7e5ac1ba0ac03a462c44bd39925b36b723f3af415,1
train,plastic,plastic318.jpg,data\raw\plastic\plastic318.jpg,67d1ac306a493d7d032f66089a2f544ae6908a2a1c6343dcf798927059cd55b8,1
train,trash,trash1.jpg,data\raw\trash\trash1.jpg,befe03db44ad0923b3f88239c071084950190e54381dc51679007917cfd315fa,1
train,paper,paper354.jpg,data\raw\paper\paper354.jpg,060686c8212b009e41d21712e8d132d4e5a0a0eacf07bee5d81095c63f384164,1
train,paper,paper38.jpg,data\raw\paper\paper38.jpg,56b0fcd0b4e95542eea46247694fd7ea32d4ad863dc0cc4d4c4e588ffe49db59,1
train,paper,paper351.jpg,data\raw\paper\paper351.jpg,99630d53913d646b55b1b1f227789b1ff166d337df1cf12aa87ec70cb0b12ffd,1
train,cardboard,cardboard370.jpg,data\raw\cardboard\cardboard370.jpg,9d751726e7b3a86c8c27e03984a3d10caf63df1e1479e5cc31bfb7b620b59273,1
train,glass,glass168.jpg,data\raw\glass\glass168.jpg,bd31e2440417fd22ed539ff5164b80269d163ffff1b48a2c99df3e4aed9bf52e,1
train,plastic,plastic70.jpg,data\raw\plastic\plastic70.jpg,43e494e51a912320499ec75c5b73769668f094dc5982a13ea6dfafa50033ff8e,1
train,metal,metal46.jpg,data\raw\metal\metal46.jpg,0fd71c2e973de5faf29906659e41c111a8cb023f6dade971af1a2fc972ba0004,1
train,metal,metal43.jpg,data\raw\metal\metal43.jpg,b814327dc68678291d5a7575972476cd34c22ee1dd692b8928d007433ca41a26,1
train,cardboard,cardboard66.jpg,data\raw\cardboard\cardboard66.jpg,6d37c5a6a8d98db663efd00ec2e1d000d3f5dd31d9701e6377d49de87c37fb73,1
train,metal,metal6.jpg,data\raw\metal\metal6.jpg,37091e78c6dcb2b65011ff77534e0c24008c8ec6f6cdec4252e2b94ddcbbc64b,1
train,metal,metal385.jpg,data\raw\metal\metal385.jpg,a7df0104bb93ac924ae1117df3ba3efde224cba388a060dc7846977e69bf5241,1
train,metal,metal81.jpg,data\raw\metal\metal81.jpg,07d65036157aa88ae26a72341a2f6a2af41af43729bca6f3d88b994e6d66c693,1
train,cardboard,cardboard166.jpg,data\raw\cardboard\cardboard166.jpg,1a6498eb76db159d786146ea850b90b628d4dce34144e856863f804194ee6347,1
train,metal,metal379.jpg,data\raw\metal\metal379.jpg,bfb1f39a72cebe2ba64ce22ad6f3cc0068daea6559745de2468466c22a3bf639,1
train,glass,glass55.jpg,data\raw\glass\glass55.jpg,490f8ed0f65caaefe89c5da34064b3e4f53a29fe6a5cd1d062684c96d4e5efcd,1
train,paper,paper512.jpg,data\raw\paper\paper512.jpg,8389eea3660c3bfcf6dac97bb4a4c0f39d2d1157a6c3d2769cf6f3bf3dd0e8f9,1
train,trash,trash126.jpg,data\raw\trash\trash126.jpg,d47245d73413fc38cc2e7afb16af6e0ec32afa9ea1d9707c644a1606aae7d4ed,1
train,cardboard,cardboard181.jpg,data\raw\cardboard\cardboard181.jpg,4dead5453ee522cd3bf8dcdb0d1808cddb659dfdd00ec9014b5055f0fec088f0,1
train,plastic,plastic78.jpg,data\raw\plastic\plastic78.jpg,067d32a5afde16199cbe295b57d04bde2495c5f5f54c1053982d9ee706733af1,1
train,metal,metal25.jpg,data\raw\metal\metal25.jpg,da5cefeb7ff32970800dbaf3a405ac871ada19c7ef33ced9aa3b1fdacc5f4b6d,1
train,cardboard,cardboard101.jpg,data\raw\cardboard\cardboard101.jpg,2f3dafed35830c61c3464c876f7cfb82ad3b635078f6306bca02a03f8e90d00f,1
train,metal,metal26.jpg,data\raw\metal\metal26.jpg,06c1dd04695d400b37ba96e1fb2455b6bd8dbb6e7f0cb5b9b6cc0ffc4b6eb32b,1
train,cardboard,cardboard26.jpg,data\raw\cardboard\cardboard26.jpg,9a5ca9e612f1a627a4cc86dc025aed499e9c7219bf184684058c021b3ecd7971,1
train,paper,paper253.jpg,data\raw\paper\paper253.jpg,35110d355588aff72ce48cd838f1993a63b2f84c93f07724655b3a887b17cf50,1
train,trash,trash63.jpg,data\raw\trash\trash63.jpg,ecb6e1ed0dd5f7f862f61e9f9cb10b738458c706ab6c170055acb238e90611b3,1
train,glass,glass170.jpg,data\raw\glass\glass170.jpg,4b1396d54ca62643c1a7a5ccf3bae8ba0e880551c13e3f61d391ba608bcfcee0,1
train,plastic,plastic170.jpg,data\raw\plastic\plastic170.jpg,1f4467071265642d3170c0336c19644f5f9b7b3944cfb5b5ad41f8771094e801,1
train,plastic,plastic209.jpg,data\raw\plastic\plastic209.jpg,9d2cdabd68f4df9e76b989ff882f2fd0895a1b1d3633f01e479c52dc94db1161,1
train,paper,paper440.jpg,data\raw\paper\paper440.jpg,09c9a789456404445c500cd5e50903e020456e25ffdf9aa5caa638440347cc5d,1
train,metal,metal23.jpg,data\raw\metal\metal23.jpg,bc549a39af929be7ceedb628e751f7718feb93984b945cb5edb92feee238bfc5,1
train,paper,paper231.jpg,data\raw\paper\paper231.jpg,8f7c78a2b3b24d2c20998f41ab7454011829fcc96970bf5aae106c7d66538d3a,1
train,paper,paper284.jpg,data\raw\paper\paper284.jpg,08d8d85108c138824c66df05dce02dde50342d846881f4de81f4a64c8acd3391,1
train,glass,glass272.jpg,data\raw\glass\glass272.jpg,72a6f345f436debbd0205b98aae1410f970e76f478625e706ee22645aec3c845,1
train,paper,paper428.jpg,data\raw\paper\paper428.jpg,09e48f6be6e26e151c8fe44499a14c46d23e80d92a2478d990b14ff8d1be5fad,1
train,paper,paper291.jpg,data\raw\paper\paper291.jpg,4047ea7e2f5dbfb3bef5606d105483ebc5e87ad824b83f61628d8a1d2c044829,1
train,glass,glass248.jpg,data\raw\glass\glass248.jpg,7120850e2324b64b353b3160df7aecb846e08de901e2ab92ad6e2fca17cc743d,1
train,plastic,plastic50.jpg,data\raw\plastic\plastic50.jpg,09e75e68f5b4514645b59e090f13b430d448b9ba03ea05a648a0ed83be35d4ec,1
train,cardboard,cardboard205.jpg,data\raw\cardboard\cardboard205.jpg,cb18509203c2d290dfd7f7c89b371499e85eaaf6c1681dcb31c0548588c28429,1
train,metal,metal47.jpg,data\raw\metal\metal47.jpg,44edfada36d51d2098507fb89d79f50e79df3ea8c2b122c18502ae782e0ca4f2,1
train,glass,glass207.jpg,data\raw\glass\glass207.jpg,330cd3c9cbae56f0567972c58b3d187bc3864f203ff06f6af3ca3bac4edb2318,1
train,metal,metal253.jpg,data\raw\metal\metal253.jpg,0413e18095f291a9981eef27ef111f46bc08d420777b5866fc6293b36f80eed7,1
train,paper,paper1.jpg,data\raw\paper\paper1.jpg,25063c2320fd0fff4dc04317a7627418695c9970618a48073bb79cb3e542859c,1
train,plastic,plastic277.jpg,data\raw\plastic\plastic277.jpg,b70669928144a5f5b6f2c5c6740c134a87b8e11079fd90289f22833280439271,1
train,paper,paper393.jpg,data\raw\paper\paper393.jpg,c832ffd8b7d0591966abe5147ad53cb2ceb0b47ffd5cdaa4ae4a78df670ac0ce,1
train,plastic,plastic343.jpg,data\raw\plastic\plastic343.jpg,b210e88fda29ae9f02d7497eb3f7dd9d7dbc22e0acbc93226a020f17930b34a9,1
train,plastic,plastic36.jpg,data\raw\plastic\plastic36.jpg,45b4e36df6c6750a9d602c296afec5c54d044d0b045352030e2c72a2198890ca,1
train,trash,trash4.jpg,data\raw\trash\trash4.jpg,5c7c7bc798f6bdb768f82620a5549c0b73b0489adc2748afba47c39a350d84aa,1
train,metal,metal119.jpg,data\raw\metal\metal119.jpg,fef949be03c4d314c3ff645a4a0f1a25edc95e5a228ad2e2ea9e8c798878447c,1
train,glass,glass116.jpg,data\raw\glass\glass116.jpg,514854d3e2a0b7e64d57c036c9794d188f6fd22da6bd67715daf90cc6f7dbecb,1
train,plastic,plastic150.jpg,data\raw\plastic\plastic150.jpg,199d47eb6ffe222c8aec598467b1c9a4f5d4928f5911eb6ed0205e9378a11d92,1
train,glass,glass338.jpg,data\raw\glass\glass338.jpg,37b42d8eb83eb9db4e31a090cb2b6959b501e202885a996ee31180a3d44c5e86,1
train,paper,paper60.jpg,data\raw\paper\paper60.jpg,491eaf967ece7e09187a49d0cf2bf908c615750720905c8f2dd91171a1203ac0,1
train,plastic,plastic67.jpg,data\raw\plastic\plastic67.jpg,bac537b6725eceb69e3aa20ed650cb9540aff2543e83e9df4214394c008f48c3,1
train,cardboard,cardboard356.jpg,data\raw\cardboard\cardboard356.jpg,38014677d0ca639b0c8a5ec235b9f7b7987cc95a77764c7dbcd5955f936b5f3e,1
train,glass,glass261.jpg,data\raw\glass\glass261.jpg,77b7a8178f4e782c80435a4b8680084a33f3a708efcb8663419d023044e56a27,1
train,paper,paper369.jpg,data\raw\paper\paper369.jpg,a6b659138d8904930078cbcf24bf0793e5778b58614238b823a764b05f199e0f,1
train,paper,paper55.jpg,data\raw\paper\paper55.jpg,61e4135a107681ed768c845a1c5944dff554041fce30e8ff2263be7f1f684b6b,1
train,metal,metal230.jpg,data\raw\metal\metal230.jpg,58200416ab0635a386c6c5917c8f9e170dec6e9266d04c984a0e7e1f2dd69dea,1
train,paper,paper455.jpg,data\raw\paper\paper455.jpg,ff8505d60892033473294569da6b0d6a215340c17fccb27bace9e3e3fbc26c13,1
train,cardboard,cardboard250.jpg,data\raw\cardboard\cardboard250.jpg,db13544f3b344b8f49b2c2da857ad0aabe503fbae3a08c7ac4526bd86ea27a1b,1
train,plastic,plastic308.jpg,data\raw\plastic\plastic308.jpg,6c2a19b3e15d505d6c00836d15c8c1e68c337e909289f0cdb1fa1e715bdd0e4c,1
train,trash,trash73.jpg,data\raw\trash\trash73.jpg,7997864c673bc2c4b5ce645d602dae37f1d2243be3dbf409c340b7abd1f9ab11,1
train,cardboard,cardboard347.jpg,data\raw\cardboard\cardboard347.jpg,f4bb139bf1fbbda71918f0ca7b480fdc487db5ce2aebf22b63f664e38dea356c,1
train,metal,metal371.jpg,data\raw\metal\metal371.jpg,0240d79e364cd38b6b0ae37f8fa09d5121a65e2ba21eb4229f9931346aa460c6,1
train,cardboard,cardboard28.jpg,data\raw\cardboard\cardboard28.jpg,3a0e12d4d8e11d8d37f4404a56e4e675cb87f17146449a5e0c779db8035c5641,1
train,plastic,plastic69.jpg,data\raw\plastic\plastic69.jpg,caa7044e8e8913d0394c7fc4007dc9f40578e57d810e345e80badc68f809954f,1
train,paper,paper436.jpg,data\raw\paper\paper436.jpg,e93492852a38ad865feda57bb001923ca1102fcc0321297d331a0e36a94f80cc,1
train,trash,trash74.jpg,data\raw\trash\trash74.jpg,37e7a1e4a4b3acdd91d9a4a89d25e0e2b2b5f35b972952168a2fd5e278e9addc,1
train,glass,glass405.jpg,data\raw\glass\glass405.jpg,e4140946e47cea6c65cc3470024e17f369813ec3a2ad47cbff73252e5602899d,1
train,cardboard,cardboard206.jpg,data\raw\cardboard\cardboard206.jpg,b0b9350d49745175d4eb74ee742e7e82258dda7ec25eed333de1911736e6bf67,1
train,metal,metal225.jpg,data\raw\metal\metal225.jpg,b36d4c7a1de6800f7802569f65fc7b6f49b15fab942943c17a33fb769458b8d2,1
train,glass,glass124.jpg,data\raw\glass\glass124.jpg,316177ec6eecd3def5da9a85f80236cb5802f2829a3672bee659ca6fea2c7381,1
train,glass,glass357.jpg,data\raw\glass\glass357.jpg,fc8441e7380a41222f22a908a3f144957052e7bad43e6e40ad1ca6888b987c2f,1
train,cardboard,cardboard398.jpg,data\raw\cardboard\cardboard398.jpg,6af4835c742a0137982a6c33b705d0c75ffac42d5e9d11d2debc439e2c3b2a58,1
train,glass,glass19.jpg,data\raw\glass\glass19.jpg,40c8393aae8bba3c72093e8e1085f898cff0ba21a28da08608f65c0dcfbf6c5d,1
train,cardboard,cardboard154.jpg,data\raw\cardboard\cardboard154.jpg,dbfe72d71c02bb7b8656a52eaa5da5a722cca50b4c6155bff1027c45c9906a1d,1
train,glass,glass70.jpg,data\raw\glass\glass70.jpg,f3a3a5739367f3735ac56cdeda378eca89e13b21b0561b19d254d589544458e7,1
train,glass,glass193.jpg,data\raw\glass\glass193.jpg,ff2ac90f6c67f577a2083c4bb643b30a4fb4f59694ce62a1413b01705c54bc68,1
train,metal,metal131.jpg,data\raw\metal\metal131.jpg,975b7d5db3e97c57f0191768a3a6b3f20bd0f7ab4868cc5a1909fada8c02252e,1
train,plastic,plastic65.jpg,data\raw\plastic\plastic65.jpg,00fda87186fdaf0484e7e3e3c5a56a22556c6c12c1d042c65d19821cfa460bc2,1
train,glass,glass387.jpg,data\raw\glass\glass387.jpg,862a9c730b456b44b4b78d0f36b7433c05fef70911756a62a32cf5918484b013,1
train,glass,glass446.jpg,data\raw\glass\glass446.jpg,bd56995ebe7cee2e1d1f838c735b56005d9d3ae0192dfcf36d86849bb4d66be6,1
train,glass,glass353.jpg,data\raw\glass\glass353.jpg,b090b5f2c9ab3782bcc0ec877e810f19ea109dc7f69609f9e6aca742aa631410,1
train,plastic,plastic449.jpg,data\raw\plastic\plastic449.jpg,4ba7058fcc1444dc94f82e25128589680b396dc894b430efef85f61f95ce5dcc,1
train,trash,trash109.jpg,data\raw\trash\trash109.jpg,b5647e487ac6115d936bea589eaef8779be252f49ee1acfe2fd9ebd0921eeaba,1
train,paper,paper132.jpg,data\raw\paper\paper132.jpg,940457439d824688cf889c55782469cf05509809e99e515fc42888ba5dac8d89,1
train,paper,paper491.jpg,data\raw\paper\paper491.jpg,1f25675ede26acd44a7d1ea9a683c72e0bce39cf33860f5c6dac475d76ff0b4d,1
train,paper,paper517.jpg,data\raw\paper\paper517.jpg,944939b365cc992a557100c9b9010d40716ccd9f98dd1448b5c6135300c42c52,1
train,metal,metal320.jpg,data\raw\metal\metal320.jpg,c5d3532166d56825b106eddefff6fc388b8d7a13ee97f9c54e5633c32eae0a2b,1
train,plastic,plastic188.jpg,data\raw\plastic\plastic188.jpg,95ee1f7a19e5987f0be3e7dd0781f374ecbd7a10666deda14a6fba1c63850c51,1
train,paper,paper421.jpg,data\raw\paper\paper421.jpg,2d38a56f93deb17e1ce71b48564ee56fdcb103c35b17e0bf98e4821d9eef04ec,1
train,metal,metal169.jpg,data\raw\metal\metal169.jpg,738bcafc5ff2767bfcb75d27a289c86856f7de7a56dd54f7f0a5debd16711998,1
train,paper,paper542.jpg,data\raw\paper\paper542.jpg,fae969f6c21d518455ed497e1e1dedaf2a191341880d945183b508933ad6cfa0,1
train,trash,trash103.jpg,data\raw\trash\trash103.jpg,91569f5d8ad69becd2f2b00717dc145ac32da62ef45f5388a6a672cfd029823e,1
train,metal,metal128.jpg,data\raw\metal\metal128.jpg,a268392fcb1c09478a6197f68de2a48de7156463ec032f172eefcaf33a48f66d,1
train,plastic,plastic331.jpg,data\raw\plastic\plastic331.jpg,b9b6354dafaf94c8e9aeb8e472ef7712193b3f11ae8ea72dfda7df52d35e91c5,1
train,plastic,plastic429.jpg,data\raw\plastic\plastic429.jpg,de94c032e81df55a168ba4c0f6fdb6d6d91704cc799e34839fbe9c6500745a99,1
train,glass,glass244.jpg,data\raw\glass\glass244.jpg,0645108795eb95f8206e17995470fbe0ff6d76f7bd352db55770dc49718eb4e6,1
train,cardboard,cardboard99.jpg,data\raw\cardboard\cardboard99.jpg,244fd7b2518017bf260f2e3a251e8adba9b1150dd0e1c0b479b16f889227da87,1
train,plastic,plastic145.jpg,data\raw\plastic\plastic145.jpg,1782030f5438851c5b95628ba661fc0815070591ef12835903cccb2c2550106a,1
train,paper,paper409.jpg,data\raw\paper\paper409.jpg,d1537715f2321342c5346657f36e404b78d82acd7eadf4e188d1cc2037249522,1
train,plastic,plastic93.jpg,data\raw\plastic\plastic93.jpg,2e772db456e0cedc180bbbdceb428d6b5a071981d81c6968e7db385e5418a2ac,1
train,trash,trash48.jpg,data\raw\trash\trash48.jpg,ac83ba14bc298d01d9c94aa7c4f45f5d423c790606f1a7f66826fac156276b8f,1
train,glass,glass29.jpg,data\raw\glass\glass29.jpg,33493a9b11bd9c6a626a303d9248deeb8cd96101a7f7e7f1a834873d2f926eba,1
train,plastic,plastic203.jpg,data\raw\plastic\plastic203.jpg,777d4e22a9174ad4988c425841699edac66165eb0f1027cadb26328f677ed61f,1
train,plastic,plastic248.jpg,data\raw\plastic\plastic248.jpg,5b801d74ea215a2da8893ad5359dff20ce6397f41c1b00726a357e935bb77d2a,1
train,plastic,plastic28.jpg,data\raw\plastic\plastic28.jpg,fe828481c8ff4561ba61690fb4dd6d9b9448a95814fc7099b3d50293a1933440,1
train,paper,paper11.jpg,data\raw\paper\paper11.jpg,9610c40fea5131a2b5ab4f7c50d61639b12e2e7a673fd277d3b54a9747720bf6,1
train,glass,glass392.jpg,data\raw\glass\glass392.jpg,de2d07ff3eddbbcff5c93df1fd4864e784c757d3be83fda4408626372576788d,1
train,paper,paper172.jpg,data\raw\paper\paper172.jpg,846cd3a2d5456ebcd00a66353cdd8f4bac1055eb0910a87a9e7b9493aa780492,1
train,glass,glass493.jpg,data\raw\glass\glass493.jpg,bd8509c9e7ae1f432907fc3c0912dc88136fc6918112e5d28802d43d06bd0fbb,1
train,paper,paper503.jpg,data\raw\paper\paper503.jpg,c180ebcfa2a33dc1be03fe5e76da08a57d11cbfe2f8b90849f6450c18d8e2e87,1
train,paper,paper153.jpg,data\raw\paper\paper153.jpg,0e358d72119e9683595d119f511d65212e0bff253196494c48d31a297cdf976f,1
train,glass,glass133.jpg,data\raw\glass\glass133.jpg,9bd5eb02f2f0b1d3c188621c7d32bb8d7b3924f408060c0f36cd6f92febc366b,1
train,paper,paper558.jpg,data\raw\paper\paper558.jpg,54528f7358c406bed4206f29b141f70a91ff74c1f21744d970ecf3dda1cf1dee,1
train,glass,glass80.jpg,data\raw\glass\glass80.jpg,3bb32682a12512d9910974e21afa5a7384d072c28a84fc026f3fcf8abcb474a0,1
train,plastic,plastic16.jpg,data\raw\plastic\plastic16.jpg,33c554d03819abd4f0f326cf8b07b00611ea4d2c92dbaa53e51718989e9a2166,1
train,glass,glass480.jpg,data\raw\glass\glass480.jpg,352c72230d19272f86d3c2b3a27fcb57f8e64ad24894dec8c6b584f151f6b995,1
train,cardboard,cardboard4.jpg,data\raw\cardboard\cardboard4.jpg,c383c12c7625ba8f8c90b16b346f8d250315b76554b7c6932e9db48cf162485a,1
train,paper,paper209.jpg,data\raw\paper\paper209.jpg,43dbb538bc61809e953ab1886bfeeae68a76ab2acfe6d1d01bf76768a0d334e2,1
train,glass,glass45.jpg,data\raw\glass\glass45.jpg,012aa0ac30af6c1f186d7b8b89350b17daa7cebe05722c4e8dd781b9f992e4e2,1
train,paper,paper533.jpg,data\raw\paper\paper533.jpg,2bfd415e787ffaa602c1eb66d53b7ccf998a1cb29516cbeafcb1c507d51298bd,1
train,glass,glass473.jpg,data\raw\glass\glass473.jpg,60f151c68c9520151afe4f0de9497931b2c55a7ed7f01779b8651e54a4cabb17,1
train,plastic,plastic327.jpg,data\raw\plastic\plastic327.jpg,0e9dc24bca2711e36948b1f1192007c7331f3502544d561d7e8123c05034e8b6,1
train,paper,paper333.jpg,data\raw\paper\paper333.jpg,dfeb4fdcdd947b93d4fe0dde400f131c6d1e0b53d4fc95777f925c3d421d2499,1
train,metal,metal389.jpg,data\raw\metal\metal389.jpg,33ed5bedbe97a9b8244afc1603b335cb88b397475eb0a064f542fd7d0a0193ec,1
train,paper,paper305.jpg,data\raw\paper\paper305.jpg,1708ae1e698d0accfc0f698a3859a0ea4ff6bbc0efa27db32c919eab93017177,1
train,plastic,plastic159.jpg,data\raw\plastic\plastic159.jpg,e1a19322d0a390190ad4308f5dd7f5926f8070376592d621d4104d16427f010e,1
train,metal,metal67.jpg,data\raw\metal\metal67.jpg,37dcdb6d7935644f3ddab0087fd7844392d4cab26670f36cbfc029204550c5a2,1
train,plastic,plastic457.jpg,data\raw\plastic\plastic457.jpg,51b55be03f382e445f0c8f3ea06136b3dcd569d08d46439aa4948f81907505bf,1
train,paper,paper239.jpg,data\raw\paper\paper239.jpg,1cd940e2f515d0ad6e37fdd86cac3fe27605f7b1ef4b5157aec2fa38f1d6ef41,1
train,glass,glass393.jpg,data\raw\glass\glass393.jpg,156c79b6c5a7219b4a066d9bbbdf53db03c73bc493d40bbe6aa4f036a01e8686,1
train,cardboard,cardboard263.jpg,data\raw\cardboard\cardboard263.jpg,da59749d8ac3a70598658f13558c4b632f968ac1a5fa4eac9af6d28278f33b18,1
train,paper,paper465.jpg,data\raw\paper\paper465.jpg,8c56a967409863f218b0f289b22a5accc91f99f4b21100cbdf01eaaca54c6a2b,1
train,cardboard,cardboard108.jpg,data\raw\cardboard\cardboard108.jpg,99bcaeaf983807a7517bd9c795c9176189806c05194163201cf64aace1531143,1
train,paper,paper257.jpg,data\raw\paper\paper257.jpg,a665df39b1e0ce2e3526531e26f9967a91ef4d98eff7058b8947b2c45d106b8d,1
train,metal,metal183.jpg,data\raw\metal\metal183.jpg,9813406c220078597003594411307c003455d981edb81aa299d5b993b268685e,1
train,metal,metal357.jpg,data\raw\metal\metal357.jpg,f37070e72870a22fe05acaf0aa1a073c9a7cc0ef05ef3e3bec6b15be7199c2f8,1
train,paper,paper226.jpg,data\raw\paper\paper226.jpg,ee07fc315592bd8a3ae9fd02da7604eb8e645b54baf155565be394454eac1997,1
train,cardboard,cardboard273.jpg,data\raw\cardboard\cardboard273.jpg,7ff7a2d63bd81ccb00072311bdae1811e05be2407165ab3dd57d81d41a28ccd4,1
train,plastic,plastic199.jpg,data\raw\plastic\plastic199.jpg,73ffbaac6d2f854aee7874a1b7bed2c11aaf7441464ec54f22ff01e84c07f2c1,1
train,glass,glass490.jpg,data\raw\glass\glass490.jpg,148241b10a89ba47d73e54e19de0bcd19e3504e70ee6504580fd431b164e14c9,1
train,trash,trash128.jpg,data\raw\trash\trash128.jpg,c1b0f328e062e40b9badc5c514e1c95d9442076944b3485971605af1f3503366,1
train,plastic,plastic266.jpg,data\raw\plastic\plastic266.jpg,c8def67db4e56d42dd7216fa2fa842fc2d5f23f424305d6c09bb69d6c777591c,1
train,plastic,plastic481.jpg,data\raw\plastic\plastic481.jpg,abbccf8c17594905bb7d3234f7e83b0df4783cfb97595da6c3cddbf0021ea646,1
train,plastic,plastic208.jpg,data\raw\plastic\plastic208.jpg,7066e4ba418dc5633759f9648810860845dc918332edcd49d0a505e434a6855d,1
train,cardboard,cardboard53.jpg,data\raw\cardboard\cardboard53.jpg,e4314cc06f459255f4caebd1561f10ebe55c92ca2b70ec05dce49f099990d6c0,1
train,paper,paper130.jpg,data\raw\paper\paper130.jpg,75773feaa96f67fa6fa6da14b3caef3311dc2786e50c6f69e0fe20e0927dc6de,1
train,cardboard,cardboard29.jpg,data\raw\cardboard\cardboard29.jpg,a90c9f2ee92075b333d024f9a63148b59fa4ea79c7bdfc4eb8e80c4bda89b9ad,1
train,glass,glass111.jpg,data\raw\glass\glass111.jpg,313cb0d4734ff40ab3077207506121db14b6227c944a80f39cc16ccc1bd0e8f0,1
train,plastic,plastic30.jpg,data\raw\plastic\plastic30.jpg,7e6eefeb3e84ec480aa1a40b923e48105fc5208e04423e47652b4a41b584dcf5,1
train,paper,paper183.jpg,data\raw\paper\paper183.jpg,0154670a99ea33a7df713e3c1d46b3ddbaae489fe243844947b242e395041fe8,1
train,plastic,plastic212.jpg,data\raw\plastic\plastic212.jpg,f1b4123293e14703463b22dd12f2ff8840ae59b2edccac42f02d8635cb5922fd,1
train,metal,metal53.jpg,data\raw\metal\metal53.jpg,d488a0d87996ab3c28b07d248c3b0b0b623d869e8a0b59a1272c8e2271f7f7e3,1
train,cardboard,cardboard375.jpg,data\raw\cardboard\cardboard375.jpg,9d5dbc110b3bc4ec6a14dc2ea591aeb9997d91df54c3e069ec665bd07694dc8b,1
train,plastic,plastic141.jpg,data\raw\plastic\plastic141.jpg,a4f6e17f8c565e8a319d01d67287cef90f4ff74b2c476f4492f52343e21d8137,1
train,glass,glass495.jpg,data\raw\glass\glass495.jpg,2e027e4b02ee2d3cb5a743bb61b874f762ee88302b9d3c02e45694a6e19d4181,1
train,paper,paper150.jpg,data\raw\paper\paper150.jpg,f2801bf9c145ae36c1753aee3929c2deb979275cf4ca2c24aa959bf1542c3cca,1
train,trash,trash44.jpg,data\raw\trash\trash44.jpg,9aceaf820bc9c4625d3929a0c3f6154639124448ec52385c14f0015a974a1fc1,1
train,trash,trash93.jpg,data\raw\trash\trash93.jpg,cbe9865b2976e5eb10bb4b3097c18348e592735135f9f0f20e34c9df5205c166,1
train,metal,metal387.jpg,data\raw\metal\metal387.jpg,4fb781fce54a6d4f689f6eba2cf41e42285e4963c76d25292bab5f3b066a3d01,1
train,plastic,plastic75.jpg,data\raw\plastic\plastic75.jpg,f3369337f73e10460c7ee4c117a44f64939e894a4cb820524971dd5c288f8e77,1
train,plastic,plastic354.jpg,data\raw\plastic\plastic354.jpg,82c007f3b58bb183d0cf048b00308c7e9dc0a0be49213ee7db178e541223beea,1
train,plastic,plastic450.jpg,data\raw\plastic\plastic450.jpg,dd4019a8f22ba1f519fe5a75936edb16ed8f9098f0274a67826face7129b59e5,1
train,paper,paper17.jpg,data\raw\paper\paper17.jpg,9199dfbfabac264bfd326826faf2fdae8c7128fd854465e4e539d7f8536ceb9e,1
train,trash,trash135.jpg,data\raw\trash\trash135.jpg,0767882db2a9d02d83b5f92304f0addbb87928bf1c658f7bcdaf10dfce37f5a8,1
train,paper,paper520.jpg,data\raw\paper\paper520.jpg,5157000af5c64bb66548a4d63bfc8c14ff05f28550822676c0c4eb729dbf338e,1
train,cardboard,cardboard102.jpg,data\raw\cardboard\cardboard102.jpg,5a88bce0103f59145f02b7fc0f50aa6dc3fbf29a1ffcaeeea0ea6661a58e0278,1
train,glass,glass146.jpg,data\raw\glass\glass146.jpg,203050f1489b3941b808b018c627288e73a65871120a60dc172aa2846a83f4b5,1
train,paper,paper217.jpg,data\raw\paper\paper217.jpg,6aaeb6a4d2cde578780778e601db7672976b48e31ba0de80fc927ca20ab5184d,1
train,glass,glass467.jpg,data\raw\glass\glass467.jpg,d8533c1dd6d3f32099db8e6e571d290a3c66a1af4d5bbbf5682f4bfb2bdbe6bb,1
train,cardboard,cardboard120.jpg,data\raw\cardboard\cardboard120.jpg,ad5db05d8cd20a051b84b0354659e462dfd9709febbc88c9d2d1acac5ff7b3f6,1
train,paper,paper258.jpg,data\raw\paper\paper258.jpg,d5089d5391b1c8c5223c84d74f3cd937c89f32967ff3086f8db6e80180144502,1
train,cardboard,cardboard199.jpg,data\raw\cardboard\cardboard199.jpg,4803d51b94b42b9e3357e9c1b72f656f622d389743422215b63feb0eaad16d6d,1
train,paper,paper34.jpg,data\raw\paper\paper34.jpg,615fe6981d40160c846e2a35f30cfe7d4f499e1a39c065a449ab92b8c1afa21d,1
train,metal,metal37.jpg,data\raw\metal\metal37.jpg,ff96d022756043a5d1242f7b69f67e49ede5a5711ad5b2526f5015662a0fb007,1
train,metal,metal18.jpg,data\raw\metal\metal18.jpg,397b8780b62f129acddb0758d07f8570542427e97750f11f0bac39c8908ca55d,1
train,cardboard,cardboard109.jpg,data\raw\cardboard\cardboard109.jpg,5c0111570535a620d024fe6acb97e12e6d82834c44076447ad50bb9e0ea31835,1
train,plastic,plastic52.jpg,data\raw\plastic\plastic52.jpg,bb53a10a93857884e8b6edcdd9d1e74976779ef35d9ac74c0b9983c7121af9dc,1
train,glass,glass388.jpg,data\raw\glass\glass388.jpg,d6d9f191f330bb9f9268e70e835f5a24ad80cd19157d0b29c218b218cc765826,1
train,plastic,plastic326.jpg,data\raw\plastic\plastic326.jpg,8674e04ee46792c5cc1c5148b070495a749f189d0495f18d9f8b29df428decdc,1
train,trash,trash20.jpg,data\raw\trash\trash20.jpg,a60a157fdc49ae3482faa573b4cff95998531f5242319d449f868e375a74258f,1
train,paper,paper461.jpg,data\raw\paper\paper461.jpg,75f0bbfa2b658d55e3feff9cf2c8122dd467b05ebb99491ba833088e5bad5d4d,1
train,cardboard,cardboard187.jpg,data\raw\cardboard\cardboard187.jpg,2d92e10fe0efb5cb4b68e2ddb150cd7ff5e21ef770972c71d6b8432823447e05,1
train,paper,paper322.jpg,data\raw\paper\paper322.jpg,2957de05a0ebc4770b9dd721f852e600073330914fa756728629a308d15b9f2c,1
train,metal,metal95.jpg,data\raw\metal\metal95.jpg,40e84ceaacd80fb905fdea88465d9bc8eadf725531d479aa614b5279f0f3c0df,1
train,paper,paper269.jpg,data\raw\paper\paper269.jpg,d2bc44636b344f57a36a41d2c167c85dde8186ab8e1671a78f67fe4427efdd96,1
train,plastic,plastic68.jpg,data\raw\plastic\plastic68.jpg,0a5f58a0cf30bc2e81f6b5b9305db468ff5ab6feb7537a6877bc5a5e9d4f28a2,1
train,plastic,plastic446.jpg,data\raw\plastic\plastic446.jpg,c09b1e4917f0c62337dcdb3172cd2ccecd640800c85aaf8ae859033bcba3a31d,1
train,paper,paper402.jpg,data\raw\paper\paper402.jpg,780778c2a59f32b3aa494988b04b726380a46461686e1e583f20691849ef3c9c,1
train,cardboard,cardboard212.jpg,data\raw\cardboard\cardboard212.jpg,d5faa87e6021912bc14add04f04c9cf6548dc920a750e47680696d8db6de25ed,1
train,cardboard,cardboard85.jpg,data\raw\cardboard\cardboard85.jpg,c7497d10f2fb86d28e0cebbcecf9e8d8a971b5f932a8f9dff8b4f484962dbf4d,1
train,plastic,plastic268.jpg,data\raw\plastic\plastic268.jpg,2f032358d0a9c0f9eb1782f04438907900eff8595cd6d90827a524f2be451170,1
train,metal,metal216.jpg,data\raw\metal\metal216.jpg,9a00f9043f6bad61a2fa920d71e28a974844e1b93d6ba3671a25d1dfcc33d0d5,1
train,plastic,plastic444.jpg,data\raw\plastic\plastic444.jpg,eb26ee5deabe9abda304cb63b1f25fbe02e80216df1101eba6745cd1a68b5898,1
train,metal,metal42.jpg,data\raw\metal\metal42.jpg,1fe2f89d48cc09373cdd7899c07c090ffec93bab339d660066c9fe4d1c430667,1
train,glass,glass154.jpg,data\raw\glass\glass154.jpg,7b0b2410231626f2ae574750c944ac9770caa8c3492a4ea50fcf7571762686a9,1
train,cardboard,cardboard336.jpg,data\raw\cardboard\cardboard336.jpg,ba24f78e408489720c9f0410d406ab49fe66379e6c4a09b7a554266db50b632a,1
train,paper,paper106.jpg,data\raw\paper\paper106.jpg,3a43c3ca2559710cb8710467f46af86d480a6afcfa7064c1b66231cf21331d11,1
train,paper,paper270.jpg,data\raw\paper\paper270.jpg,b3a509ba195dbcd85c4dc712ecca234a565b43e234b7690838f93db523016dea,1
train,paper,paper460.jpg,data\raw\paper\paper460.jpg,5b3b58c9692113054240a12af277b88b8ad61b2ecc2fc1a948a11ce47eb7eb77,1
train,glass,glass255.jpg,data\raw\glass\glass255.jpg,c9be8cce671a82570080d018e80c24256f35b04ddc3d0a2b58adf59f4de1cd78,1
train,plastic,plastic112.jpg,data\raw\plastic\plastic112.jpg,cddcdc2acedaa90d51f298ac2f6ab32a219eb318332763003502476e3dc55fd0,1
train,metal,metal258.jpg,data\raw\metal\metal258.jpg,408da93fefe2c7c939e13aabdde2c8ede85690177d8377a244d0794ec38466a3,1
train,cardboard,cardboard55.jpg,data\raw\cardboard\cardboard55.jpg,8bd1aabedd29051527b25eaa4f3163b6c4b06af66d14da23412a8916f6c28591,1
train,metal,metal243.jpg,data\raw\metal\metal243.jpg,b9f648ddde3596f81747fd274d0902ea29fdd1d0f7846031972bc7ed45e4d5af,1
train,plastic,plastic435.jpg,data\raw\plastic\plastic435.jpg,edbe3956999482b4ab2ebe1a75e0fff214cf86c7d96c205c95286fd3551c30f7,1
train,glass,glass123.jpg,data\raw\glass\glass123.jpg,351ab211091b0b9550ef3ab53ea11bc68e38b1117f4da3c60cfe68806905ea56,1
train,metal,metal319.jpg,data\raw\metal\metal319.jpg,b3c7a9f37fe4da737d9194e3199eb310fdb025b100977d0013934c873f1b69a2,1
train,cardboard,cardboard236.jpg,data\raw\cardboard\cardboard236.jpg,acb9a6c78aa943b8a65dbdd1a86494a863639240370bdf43450bf9de07ee6624,1
train,plastic,plastic441.jpg,data\raw\plastic\plastic441.jpg,5e622980e96ce47efffcf38ee8bffde7c22704c7d57e29daeb4b3c46b9367800,1
train,cardboard,cardboard211.jpg,data\raw\cardboard\cardboard211.jpg,9aa6cf0e9a86de7a3ce785cda8dcedf23539392a690e37d504afd0504596bf95,1
train,glass,glass290.jpg,data\raw\glass\glass290.jpg,7d3d2d3c8c53a451bb5916a58a4942c0a008075e0d13ee9da54e362aa8b78598,1
train,paper,paper288.jpg,data\raw\paper\paper288.jpg,a0428f646ccc0fc0a6d28482a116c670220944065a5972032e57174e6e8e0afd,1
train,paper,paper352.jpg,data\raw\paper\paper352.jpg,645be3c6a79690af201e2d7a959038834d807fc7c69fd129aeee36093c799be3,1
train,paper,paper311.jpg,data\raw\paper\paper311.jpg,e2579b837bd6b550f3a2dbad88977751795167a35b7b88abef6bf470e8f0d1dc,1
train,metal,metal396.jpg,data\raw\metal\metal396.jpg,c2fb5a8f94b270549083ef270e1b9f3b6570937db840b6ac4c31a633a8eb2d96,1
train,plastic,plastic15.jpg,data\raw\plastic\plastic15.jpg,5dac04cf4d4fcc77d7469a3985b587f325f785523b31e6c8d504f4d7c7f4ed75,1
train,metal,metal208.jpg,data\raw\metal\metal208.jpg,475900e7a90168e37fbaed9e9dde92cfde87db6e4578957f5d12e7ffd27c17dd,1
train,cardboard,cardboard220.jpg,data\raw\cardboard\cardboard220.jpg,f7f3094a1df464b9ebad857980abc2556b755436a2da36380688e88b6e693689,1
train,glass,glass304.jpg,data\raw\glass\glass304.jpg,3662f40f19482d7d470ccf97b095297251d584e6d395fcbef4822c63e58ebf93,1
train,paper,paper234.jpg,data\raw\paper\paper234.jpg,bf02296c63a503e58af7017f567fa6d49e9575a707baef0c306d02eb32723b40,1
train,cardboard,cardboard12.jpg,data\raw\cardboard\cardboard12.jpg,25d47a740100c9ffbc37f5efe9f49113f9edc75208fdeed383b3ee88f1de2167,1
train,paper,paper237.jpg,data\raw\paper\paper237.jpg,6fbcc512074383d701ee0d046a7e2e93e29c29ff70e7da069c375e65844d1111,1
train,paper,paper198.jpg,data\raw\paper\paper198.jpg,ac28c3d7ef747cb7f08388de9a74ca711f53b2cf7d2ba9348e7775a16734bdb3,1
train,plastic,plastic311.jpg,data\raw\plastic\plastic311.jpg,209d2d10773d74e2c829d4bac3b4e3d592c486baf852f332b8435fb9fd6f7987,1
train,glass,glass254.jpg,data\raw\glass\glass254.jpg,49b80c75f7eef7b103083f8e1d61055a6aca02c33100c13ca19c752d9cd81c73,1
train,glass,glass56.jpg,data\raw\glass\glass56.jpg,77ff31bead46e3427ce626246877bbd3a6757019e3db8929d85e18abd4c99782,1
train,glass,glass408.jpg,data\raw\glass\glass408.jpg,74ad083be8b07bd0445c7571e36344b5d9f1e67747f94a91fb68ed8024ce5916,1
train,plastic,plastic388.jpg,data\raw\plastic\plastic388.jpg,3cea91cd461f29869fb632d8e6e4ee625dcc6dcdaf4d2a3e5c457c70a0ed7bd9,1
train,plastic,plastic303.jpg,data\raw\plastic\plastic303.jpg,6976efbcb5d0632db03aa712d98a08180bfa2991f7648ec200eea0d9d683aa44,1
train,plastic,plastic477.jpg,data\raw\plastic\plastic477.jpg,b3c8c568c58070c6a3f7a5d14bf153086c2982c1f35528cb90d7f64ddd33a852,1
train,trash,trash11.jpg,data\raw\trash\trash11.jpg,3bde5980ea8d4947ec29e8efee5d361c353064c2f18aa27a86597f06ec5b7c2c,1
train,glass,glass278.jpg,data\raw\glass\glass278.jpg,14ad5395a54cf1a0376e7bcc8d40f6abc6066e921606226597b6139ca5664793,1
train,cardboard,cardboard382.jpg,data\raw\cardboard\cardboard382.jpg,d4bcbe962c81694fe3862ea7c6fa72c0d7ad175d17e8e4b10349144267496068,1
train,glass,glass41.jpg,data\raw\glass\glass41.jpg,56547e1418465473898c49ad3eb5a5228901bebbea4bd9db02b7129bea65d3b2,1
train,metal,metal14.jpg,data\raw\metal\metal14.jpg,9fac16ae09af013cdd4273f8b81b811ccaffe3b1f064482e6001c366a757fe08,1
train,glass,glass459.jpg,data\raw\glass\glass459.jpg,b31787474106c9702de3481c327a41adbddb65e0e7f1db2fcb62abb12b37075b,1
train,plastic,plastic192.jpg,data\raw\plastic\plastic192.jpg,24470846efab9351855d86998eaa42f45963d6189bd138754a49a6bbc869bf71,1
train,paper,paper65.jpg,data\raw\paper\paper65.jpg,aad615f569f964529ee967722731f5323ae02f10f7cd21ce1214b4e7fd87152f,1
train,plastic,plastic480.jpg,data\raw\plastic\plastic480.jpg,817235dd5f4c5ee053684622951ea0f221763095e458f28a5b2727801389a278,1
train,metal,metal155.jpg,data\raw\metal\metal155.jpg,23bd72dbde307e0c02e8563657075a93647072a7e69efce85d20de58f9461a91,1
train,glass,glass13.jpg,data\raw\glass\glass13.jpg,766244c3fe106d582e31f8ab9a38ed37b7c41248b4bc8963a06185c4a4dffe8e,1
train,cardboard,cardboard202.jpg,data\raw\cardboard\cardboard202.jpg,a6d3fd0f1fe12e064594e598ea1ebf4bf2357d3aeb657aff74302b129f003664,1
train,glass,glass379.jpg,data\raw\glass\glass379.jpg,93cd4b08545039186e95e8785c324e5b62f2d3a14d5139113e59e7d7ba04e549,1
train,paper,paper83.jpg,data\raw\paper\paper83.jpg,b802c684c77ebc0def38d2769145e5f9baaf1e14a97b6b52af9e31f4615dfdaa,1
train,plastic,plastic13.jpg,data\raw\plastic\plastic13.jpg,27c2ea40bb631374f93d50e184e9cd31cfc4f211a471f7dc6e8b2a209856798c,1
train,paper,paper178.jpg,data\raw\paper\paper178.jpg,f31f9d54feea5fb92a669b87655f52f5575c0b4d4a6eb471e66bd7ac3c220cd8,1
train,glass,glass156.jpg,data\raw\glass\glass156.jpg,663993b05999fd215301af80d27832c79c1798971a7ef073f57ecb579ff5453b,1
train,glass,glass476.jpg,data\raw\glass\glass476.jpg,ecb3ac2213e6b10534fe89f3cd75008ed416791a4f3a901eca2b3717749f2f7a,1
train,metal,metal97.jpg,data\raw\metal\metal97.jpg,0d0b1ce11bfc48bc657944a59ac091295f76850647837293666d1413525bb999,1
train,paper,paper98.jpg,data\raw\paper\paper98.jpg,1e8d901da0c91216f96152b1e168b8809760b403c707342c8d79b33c309ea7fd,1
train,trash,trash30.jpg,data\raw\trash\trash30.jpg,2c901b1adab005e369501f859ef06678dcbc7b83d775188e41ab1ce54ba3c963,1
train,paper,paper89.jpg,data\raw\paper\paper89.jpg,04ae1ef1fa24fe00ce75eb46612e3858b38992218613a17e1fdb42072ffd227d,1
train,cardboard,cardboard394.jpg,data\raw\cardboard\cardboard394.jpg,7967131a88d275148711ed1bd7f6940ce41e7af6aa57a50f43e91c8e430be3cc,1
train,plastic,plastic473.jpg,data\raw\plastic\plastic473.jpg,55210883fc994028c402fe62582610b48f99f8a1ef4929677eb2e9ef46db8cbf,1
train,cardboard,cardboard337.jpg,data\raw\cardboard\cardboard337.jpg,fc9b771a9b4ae60823fde39497a4facd82926d13b51c0c851aeb6bd26bec2f14,1
train,plastic,plastic88.jpg,data\raw\plastic\plastic88.jpg,d330491aa03dbaa550fb4729c87c3a82082785918068e2de501c0ff2b30f1e25,1
train,paper,paper510.jpg,data\raw\paper\paper510.jpg,a5225d6c8997c630596ddd25720da37a47c61b991327a67707b99db4273b8651,1
train,plastic,plastic218.jpg,data\raw\plastic\plastic218.jpg,5bc9740ac63be97443d0facd37c49bb8909b5104b47ca6c4390745feb264d7f3,1
train,glass,glass460.jpg,data\raw\glass\glass460.jpg,2d7b7fde2787693571743a9819c05c7e203ad1e5b1a56a91e5f958b7e8be4c53,1
train,glass,glass188.jpg,data\raw\glass\glass188.jpg,4064fb3f30d5fc4ab56449d58f0981239b0cc67ee5d5c267726b8ab9ad4cc6d3,1
train,metal,metal237.jpg,data\raw\metal\metal237.jpg,8dd6f0654f96f64f90e22f54e3b1587814cb3eab5aa650debde6060e1838ac02,1
train,cardboard,cardboard364.jpg,data\raw\cardboard\cardboard364.jpg,306d6a0f7fc048387a150f63699c79151d09dcc267e801840df7694720fc5c05,1
train,plastic,plastic221.jpg,data\raw\plastic\plastic221.jpg,9c49ed51f926d46ed4328411d99cbee9440a16f34314fd834dbd41439573852b,1
train,paper,paper375.jpg,data\raw\paper\paper375.jpg,d5b57b5ebb185828d39e7fcbb374c6281861aceff9dadb592d6f6ec3d770382d,1
train,cardboard,cardboard32.jpg,data\raw\cardboard\cardboard32.jpg,72af894b22fdee442ea31c705eaf6b4f1e65d0f692c5c65379d1cfd2fe4db21e,1
train,trash,trash26.jpg,data\raw\trash\trash26.jpg,b1ab248e722a5e0b68f6a8540ae046e97bc352ae1ab89fd2d46f4d38c5a69b7f,1
train,plastic,plastic469.jpg,data\raw\plastic\plastic469.jpg,76fc3fd75a739f4549b06baa1a6ca5785eada05568768d051d5683a1e73c3cfb,1
train,paper,paper283.jpg,data\raw\paper\paper283.jpg,cc0b219c5a7c300b9802a9c81ee8180621d3c667540de93dbcf9e04d00787ec1,1
train,paper,paper431.jpg,data\raw\paper\paper431.jpg,766054e0b1acb3deced926109425a7e60b5c158f0cd81f738d18e2f586f66b73,1
train,glass,glass342.jpg,data\raw\glass\glass342.jpg,b3f0068e9b748fe0675042fade8db77ca0700a205aee04f098db00de39d2163d,1
train,paper,paper340.jpg,data\raw\paper\paper340.jpg,b884b537d0f75a85ba5115850a2170955e5ed08229a23430a1df2edc0793f172,1
train,cardboard,cardboard353.jpg,data\raw\cardboard\cardboard353.jpg,9bb88f6c16fd5944403a0e9da568e1908301422d5908b2b4af99cf50db12c504,1
train,glass,glass317.jpg,data\raw\glass\glass317.jpg,0910bb42fa87c679c2b84ba4a93ab425acb4e2f7d2d89351b3feebb17d464507,1
train,plastic,plastic166.jpg,data\raw\plastic\plastic166.jpg,4153554f90520551ad05959e1e6631483d5f34669e59412d33e8ccac10ff7879,1
train,glass,glass216.jpg,data\raw\glass\glass216.jpg,279c81c430424acbf50186b7a25ba91c978a86a1d0e8bff699119b93f5fcc961,1
train,trash,trash45.jpg,data\raw\trash\trash45.jpg,ceced433730ac4cc276e4aec8e43db995c6722c199e7cafd4b02390c3251953f,1
train,cardboard,cardboard326.jpg,data\raw\cardboard\cardboard326.jpg,546a15ddf1837d41e0d1662b3b6831c3a1854832af0551de3680867c11ed339c,1
train,cardboard,cardboard163.jpg,data\raw\cardboard\cardboard163.jpg,458ac3217efd4424d16c41de6cbc367124594a43c8c8d988f733b007c31a4455,1
train,metal,metal316.jpg,data\raw\metal\metal316.jpg,bb7cd5061a07f8459c0ffb10a48ad1c5967755fa9d6faca97337940799c0c3ba,1
train,glass,glass60.jpg,data\raw\glass\glass60.jpg,35a60a89ff0913df2c0c068470fd9ea069abe2c383a2464ec2af765b52b1d282,1
train,metal,metal301.jpg,data\raw\metal\metal301.jpg,f7a7ae920ba3ff0d9994ac21f0b9c13b85ba5b000e1d7b43b6576b22df282215,1
train,plastic,plastic59.jpg,data\raw\plastic\plastic59.jpg,ed2c9543b506a7119be6552ea9c24865d52180d43cd86169e7d895464d846563,1
train,plastic,plastic210.jpg,data\raw\plastic\plastic210.jpg,566cd36e559ec9463bc6baf55745354735df28e16b31bf95fe57ece0f0110977,1
train,paper,paper173.jpg,data\raw\paper\paper173.jpg,0ffc10afaa6661b7ce9373bcdf1a1ec0de0f5415f6da4e441ff4f15dbd9e9429,1
train,plastic,plastic17.jpg,data\raw\plastic\plastic17.jpg,fd9a37742993b172a194cd520203a6e684db8872facad1f8780da5f763b3ece3,1
train,paper,paper276.jpg,data\raw\paper\paper276.jpg,77ecad1966aeac9e5a879c297c801f3dca8ddcf7fe8db85365b2d7c20c7cf034,1
train,plastic,plastic10.jpg,data\raw\plastic\plastic10.jpg,506370e2423c2b1f319eab858cabb55417b813900286171480c871d619dbd25b,1
train,plastic,plastic193.jpg,data\raw\plastic\plastic193.jpg,776539e44e0e0a70b9691a97fc5803048d4e6435f2ac37c6f94054c89f65f177,1
train,cardboard,cardboard232.jpg,data\raw\cardboard\cardboard232.jpg,bd6b74c2562bfdb1c0d707616ab1b59da7c6931c78279ed99e19a97126667cbb,1
train,metal,metal9.jpg,data\raw\metal\metal9.jpg,c80ce69fe45c0b22fcec94bb8a9e235f7b1eeb06e9f74c44a5016c6798d9a8c0,1
train,paper,paper430.jpg,data\raw\paper\paper430.jpg,79896519040b595512846383486889bd27125faa45c43debebb385170ebebc26,1
train,glass,glass87.jpg,data\raw\glass\glass87.jpg,d117e7901d180b39bb9e23bcbdc3202f77b87de6d5ef089f6e50da189a4875b6,1
train,glass,glass74.jpg,data\raw\glass\glass74.jpg,1a7e9b0947a8a7cd79f069d5d5ebd42c6978f759f5069cdb975b5e94f55f519a,1
train,paper,paper495.jpg,data\raw\paper\paper495.jpg,00c4d3ae3fb39a268af2e2ab7d567d64a6275a88ea04ea6e34e727570a3c541d,1
train,paper,paper356.jpg,data\raw\paper\paper356.jpg,9365a055f79a8a5645a9f8cffce3d3f509f46f0c232d8c9d5aa829adf10a5664,1
train,paper,paper213.jpg,data\raw\paper\paper213.jpg,32036f52a8b6d1cbd055a120bc234bbdfdf72eec4a51128ec344f11f3dfe5dd2,1
train,trash,trash102.jpg,data\raw\trash\trash102.jpg,75e9ab1d65d23b663acbf0d6bc0d9381d5b2b93654209674aced879fd6c5ebda,1
train,paper,paper528.jpg,data\raw\paper\paper528.jpg,cc1e46f9638b8c20b0f3ee2bf690f22608e8130315463e8bc20e4fcfe26f8edb,1
train,paper,paper45.jpg,data\raw\paper\paper45.jpg,bcf1cacce0917d97dc1c9d9e722dd6f02ef134da850e304561f843ac7f20b510,1
train,paper,paper419.jpg,data\raw\paper\paper419.jpg,e02bcfd57fe1ae52f886e81139c0bbdf5c14261616683e36aa601a8a204cc9bb,1
train,paper,paper249.jpg,data\raw\paper\paper249.jpg,f57eb21a0cf7ebb2e8bca63b34cafcd36784a88db211b4667fa3d2185cac54a1,1
train,metal,metal219.jpg,data\raw\metal\metal219.jpg,f49811a508458d2c9c3b71c8c0e042f05c4e297818177d01322b01723d608701,1
train,paper,paper9.jpg,data\raw\paper\paper9.jpg,9343acf12f8934a4dd9f57cd8b88df51e6193db607c109fe55776aad66b19941,1
train,cardboard,cardboard325.jpg,data\raw\cardboard\cardboard325.jpg,ffbdf7c4ccb857bc8eb6f1626a8c761b47d3471caea41f73f95637a6a1173685,1
train,paper,paper574.jpg,data\raw\paper\paper574.jpg,673bd5ccbbd97db5dcbb761aa782d16c856dc89888d8ac58974459306ff421e4,1
train,paper,paper386.jpg,data\raw\paper\paper386.jpg,5a4eb22235a4eeed0170455067d4ce246adfac26a87679053bfc58f5f598e414,1
train,cardboard,cardboard304.jpg,data\raw\cardboard\cardboard304.jpg,ad9125050e6d448ce7acc3db28b7a0ff3b8c05438276d1752608fe83e09e174e,1
train,glass,glass259.jpg,data\raw\glass\glass259.jpg,9a0f65e4e801f9bd63b366b0c03a91e9dc703ce44113ccbd88962cf50f14ad0c,1
train,plastic,plastic123.jpg,data\raw\plastic\plastic123.jpg,e2ed78bab86b4353434bb3b05e496ed7770ef709daf1ca13cfd0e7740a000b99,1
train,plastic,plastic44.jpg,data\raw\plastic\plastic44.jpg,1a04ee128c41326e7c3a9dc1e10503a50bcfc852f7e40cf91a7079c0aac1c8d3,1
train,cardboard,cardboard358.jpg,data\raw\cardboard\cardboard358.jpg,382b0693c5d560a52b8632547013392b9dcc18cdf0b84c9fe7035073497b854c,1
train,glass,glass369.jpg,data\raw\glass\glass369.jpg,d7e92c0bf35bbd89e620301bbb9418c4dd402514da897fe341f523b8ca82e5c5,1
train,cardboard,cardboard338.jpg,data\raw\cardboard\cardboard338.jpg,8170427a6cfad81f832c9492b919dbc4400c808fbd5d077a00ff40dffedf2d87,1
train,cardboard,cardboard329.jpg,data\raw\cardboard\cardboard329.jpg,c292c1019120f623c4045a6db9d9e29b44e694a477f9c6589bf000a3d1ec7446,1
train,trash,trash100.jpg,data\raw\trash\trash100.jpg,f91ca04ef9a09a1bc8b5f17a458c78c3bb8eeec68868c9c4cbea154666bb356b,1
train,plastic,plastic74.jpg,data\raw\plastic\plastic74.jpg,39f4528b48c35e138c9dc35a57987bb7c63084c759498487440c0ae1a7868549,1
train,plastic,plastic368.jpg,data\raw\plastic\plastic368.jpg,a548ff8e8a9b11e8751947c4507560c1722bddc86731b8e3bd05ddeb12fe4ad3,1
train,plastic,plastic131.jpg,data\raw\plastic\plastic131.jpg,9e65c52e21e2ab0d53c5d02032a6b8c7d2bc1176a92727850e56ac55ad8048e6,1
train,plastic,plastic482.jpg,data\raw\plastic\plastic482.jpg,d7c14e5747561134b2a4a1ffcb404f87eba78be9d0866c183962bd6fa48f0373,1
train,glass,glass183.jpg,data\raw\glass\glass183.jpg,b595cad8529817e670420280fbb0bd4a6717c521310b91424a3ec56cf8b9937b,1
train,trash,trash2.jpg,data\raw\trash\trash2.jpg,00d96cc08c730da1d1bd47cc303191dfe354f6fbc2d026e78634e3a7705ead70,1
train,cardboard,cardboard162.jpg,data\raw\cardboard\cardboard162.jpg,d89184da82f070e7b41f440bf1998dcd79cf20f27de0fd5f48f92d89d71de15d,1
train,metal,metal290.jpg,data\raw\metal\metal290.jpg,c9127729efcf4d2d426edf5dd69e01f40b204c82914ea03e2e8bb888bb49de95,1
train,plastic,plastic83.jpg,data\raw\plastic\plastic83.jpg,87635df246f224b72acac9ec299736d164f175a0e9bbe569a0991ddf7a638e6c,1
train,metal,metal257.jpg,data\raw\metal\metal257.jpg,0647d5376a54912ffb1ad2a53a18139a3d78d5901f34f9e372dab207f6dc7c3c,1
train,plastic,plastic24.jpg,data\raw\plastic\plastic24.jpg,0bf1327c0f1a2d08994b88c56e332f4f36c3b8dac07c59c8965e85c7e9741a30,1
train,metal,metal80.jpg,data\raw\metal\metal80.jpg,8ed72e0c27c92095fc99d0af7c7a32f5378138f2031df9aa11ba9ea843c1b8b5,1
train,cardboard,cardboard306.jpg,data\raw\cardboard\cardboard306.jpg,216d0a8818c95e559ded0f4671401ff7923b6c3141dea7497e5022e65bed4260,1
train,cardboard,cardboard378.jpg,data\raw\cardboard\cardboard378.jpg,9ffa79ab146150ebf71455264c24b666a5d524301d55a2cba766d2fa71b8c476,1
train,metal,metal139.jpg,data\raw\metal\metal139.jpg,e69ce4a19ea7ad865800d6ba1dc67e51c19ad3f3116fb5d7f7734ef427dffb4c,1
train,paper,paper176.jpg,data\raw\paper\paper176.jpg,7f157f485edbf1be1a757ba1f22cfb5cfa0b4613efd2bdc9576578161379c10c,1
train,glass,glass174.jpg,data\raw\glass\glass174.jpg,01ab3f001cc739fff5eeb801be46140c80d43a4577384ff20a1acef9f446cf84,1
train,trash,trash110.jpg,data\raw\trash\trash110.jpg,87647d44e4efcae1c53244502fe889c68fc6b1247e878b818e45a6dcd0dc2ab7,1
train,paper,paper529.jpg,data\raw\paper\paper529.jpg,41db990d64d3070a7d5657566a307c6dfe30efc37ef87762e34882bffbacb011,1
train,cardboard,cardboard95.jpg,data\raw\cardboard\cardboard95.jpg,9a52a19f10f0188a54c09716c926c29bed255f32c18d068b47795b442a1336de,1
train,cardboard,cardboard207.jpg,data\raw\cardboard\cardboard207.jpg,0d19e7e6ef97e06bae787b9283eaa8f08df88b9b653e5be0e9ff75720d0239fb,1
train,cardboard,cardboard13.jpg,data\raw\cardboard\cardboard13.jpg,e006fa15195442ce465a792c52f129b123da255ee3ce2ecf68ad688e531be659,1
train,cardboard,cardboard300.jpg,data\raw\cardboard\cardboard300.jpg,d36c3441712e40f3f10a6b07aa076ffb9439d9872183f6bbfa6d0d7b8909a568,1
train,cardboard,cardboard97.jpg,data\raw\cardboard\cardboard97.jpg,e2bc1139aa20c14f63efd11f3afca2a59c25da2f1944bc166d5d4b045c20f024,1
train,plastic,plastic319.jpg,data\raw\plastic\plastic319.jpg,bf75d7442a831a48b49342223e304c1507ee3108262b23ad8acff182ca040d28,1
train,paper,paper167.jpg,data\raw\paper\paper167.jpg,b2892e9d84b2d5a721a98afc2276a839c4dfd414a721d2da004032e2023faf4b,1
train,paper,paper469.jpg,data\raw\paper\paper469.jpg,8edeffd3d9dc0aefbb6d0669237476864f1abeb0b82aefa5c55d23a52fddc8e3,1
train,paper,paper62.jpg,data\raw\paper\paper62.jpg,d1617cc3a51acea892e1cfb461502ff7b02be2e2da0ae766c5e8beab3f3c741e,1
train,plastic,plastic333.jpg,data\raw\plastic\plastic333.jpg,98b134058e7bb87f09fdfdee20471a8c528ce0c41c0aa32f0f71f38c327112ae,1
train,glass,glass46.jpg,data\raw\glass\glass46.jpg,8556eba3b30b29ec996ae28a8deddfaa0574546af8df61a71186b029773a8e07,1
train,glass,glass11.jpg,data\raw\glass\glass11.jpg,bcc8b093750f59fd31b01aba7e8ae73c31ac3d0e464fe452fb1b85f1d755ff90,1
train,metal,metal375.jpg,data\raw\metal\metal375.jpg,c1c1a94ce0b21b7666e7f3f5592151243a7a2e16f73d3869cad9b04a5fcfe14a,1
train,glass,glass137.jpg,data\raw\glass\glass137.jpg,e98f11861ca7b48fdca76cfa791301914e8c25236d20568089e841a2d0144de5,1
train,plastic,plastic341.jpg,data\raw\plastic\plastic341.jpg,ac16c747706a759a7010c88466769ecd70a9d0348f6e80e68d58b567e4fdf1c6,1
train,metal,metal146.jpg,data\raw\metal\metal146.jpg,2f48e712ac253a576e000248b523c970264a95e572c23e9ccb57404c15a16857,1
train,glass,glass148.jpg,data\raw\glass\glass148.jpg,f017c4b8a62097611ce69d393a72b0abca2426d4c3b6d6d65ddb6bd73ee19c38,1
train,cardboard,cardboard252.jpg,data\raw\cardboard\cardboard252.jpg,ead1cfb68da63ff271df2470e15394502bcbf1b65b13f55ea66447077895bd4a,1
train,plastic,plastic228.jpg,data\raw\plastic\plastic228.jpg,f229d34c2e2e38f70374aa21c05e1eb6827848b4530c8dbc109bf3310da79e79,1
train,trash,trash13.jpg,data\raw\trash\trash13.jpg,adfba9de5e4ecbb51152f547d344d17c84be35ae1d2d215d6e41ccd9151ba88c,1
train,plastic,plastic280.jpg,data\raw\plastic\plastic280.jpg,2ce4e21a095a78498b34cd16bb87fb9359e6961873eed50e2c402de2ede77d18,1
train,paper,paper23.jpg,data\raw\paper\paper23.jpg,e11d4bafea4d2e61834ae4ef63eedc61e6296bb8713ab90957359021551b81c4,1
train,plastic,plastic437.jpg,data\raw\plastic\plastic437.jpg,dc77cc81de1f518e90b34190ca84aba0c5b91bf020316c34b95fcae257d9c13c,1
train,plastic,plastic408.jpg,data\raw\plastic\plastic408.jpg,d6e431fd641f389899dba14f30f9d6191908264c7cef4a80567b67c97a9b21f7,1
train,paper,paper280.jpg,data\raw\paper\paper280.jpg,45f205eb9498434c6a82f8deb9a4ec3a8650783062f4370e5936d021e6987b89,1
train,plastic,plastic176.jpg,data\raw\plastic\plastic176.jpg,72abdcf185dc7df2d4679d0449f54656b550e7e80088ec8bbe94598f51638fd9,1
train,metal,metal161.jpg,data\raw\metal\metal161.jpg,a35b3d08ada679342504b59e4fd634e0d5c556e84b4688149dd39f4a8acf3162,1
train,paper,paper545.jpg,data\raw\paper\paper545.jpg,84f3c2cda395f5ceb202f4289bc1aad7354db5351d3a136d1afcb50aa4f403a7,1
train,plastic,plastic213.jpg,data\raw\plastic\plastic213.jpg,734c7013e660553d0be8bdd872b13ab814919dec7794011be9139f5fdf124f29,1
train,glass,glass214.jpg,data\raw\glass\glass214.jpg,e22a33717a93b4b8b5fb92f875998dd703c19f7903baead2098e906d466a371b,1
train,paper,paper51.jpg,data\raw\paper\paper51.jpg,66d1fbbd073c0676b85450a5d1494337e93f581e81a9ec9be3bc2a7ff5759245,1
train,paper,paper420.jpg,data\raw\paper\paper420.jpg,e639d177fc6a0930ec7f2bd86175181707e8534140dbfe3a96468e29324f5f1e,1
train,metal,metal109.jpg,data\raw\metal\metal109.jpg,56b95b40642191f8cfa9e0150c4f10600e5363a5da4b113858127584d441e808,1
train,metal,metal288.jpg,data\raw\metal\metal288.jpg,191035be31b64e1edad395dce380f5be67ff59fb68a33b57d3051e8bd218a7e8,1
train,metal,metal12.jpg,data\raw\metal\metal12.jpg,077c55b3fedbef7bed89a822a33b6543cc7724b6160928d58d8bfc8354c4cba6,1
train,plastic,plastic385.jpg,data\raw\plastic\plastic385.jpg,73f8991def6deadb06c5f31a9b69dd33dcc9d041ef6fec48aa8a2ee06134b31b,1
train,glass,glass434.jpg,data\raw\glass\glass434.jpg,fbd6c0c6bd04248a6cb09eec0786adf3dc4f29a824c60e3f71365ea0ffd763dd,1
train,metal,metal251.jpg,data\raw\metal\metal251.jpg,b405aaeedbe83e6fe8dfcb0d9ce292a680e5870ff5482b45c6b2b2cea2b22324,1
train,paper,paper426.jpg,data\raw\paper\paper426.jpg,b73c2e779bf1fdd4073f14aba88003e035c3d84c0b4000c17f25505c9f2f4441,1
train,paper,paper444.jpg,data\raw\paper\paper444.jpg,fb4af369300166fabdb19b079a2c3062f4f80fa12852dfce3f04c1380743c4e5,1
train,glass,glass86.jpg,data\raw\glass\glass86.jpg,5ed81b37171e301d46a3b3c82d73a4808947fed6551c7bef70fb96ff6939bb0c,1
train,metal,metal234.jpg,data\raw\metal\metal234.jpg,c78f1e06c359fdd4a9557456d1d1d7ff404bc9ab8778907a84ad1cfe1b43e525,1
train,paper,paper263.jpg,data\raw\paper\paper263.jpg,ef1e5141669ec2375bd76b286d15596cb2e9076cf318ac3067309e08f307438d,1
train,glass,glass172.jpg,data\raw\glass\glass172.jpg,aaf789bac9bdad7cb409a3733ada74c80e76eefa58fd415aa70cbdd159e9bd72,1
train,plastic,plastic171.jpg,data\raw\plastic\plastic171.jpg,1db8f6f300a11f18fc6a82833ae08ba187230fc922c4abf5a92d4fc8d67b39a9,1
train,metal,metal11.jpg,data\raw\metal\metal11.jpg,947288224d612f8c7dced73d0ac17ab9608caa6627ef8d5da5628fce3a7a3579,1
train,plastic,plastic294.jpg,data\raw\plastic\plastic294.jpg,e50e59f0123bc75469b29d7140dc6c3023e3f8251e33496b8db6acde58d9f1fe,1
train,trash,trash72.jpg,data\raw\trash\trash72.jpg,917e956c1df7d71729b71069800b1c9b0b5c45f4be29901c4437781244db9a58,1
train,paper,paper105.jpg,data\raw\paper\paper105.jpg,943456df0f128c36d5cb2ec83d2d4587b1183dd5ea5ef40532986e1f905cd212,1
train,plastic,plastic251.jpg,data\raw\plastic\plastic251.jpg,8dbb1979032fb913540fbe907be48bf3559b594bcb5101e69ba6f6ac1e29baea,1
train,cardboard,cardboard132.jpg,data\raw\cardboard\cardboard132.jpg,06fdb00605265afacb58e4a5d28ee093f209acb79b9703354cbcbc4a17059e91,1
train,glass,glass461.jpg,data\raw\glass\glass461.jpg,5ce11a41fc65c17c6a91431fdcde57580cffa6041b1041672ccec43ab25bcfad,1
train,glass,glass308.jpg,data\raw\glass\glass308.jpg,c0ce0cf6611d7bd34ddce4d913e41eaf2cf2d1d97f56afa8546fd98d9c1a9366,1
train,cardboard,cardboard223.jpg,data\raw\cardboard\cardboard223.jpg,49ecbabb2b1f30af7050c50d541873de3836c8f8a16e2e6c4b9e01a28ca81b8b,1
train,plastic,plastic359.jpg,data\raw\plastic\plastic359.jpg,b81cf3e51be8f35c3f25e99a0a68dcd7176910be32d8306b812fa90e560d733c,1
train,plastic,plastic19.jpg,data\raw\plastic\plastic19.jpg,aff2c03bafe7c1efcb645ad0b57114df478f5f04aaeae15d16354e414f2445eb,1
train,metal,metal106.jpg,data\raw\metal\metal106.jpg,cf0dbed4a17ca4e94805d9649d2f3fa00b6e4b19d1b401f10b5c54bf5e280fe1,1
train,metal,metal228.jpg,data\raw\metal\metal228.jpg,75f250c05742d0cc0eb981bcce2b78a5597d0fe8a46301331d187c564f283921,1
train,glass,glass54.jpg,data\raw\glass\glass54.jpg,9a1aa316817747df30bff8ef23267ec5bd7d9af091f9cf18e41717dc84740f25,1
train,paper,paper126.jpg,data\raw\paper\paper126.jpg,513a357ed2d5431b1ab04809a48346f1bb86bc144fa22dcb3458e429abeb5e8b,1
train,paper,paper7.jpg,data\raw\paper\paper7.jpg,224a8e782d1f02b4a38aa93fc839af27a1da07ad51a3bce061f84b43e58c64c9,1
train,plastic,plastic7.jpg,data\raw\plastic\plastic7.jpg,da60dcee4982606118f20c988e3740daa3e23feb4335a37a5fc3aa9e16d10f66,1
train,metal,metal291.jpg,data\raw\metal\metal291.jpg,3fb7d5f244ca5b4d02832532530628fba9afa99efe8bf20de9b7c1bcc1f3604f,1
train,plastic,plastic4.jpg,data\raw\plastic\plastic4.jpg,bfa51700e80cb967c6a904becce781399b1cb990dfd444a9ceb217bd44eb8399,1
train,plastic,plastic448.jpg,data\raw\plastic\plastic448.jpg,a867799ac13e0eae93513015aa973f5f998e9bcc1a03eedd5958e171a5e56070,1
train,metal,metal236.jpg,data\raw\metal\metal236.jpg,010951f3951c2ec38c5ee138f620c5ee83bf032e36944959ad028ae8f80e5b2a,1
train,glass,glass457.jpg,data\raw\glass\glass457.jpg,b6694cead09370aa6a0e82677dd40192df562e34489ad847f071ad93d71beeaa,1
train,paper,paper69.jpg,data\raw\paper\paper69.jpg,762411e33898bcebc7d6d682246156588719e5618e03bb70cfd2e70cf91fe2da,1
train,glass,glass17.jpg,data\raw\glass\glass17.jpg,c06ce955331258f5f0b97c2e01c07915bc0f37d2cf45c32796e04788c2605126,1
train,paper,paper71.jpg,data\raw\paper\paper71.jpg,bbee1c3572ce9aabba96dc406c0b5bb709dbaabf8c95005eb26e4d4b96c92353,1
train,glass,glass276.jpg,data\raw\glass\glass276.jpg,a49d1e40122001cf0740b594944094ccc4f3f7349846ffc4a699dc13b93ccf02,1
train,metal,metal318.jpg,data\raw\metal\metal318.jpg,4943033cf2fe0a3010b72017e9328bfeecc6e5d263959fb64a365937a57ed272,1
train,plastic,plastic132.jpg,data\raw\plastic\plastic132.jpg,554e898f89e123b1f1801e9863d60cc789277dc2b5b62112f6c7cf9a7b603bdf,1
train,metal,metal229.jpg,data\raw\metal\metal229.jpg,5540f798bad9aab9d38537434226414807d155ecf14ee6c05153e94b9392aa8a,1
train,plastic,plastic478.jpg,data\raw\plastic\plastic478.jpg,46cbc05c854f0f1d952e1a79ea96de55e43928babecf1157424f7ef2a94e6686,1
train,cardboard,cardboard178.jpg,data\raw\cardboard\cardboard178.jpg,f903e09cdf3ea30285b007f53147a7b891f2277781a74bccc35b36568c892ee5,1
train,cardboard,cardboard271.jpg,data\raw\cardboard\cardboard271.jpg,f50c13b1af91c3ee565fe5b969017c652ca350b897c2bda2ab55070b96d5bcac,1
train,glass,glass12.jpg,data\raw\glass\glass12.jpg,ba156b04601294102bfbdfd577561e093d31450ba73e52cacfc9a73c7772ea7f,1
train,cardboard,cardboard61.jpg,data\raw\cardboard\cardboard61.jpg,f5ddc7f1e11d9192efb6618268afe867fab4546550e4a7ff2139b1698dbb2cfc,1
train,plastic,plastic26.jpg,data\raw\plastic\plastic26.jpg,a3c1692d2a4591cccb1257cdb4a5ce72095d22328d65cc8e0b1fae27c81cece5,1
train,metal,metal138.jpg,data\raw\metal\metal138.jpg,b152ec937b301f5eb955c08b2fab4ada9ea7d84a2f238294b211c30a62d1c342,1
train,paper,paper117.jpg,data\raw\paper\paper117.jpg,2127805bc503ef123e6583e403fad22c9aa8c76c2f41d4a6eefbbeaff3cad00b,1
train,plastic,plastic340.jpg,data\raw\plastic\plastic340.jpg,4737f744e32e648dc1711e84cb56d9f453afe9d9ee271f82fdfeaf4b752d48d7,1
train,glass,glass210.jpg,data\raw\glass\glass210.jpg,962485f5ab898217bf3882afce48e67129dc2ee635456a1f2560894fb9362a8d,1
train,plastic,plastic111.jpg,data\raw\plastic\plastic111.jpg,ce76f8922e3279d04f3b73d6f2bf485687643244d8620b7f9af9cbc97c3152ce,1
train,glass,glass23.jpg,data\raw\glass\glass23.jpg,8c70f3fd481062a5eb948b2b8db31b2289eb02fba8f7135dd22fb49655208f70,1
train,glass,glass425.jpg,data\raw\glass\glass425.jpg,8dce43c70c1455f7da0aa562231e7c6be49569b0fa034059e8a9c7627b3efb0b,1
train,cardboard,cardboard157.jpg,data\raw\cardboard\cardboard157.jpg,9a6bbee24d5b0385868e0939833e6b9bda7792a169d0cf3cadb66a6fee9429c7,1
train,paper,paper293.jpg,data\raw\paper\paper293.jpg,f85fc8d39e89fa9dca2811da9d8cee582fb22c5692490598f0c244cd406c4ada,1
train,glass,glass122.jpg,data\raw\glass\glass122.jpg,1f7c0e7670491a0bde248fd920d681f49b3c8ab41aacdcd32ac559ef8f4d27a3,1
train,glass,glass371.jpg,data\raw\glass\glass371.jpg,4b4c2b6c1b12ae00bd8b4075aacaf05c4127f26a70f71a389060155f8adc475f,1
train,cardboard,cardboard142.jpg,data\raw\cardboard\cardboard142.jpg,4cb2df483ca108f9625290f9f10b6aa5eefbf3bc9fb11e9f75804c14d2fe17be,1
train,paper,paper273.jpg,data\raw\paper\paper273.jpg,388f298b78c8e58e0b3bbc5a4b570a6ef981cd8b5cf994aaa774c75d3076107d,1
train,paper,paper155.jpg,data\raw\paper\paper155.jpg,b4a45bcd452c3d524cda9ee2dd2ea89b065d61fe3eabeede4729eeeb746a97c1,1
train,plastic,plastic95.jpg,data\raw\plastic\plastic95.jpg,d4607fbc266410204ecacbc03e5e084c8a7153d53a6155f32b6a26f1c7eb48db,1
train,glass,glass411.jpg,data\raw\glass\glass411.jpg,9da4b852ea6c52b018418899e507dd7407d50baa279d54409379d7bd9857375d,1
train,metal,metal406.jpg,data\raw\metal\metal406.jpg,f17d023b7a7bdcc6ac2c7ea673fa97ee75e5e07906ded6c69e56250acc0cc633,1
train,paper,paper370.jpg,data\raw\paper\paper370.jpg,df9d803e2cfc2f74eb2d5dc579f898562e31158744cf68e4e9f4f53c6b3ccf1d,1
train,paper,paper162.jpg,data\raw\paper\paper162.jpg,17fa7521b3f1a57768196f7e3643c6cda93a87a40cec20048c4bb324420a090a,1
train,paper,paper278.jpg,data\raw\paper\paper278.jpg,fdc84b251b53941070fca55f2a1d9344f3b84687f08fdcaf8b6262d1210740f7,1
train,plastic,plastic154.jpg,data\raw\plastic\plastic154.jpg,30d4a12de850e642437cd40013f09f68b32193d7d935ec2ef3a3200c0a80b4b3,1
train,glass,glass303.jpg,data\raw\glass\glass303.jpg,dc0a40bc54fa0a39ab2cdea6dacd091c16904f6899e42e07515a3bf6e18216e4,1
train,glass,glass374.jpg,data\raw\glass\glass374.jpg,432a5d3f5e82b75c82ee6b504329e27b3b55b34a0907d3faa6800f3bb2bd000e,1
train,glass,glass37.jpg,data\raw\glass\glass37.jpg,1fca3600cc698479de1f770c2e39fd1f140a049547832b1d42fe8220f6f3ec45,1
train,metal,metal242.jpg,data\raw\metal\metal242.jpg,ae829074a4a12f101a795f4c6e52158a6495da176ee511cd31f987fc05cea71f,1
train,paper,paper137.jpg,data\raw\paper\paper137.jpg,80e88596040e1d7a8e65f71d7a0f76ea7b682a617344ca4cb6c13b3cc3094000,1
train,glass,glass400.jpg,data\raw\glass\glass400.jpg,d4816cc6379b22bfcbcb6709337e08dfc0bb6c037bf20072fa79dc63b628442f,1
train,glass,glass9.jpg,data\raw\glass\glass9.jpg,b598653ead82a29e42e12039c3865f5d120832a30fdaba7b8f6cc5efee270022,1
train,paper,paper58.jpg,data\raw\paper\paper58.jpg,2aa131bae0e09410858f8fd4cb174fac80f25bb8dfd19add1cb6af2148a851ac,1
train,plastic,plastic321.jpg,data\raw\plastic\plastic321.jpg,a9542ee2eebdc4ce1cdc23b1e7561766a2000e352804f7c38e98067e23e4137b,1
train,trash,trash83.jpg,data\raw\trash\trash83.jpg,0be23f5060b7b0343578c1ee57a6907461c52435ea222166e08ae1f8632bf280,1
train,trash,trash87.jpg,data\raw\trash\trash87.jpg,6b83d92b3687e964d0cc296d36dff74564ccaf9eaf843ea250d5f1746b6bac41,1
train,glass,glass83.jpg,data\raw\glass\glass83.jpg,956d8be4a2512c9cba2208849ef6350a64205ebd4aedc88705a5a3a584c0b7df,1
train,metal,metal170.jpg,data\raw\metal\metal170.jpg,7ca0341822ae42c3cbe89d17a4336c3bfa2f50bce8fa6cb559dd0b767098d4db,1
train,trash,trash86.jpg,data\raw\trash\trash86.jpg,fc3565afcb9b0e5c898c9a3556ee2b6c81b86e0417f77a22dceeb6d8d79342b1,1
train,metal,metal112.jpg,data\raw\metal\metal112.jpg,00cb113efab64e877fe763e04113e4d6cd0f7448fad899bac05164614edf779a,1
train,cardboard,cardboard148.jpg,data\raw\cardboard\cardboard148.jpg,6df32df3445f1fd3a9d2163bce9cd36982d755abe5c635ed5548a82812e85631,1
train,trash,trash133.jpg,data\raw\trash\trash133.jpg,5d3355816b95faea94862d7c4df55201cdc1967f22e172e5cc1c862abc8d7fcd,1
train,cardboard,cardboard123.jpg,data\raw\cardboard\cardboard123.jpg,b07444b5c289f4c8562828a1c3f397d0d3f2fa4a99324273ed9b3f58a1871d3c,1
train,paper,paper374.jpg,data\raw\paper\paper374.jpg,45d7ecea2e79f7f7b57157775087ce63c4246815ea6e5b0b9f1678ae5191cc46,1
train,paper,paper411.jpg,data\raw\paper\paper411.jpg,f5d2b72bfa7372201c49690bba1081c936c5554aa18e3cd7fa3a1dcb31fc8a3e,1
train,plastic,plastic260.jpg,data\raw\plastic\plastic260.jpg,4763161eb2f6db915cd378a3c8b1e407d240030d4b1f924007853bdccf3352a1,1
train,metal,metal35.jpg,data\raw\metal\metal35.jpg,b0546d9b6adcb589de61b9ac2340bde30dbcfb2bed0e099d5caaa682c859398c,1
train,plastic,plastic73.jpg,data\raw\plastic\plastic73.jpg,8adfd45c91e59217eb86fbf17b7cc91ea7e3c5e72c9ff5c32d59d97b43766991,1
train,glass,glass485.jpg,data\raw\glass\glass485.jpg,0e561c15c18303512b8baad98b5e5b7920b44cc23ae0d7cb6565d7c5aa5022ef,1
train,cardboard,cardboard176.jpg,data\raw\cardboard\cardboard176.jpg,9731e15505d08076b916b3ee126d4f834d151e0a258cc6f2113600a07aec2f8c,1
train,metal,metal172.jpg,data\raw\metal\metal172.jpg,849031109bca9ca152522d22922047701690fe65679a0d648f55f71a0813da0d,1
train,plastic,plastic151.jpg,data\raw\plastic\plastic151.jpg,65669691c0dfb00aeca597fd6d2ab22473e5734feb3c2fee9160920255234def,1
train,glass,glass211.jpg,data\raw\glass\glass211.jpg,fa44f7d6f85c8d55c698468697f26450ba3537e022ceb8fb5215c69b881d830c,1
train,cardboard,cardboard79.jpg,data\raw\cardboard\cardboard79.jpg,b5df0d59ee6a777b7d7d503802eaa1bfd97c4fa1c7238dac4fb2280cd472cc37,1
train,paper,paper472.jpg,data\raw\paper\paper472.jpg,ca1c78d4d0e8c917b7398a4dba4338dcf823f0069adaf11865a2b300cfea69b1,1
train,glass,glass327.jpg,data\raw\glass\glass327.jpg,1f876e515ba41c92ef8616d40465937437957a7c52cb64d5bd47a503f6b5bf16,1
train,glass,glass99.jpg,data\raw\glass\glass99.jpg,dae1f718c542a2efc4c34da768dab69848af36d4c4d465246476c11a363d0cee,1
train,cardboard,cardboard33.jpg,data\raw\cardboard\cardboard33.jpg,7ee288c8ffaf785aa8ca468ed3688ffd0524b26bcf3409692ac74e6fa92e1cdd,1
train,paper,paper159.jpg,data\raw\paper\paper159.jpg,cdacf1d7696837231fa1c2d2a1806799398f29a54b74664a2d7501d259957de9,1
train,metal,metal289.jpg,data\raw\metal\metal289.jpg,512eefb82a388bac085344dad9aecbb6c63356d820e8e003cdd06323c22b8277,1
train,glass,glass121.jpg,data\raw\glass\glass121.jpg,726b624ca2206fa9a82d656e9b35ab893d4543850fd45df8722520f0ac37a2ed,1
train,glass,glass222.jpg,data\raw\glass\glass222.jpg,e88b95d26db54665d8ef4a54909c0f374435df8eb7f26d7d1dbac0e639db7ff5,1
train,paper,paper443.jpg,data\raw\paper\paper443.jpg,9e16529ebf88a28bbfe4665efddb5c7dfd684d1b43c19a970f93515f0883a78a,1
train,metal,metal49.jpg,data\raw\metal\metal49.jpg,0cbb9f87d347d1be4ecebb5988a8a450bd844cafafd79958f07fc933b28952e6,1
train,plastic,plastic120.jpg,data\raw\plastic\plastic120.jpg,9b14d5eac0254df0500b1800cc7b48d26232d4a79c4eb8f51461e3da9e5fb1f6,1
train,glass,glass262.jpg,data\raw\glass\glass262.jpg,3b2881134af110d59e8b4ccc50727239edfa5e5c03a63da792ae685edafe8c5a,1
train,glass,glass444.jpg,data\raw\glass\glass444.jpg,130b7cc1e6167abff8ee9989341858b5a9362a13b1de8e512975394833469b09,1
train,trash,trash75.jpg,data\raw\trash\trash75.jpg,a99bba1b57f9e8c1a94f4b65242bc59e6fccafffa28b6f819348ad8e750a8260,1
train,glass,glass407.jpg,data\raw\glass\glass407.jpg,90c0931c3cf6c7ed6ccbbf8d1bc81b248876b19a9a84f5aa9dcd56809abe8af3,1
train,paper,paper438.jpg,data\raw\paper\paper438.jpg,242a6ec8181c6d33f83822c9ddcd4287c8a0f9e927ec8695794777182d0890d7,1
train,paper,paper238.jpg,data\raw\paper\paper238.jpg,a2089aadf06bc94fab7eac9ba166ad423eedd3a5e7fc2f5a337e5082eda9c6bf,1
train,plastic,plastic419.jpg,data\raw\plastic\plastic419.jpg,46589779c40299c82795d1ed0eb6d9f045e969eac0470a0e448e950a32db54da,1
train,paper,paper365.jpg,data\raw\paper\paper365.jpg,207579ec41fc712009583d28ed48674accdf919b6ec0c3ed89874fc066656118,1
train,glass,glass145.jpg,data\raw\glass\glass145.jpg,d65ac069201523a3e4cb1adb2748522da9e37dd422c174584761507414ffa7a2,1
train,cardboard,cardboard318.jpg,data\raw\cardboard\cardboard318.jpg,352bd249d8783b2b576e8d95ad3bc2b1b44161004de7c1b4e77af1ef5c41d185,1
train,glass,glass36.jpg,data\raw\glass\glass36.jpg,ec232d0d2fc6f1aa801dec17cedabb859e0a29270c84b05fec05ed2ad08e63fd,1
train,cardboard,cardboard72.jpg,data\raw\cardboard\cardboard72.jpg,bf07ebb21c8182ae7954a72a317b9fcff4cdc852bac1716f0f99c0367a60a337,1
train,glass,glass465.jpg,data\raw\glass\glass465.jpg,00cba166ae35f321e828c3a5bf23a3f626b027ffa14e43c11423994972f319a0,1
train,cardboard,cardboard251.jpg,data\raw\cardboard\cardboard251.jpg,58e9bceb219ae9f7632c08199b4e475b59bb03cf9fbae1b3649e51c98b10e0e2,1
train,glass,glass68.jpg,data\raw\glass\glass68.jpg,b209df41ef8cf844aba8190a2655dc1d080f6409e541bf37d176773ebadc78b7,1
train,glass,glass375.jpg,data\raw\glass\glass375.jpg,b0b252804483f0bc2a6ad95936a16c95961c28558dd5733d3f930d8d26036c6b,1
train,cardboard,cardboard240.jpg,data\raw\cardboard\cardboard240.jpg,705d5ab527ee3ddec7d11f20471fa197839774ba54514afbc0eb2226b9bf8916,1
train,plastic,plastic407.jpg,data\raw\plastic\plastic407.jpg,b6a9fda657482c6f5856763f01b936ca55012f0be1c9289c0c8b4a9dbc75a831,1
train,paper,paper193.jpg,data\raw\paper\paper193.jpg,de722dafd4f2daf45f77845c9943ebe20e9930a6a42bd894966d8b6fc09e9db8,1
train,paper,paper25.jpg,data\raw\paper\paper25.jpg,08d34a8e2c1c957356bac99fe209d888a26de1567219a05c709f9bad4622d902,1
train,plastic,plastic214.jpg,data\raw\plastic\plastic214.jpg,94ef473a8dde0a7eec8f1e2c6d9301da37a04757f8a000ce8a662e3565f25755,1
train,glass,glass50.jpg,data\raw\glass\glass50.jpg,e0e13136225fff90313ee42abc08634db2b39b0517dc832f0c2e58843607f05d,1
train,paper,paper550.jpg,data\raw\paper\paper550.jpg,873e89cca019d57e876d5c3167ee27469bf12bc234bc8e438410e06d48613991,1
train,glass,glass233.jpg,data\raw\glass\glass233.jpg,94999cba4b0045d153a9381fee4a82ddef81bdcec87d2421df16c25d833fefcf,1
train,paper,paper154.jpg,data\raw\paper\paper154.jpg,4b701580363466fd85ca3d58f7261945652acb8548307c401e489e6d7a186639,1
train,metal,metal79.jpg,data\raw\metal\metal79.jpg,1dcc0551cb0e8f5bee5c0bab9918081916d5f4a9eb6c068e48919543c81ad4b5,1
train,plastic,plastic77.jpg,data\raw\plastic\plastic77.jpg,2ad4c7f1ff68e4c36e00222a1ff14d2c3b10084b13a040c69b6b8af0e10dc802,1
train,metal,metal17.jpg,data\raw\metal\metal17.jpg,80a4427fa8828b37c2bcb969e941956a50ebd2f7578975dd2842b68d11f8741e,1
train,cardboard,cardboard307.jpg,data\raw\cardboard\cardboard307.jpg,d7923c86af0b7870a618b7d8f53cc11094d0250b8ec67bcb4cc6f6bd1cf15b9e,1
train,cardboard,cardboard276.jpg,data\raw\cardboard\cardboard276.jpg,d0933f3b77f8a7ff2f269a6fdb641fe22c94bb06a4ee54099cc5761d48b73fed,1
train,cardboard,cardboard297.jpg,data\raw\cardboard\cardboard297.jpg,f454b259a11b7db3b7d4ba33326701249285c39369ae48602f9a91bf98140749,1
train,paper,paper297.jpg,data\raw\paper\paper297.jpg,c65383159582c82aa5a73ab4a0a6a3ea48cc2ca0235cc3478c5d321c2d4194d7,1
train,paper,paper245.jpg,data\raw\paper\paper245.jpg,1ab95b775216e6cd863740cc9da770d680904f698f054bd22f625ae9ad84b83b,1
train,plastic,plastic146.jpg,data\raw\plastic\plastic146.jpg,9b7b14d2025b1827110fd60d02a54b605e6b0e18da547c35dc240f9b324fa698,1
train,cardboard,cardboard115.jpg,data\raw\cardboard\cardboard115.jpg,448e75e25fc89c0af92631d09fe6a6b3c86d121478ba1b9fd8f57a6ccb2a98e1,1
train,paper,paper86.jpg,data\raw\paper\paper86.jpg,76aa99b1636d80f6e440043e098f5ea5fa615006e45f468f19bdca96e262b53c,1
train,trash,trash111.jpg,data\raw\trash\trash111.jpg,142eaad587c73f0909a5c7f8e068f1a5122c091f7dd55ac04f34d6f73fcaa384,1
train,plastic,plastic35.jpg,data\raw\plastic\plastic35.jpg,3d697a4663ef8312ec806f1d35cb40331bad3dbf9bc190958983906808039a1d,1
train,cardboard,cardboard185.jpg,data\raw\cardboard\cardboard185.jpg,65fefbd73dd0f968703ba0c7319e33d8b52cfad221bca536733ceed485675d14,1
train,metal,metal182.jpg,data\raw\metal\metal182.jpg,71c725ceb62d1b259f2aa56272be8bb3b99828aa683720883967928c7c8965a4,1
train,glass,glass354.jpg,data\raw\glass\glass354.jpg,6d2b60249550673aa6cc9c073b0e7607511cb9d66150e3cc10eeda988d0b42ed,1
train,metal,metal308.jpg,data\raw\metal\metal308.jpg,dabdac91a08ee596961bca73e03562282a4298ebffa8477e090b3262f08b3d98,1
train,paper,paper5.jpg,data\raw\paper\paper5.jpg,d80bf1a350dcd8174b3adb8855b942f3c44f3dfdcd9d09bd68e010d6d9681716,1
train,paper,paper451.jpg,data\raw\paper\paper451.jpg,42d237120099c86a3061407b3ff0e7b1b669c3890726337d79ff33b41e33e01e,1
train,metal,metal232.jpg,data\raw\metal\metal232.jpg,efb51aa6882025d081049b6bb807b664430e630be9f1285d993fd392f6a2bb4a,1
train,paper,paper143.jpg,data\raw\paper\paper143.jpg,be194ac439692dde371af2ab9f521e0f373bc079e9821bed68787e110626b988,1
train,plastic,plastic323.jpg,data\raw\plastic\plastic323.jpg,e72709b0eeda0472fde0e10a685a95f678cc7d77df2290bab25a0a85e50f4c5c,1
train,glass,glass285.jpg,data\raw\glass\glass285.jpg,e64374346ed90920d7cee40dfae3318f406f5f3134effd31e057b8d38c4b62f5,1
train,plastic,plastic418.jpg,data\raw\plastic\plastic418.jpg,abf29f030ad600d7ad368fb31dc35a060dca16c1f19f6b610e7908a48d905e29,1
train,glass,glass380.jpg,data\raw\glass\glass380.jpg,ede5686a09b092a33d3cf441a5e02397a9fc917f9a0b761fa5ec232a71c2aa91,1
train,glass,glass82.jpg,data\raw\glass\glass82.jpg,a9abae3cfbf6bde6fd8b546e4c2ec4ecb2b0916c04345a568f2596e08641cd54,1
train,paper,paper180.jpg,data\raw\paper\paper180.jpg,b4de69dc4cf31f6874d209614426fc8c1601cbf497f9809500cebc607271cfff,1
train,paper,paper216.jpg,data\raw\paper\paper216.jpg,f41596f2745a00199ab19edaf7bacd510030394f7f34f54878559d73c59f3ee2,1
train,cardboard,cardboard229.jpg,data\raw\cardboard\cardboard229.jpg,2ad343008c70f6944bfa9c17e20d739957622803e62c54b9ccc0e27bbf4ab3b2,1
train,plastic,plastic455.jpg,data\raw\plastic\plastic455.jpg,b21d41aaed31fa3ba75330f2181288de824cc71bbda01b29b3a35e0c5875ca24,1
train,plastic,plastic194.jpg,data\raw\plastic\plastic194.jpg,e065d6d28ef07271accb840f14449ac7a73128c09fa04e35819a1083960934cf,1
train,paper,paper588.jpg,data\raw\paper\paper588.jpg,18e0117f5f511fdeeb8a0561d5df892b1136c923ccc992a9c6e83f728d06a0e1,1
train,metal,metal299.jpg,data\raw\metal\metal299.jpg,9093a60e9ba7039fe941769c6f73e5a64a4d3904ec3ffb56c51d77ae45eef14f,1
train,metal,metal285.jpg,data\raw\metal\metal285.jpg,f6ff265cbcc6ca87645a982332bbe1c1301a82425a9b360cc69614d282b6ad77,1
train,metal,metal187.jpg,data\raw\metal\metal187.jpg,bcbf889aa70c570c63ad34a9d7e7ab233ac2e018df130dfa758c8cb328ddeec7,1
train,cardboard,cardboard92.jpg,data\raw\cardboard\cardboard92.jpg,c0082c81d357fc12b22b80b4d7b7f405e70dd1d2ee5ead90748a63bc3c7707db,1
train,paper,paper14.jpg,data\raw\paper\paper14.jpg,1d9a4c7dc1e7afc0c8eda2583df39ad606295a00c6a045b336b41bcddd086567,1
train,paper,paper504.jpg,data\raw\paper\paper504.jpg,a29f26705f053e3cbcb729c05e56f63543a3aa37dffa5b125419ed357d6dade3,1
train,paper,paper457.jpg,data\raw\paper\paper457.jpg,fb3ab1d0d5d421f4b4be1b55435591986ec0c35c1c9784d676a17f99b6ca21de,1
train,cardboard,cardboard44.jpg,data\raw\cardboard\cardboard44.jpg,0adfed199fc150b2e773ac4953de42be1a5e13d4bd1fa9ac0611ea829a3d3a83,1
train,plastic,plastic84.jpg,data\raw\plastic\plastic84.jpg,e601da110e32d80f61767e7551bbb7840d3c87f3a3bbe2b1040ae02124094217,1
train,paper,paper534.jpg,data\raw\paper\paper534.jpg,14ef96013dfd73a1278327d6bce4d3884b675f12ccf5bf026d796be58d5c5793,1
train,metal,metal304.jpg,data\raw\metal\metal304.jpg,d4640c1eaa6fe9076189ffae38795607d57c399f278596f2ef2a851c0a7f1669,1
train,cardboard,cardboard48.jpg,data\raw\cardboard\cardboard48.jpg,4c3e9ba3a79aedda1f6346fb8f7ff400e9fbc2c35af71d081bc0d7a86ac55c54,1
train,glass,glass450.jpg,data\raw\glass\glass450.jpg,06ac9e96b53cdb3cbc59e519a989e082f0093a7b03c3f9accda3eb0946d29300,1
train,trash,trash67.jpg,data\raw\trash\trash67.jpg,f73d1e1ae35305d896cacb45fb1a22d1585b4f2722ccd5a6cb01258af61887e7,1
train,trash,trash64.jpg,data\raw\trash\trash64.jpg,996cdb1c4a365784fa77fa219e8e2c61d42f078dbbbe9f39f771c050a7d965f7,1
train,paper,paper492.jpg,data\raw\paper\paper492.jpg,4ace1c20aae76c7c5dc3fe1e9db206fe8abc5565d9f67be21d02c96dd941ae8a,1
train,plastic,plastic400.jpg,data\raw\plastic\plastic400.jpg,f7f52c4cc48d6c1bd6fff276931160f61ec7ea82cfea05e6a3c44851259d227f,1
train,glass,glass299.jpg,data\raw\glass\glass299.jpg,9ba1d9fbfdfef35081ee696c2bb72e4668de135060f1c144d6748d46f73d8f8c,1
train,plastic,plastic349.jpg,data\raw\plastic\plastic349.jpg,de5931a4efb3532c996b49ae1e803a116f6dfaf0dd5f16c126d3dc97877cf1b8,1
train,plastic,plastic189.jpg,data\raw\plastic\plastic189.jpg,281f3d7df5b3343a51832a2c06ab6c95d9999ff8e30c40c55684d670dbfaf6eb,1
train,paper,paper371.jpg,data\raw\paper\paper371.jpg,921ddd2bb02e7200f0e3260b8a3e639246335b997283dc3790c306a1715a1cb5,1
train,metal,metal394.jpg,data\raw\metal\metal394.jpg,faa78494494831097ab686e7de6e1db569390fb1d5976a5f12cc3fa9bcd5cf56,1
train,plastic,plastic142.jpg,data\raw\plastic\plastic142.jpg,630e0de1fe0eea7e7142e238032ec10b6fff345411bc79ebfc77bfe441ee71cd,1
train,cardboard,cardboard258.jpg,data\raw\cardboard\cardboard258.jpg,bcaf9b3df55145fdbdaf69b5ec34c2b866f89cd2416ff81653a9abec7e939ccb,1
train,plastic,plastic347.jpg,data\raw\plastic\plastic347.jpg,78c3fc7dc09f3f083ffe752df9e02bd4a0fb6540dd56bf02d4c3718df6ed4165,1
train,plastic,plastic293.jpg,data\raw\plastic\plastic293.jpg,d38eed6abb53bab0066797a23de7260e23ba0f6c2f2912d968633edfe5a49510,1
train,cardboard,cardboard52.jpg,data\raw\cardboard\cardboard52.jpg,ea96d215a65017b5a0013b3f644518ef9a8f7faeb15d20113b68e240cfb63564,1
train,glass,glass90.jpg,data\raw\glass\glass90.jpg,09c42f13f1174b8a13f64af3d6fe4589a14b8a2b4124819bead0f3fbfc467d1e,1
train,glass,glass151.jpg,data\raw\glass\glass151.jpg,a7a226107ccdaeddbeb8e7397180d1f352ed98ac9a4ba1db83b000732a656b15,1
train,metal,metal323.jpg,data\raw\metal\metal323.jpg,8c631b399474092ee2527e13fa431b2d8bf2f814956735b34f92bd7845651977,1
train,metal,metal317.jpg,data\raw\metal\metal317.jpg,2b0bf75581cbeb9eaaa4fb7788362fe87cce5089f2ab4ff58ee9541a072f0e78,1
train,paper,paper417.jpg,data\raw\paper\paper417.jpg,eb9b410c41457573184918db22e03bc35b9d03b28cdd7c563aadac1f4b88bec8,1
train,paper,paper268.jpg,data\raw\paper\paper268.jpg,2de03f5598ae7f6182e5a3ce33516d2508185bedb6fba0987624483558c9e1c3,1
train,trash,trash120.jpg,data\raw\trash\trash120.jpg,b7c5b1376393f9158951a75749488150e9847c1e3bad3a08a2c3e47a52d97d19,1
train,glass,glass483.jpg,data\raw\glass\glass483.jpg,9ef426243a23b174c0b1ac85f08ed3673d16e95898428694359827ebc126d46d,1
train,paper,paper338.jpg,data\raw\paper\paper338.jpg,30e1b52627648dd1befa6133789e732a2fa77ca53ca802b112af4053972397fb,1
train,paper,paper29.jpg,data\raw\paper\paper29.jpg,f9967fecfa2ac3d694a8a4af77cd10268dfbb43faddeb21a180336a636ab81a7,1
train,glass,glass417.jpg,data\raw\glass\glass417.jpg,f89d45dadc7209ea7521688288ff0f4967608a72e3026e3fbc39cdfd38953961,1
train,plastic,plastic274.jpg,data\raw\plastic\plastic274.jpg,861ba3d17ff24a8bd51210f991d34b019b73cbaeb0fa059655c4ef1da2c7c6d8,1
train,plastic,plastic164.jpg,data\raw\plastic\plastic164.jpg,043b7646fdac3e6af282ae292b74a8cca39e8d5edc36b004046cf348689644da,1
train,cardboard,cardboard90.jpg,data\raw\cardboard\cardboard90.jpg,154aa49e8581d68981e2c0048c51b1ae448babc4cc08c03a91a815af12f66f80,1
train,metal,metal153.jpg,data\raw\metal\metal153.jpg,ef6de590669192c32c1f524528c79909ddb4b0949650855eb6b402c952e9d45f,1
train,paper,paper368.jpg,data\raw\paper\paper368.jpg,499c6b549dae2ff71971d0a23c002e2834f7966510ca3195237fbb2b8ed8dd7f,1
train,trash,trash125.jpg,data\raw\trash\trash125.jpg,4606fb885763e30440aa6b9f6d6607750c6bc1a147c855c8135915cbd21f9544,1
train,plastic,plastic289.jpg,data\raw\plastic\plastic289.jpg,9ce5bf6a6e1486c1c6c09a9adedbbfb9abcf0c026a7fed1fbf7d7a0008b54696,1
train,metal,metal222.jpg,data\raw\metal\metal222.jpg,c943be388369a82dfa1417c1c23df8ac0f00ab80cb1e39c0de5c35af4947c87f,1
train,trash,trash21.jpg,data\raw\trash\trash21.jpg,70cf27625f47d388ae067b2b74559dcaa498205a60140957e88413dc74c0f476,1
train,paper,paper496.jpg,data\raw\paper\paper496.jpg,ea0e35589e6c56a3ede6489df7eba026abc77745e75c92224e1f18e58891cbcd,1
train,paper,paper442.jpg,data\raw\paper\paper442.jpg,28a89d70d811cdbc534b659a7692f948a40de7415f76b3028a593c9fb6e43c52,1
train,plastic,plastic107.jpg,data\raw\plastic\plastic107.jpg,4f8d3355d35f5db081ef90641b4d31fbb283c4dd5003e764ac71eb977fddf502,1
train,paper,paper165.jpg,data\raw\paper\paper165.jpg,86f7de44fce23c740e02b4d8c8028e682acaf1e4496d99eab51bac58ddbce809,1
train,glass,glass203.jpg,data\raw\glass\glass203.jpg,03fc1a7c0a8ae695a6718ef0ed67f2c702a551a220dc86546e7aefa56754a097,1
train,paper,paper523.jpg,data\raw\paper\paper523.jpg,09e7eccd73b0f56d3daa6656d3a1388e92b9b25aff046816caba9c7d05b244d4,1
train,plastic,plastic440.jpg,data\raw\plastic\plastic440.jpg,286de05a374690c68be861de898597c49905225c0962731c24cac142caaa9141,1
train,paper,paper567.jpg,data\raw\paper\paper567.jpg,c8d3a7748ce6fefced94ffabf8d155b9cbb513856402cde0947f075579570e57,1
train,plastic,plastic252.jpg,data\raw\plastic\plastic252.jpg,61a89874be4f9fcdeeefec2c2f2a8eed113a96ada46b4c7dd54b7b81dc43ee09,1
train,paper,paper439.jpg,data\raw\paper\paper439.jpg,ef1da15838f4bd1a3fb454480bb6cba871ad5f56f8d869ca57f8d1c56e528607,1
train,cardboard,cardboard161.jpg,data\raw\cardboard\cardboard161.jpg,5d2e969d3a067cf79834da828870e513a0e99428c6de513f14586c5d47a297de,1
train,glass,glass141.jpg,data\raw\glass\glass141.jpg,0a03e1abddfde7fb459220a2235c9ac71c5a1e425da3e15b25e4b26697f430f2,1
train,metal,metal403.jpg,data\raw\metal\metal403.jpg,23e20d8dd91193b3a6df158a8d0e80fd2524cd609d998dcda5a055a8ed9c5074,1
train,metal,metal94.jpg,data\raw\metal\metal94.jpg,02ec8cb34c4e1121098fb1f5b050d94e72bf149165e2679134188001b5b4bc06,1
train,glass,glass314.jpg,data\raw\glass\glass314.jpg,164810ae1e213437a55f4ea5b91ee15778f979837ed5a93f4047620062744e63,1
train,glass,glass321.jpg,data\raw\glass\glass321.jpg,f1f6b0d8958793e1b761b783767f1548519c9752698cbaf104f7c4d3f25f66f2,1
train,glass,glass329.jpg,data\raw\glass\glass329.jpg,eefd9034dda5356ad38474eace7542896e9c3ab359291cd33d0062110eca0887,1
train,glass,glass257.jpg,data\raw\glass\glass257.jpg,d40b14d0534ff7218d4eb292b3bcf4e41c7db8f62f1a29e7f88dca2432fddf16,1
train,paper,paper398.jpg,data\raw\paper\paper398.jpg,a244d24c0985d2cdcfde901d92279433871c00a9c6748efad3548106b1c94d24,1
train,metal,metal239.jpg,data\raw\metal\metal239.jpg,d984583b9ff25cfa175329f01af7c88fe3b75160ae751bfaea46ff39800b7f72,1
train,glass,glass256.jpg,data\raw\glass\glass256.jpg,090284c9439f7721302127d75180f285d148ead5f923a3b0ca020260bacf18fa,1
train,plastic,plastic33.jpg,data\raw\plastic\plastic33.jpg,b9029bdb19393882842447353ec70da302db5091c9435f3d38beade842c7c081,1
train,paper,paper102.jpg,data\raw\paper\paper102.jpg,cb153343bdc4f1a6673a443d3f4e8ffc82f4cca6b5c6ef3ac144dd057311fe15,1
train,glass,glass191.jpg,data\raw\glass\glass191.jpg,db48a5adf6045033eee5eca0bc6459367d106f18d15f7b9778655ed93a204d97,1
train,plastic,plastic281.jpg,data\raw\plastic\plastic281.jpg,02ac4f6ea8c3bb88022ae62c041f10aba417a89b9bff40882d5b906267b2132d,1
train,cardboard,cardboard169.jpg,data\raw\cardboard\cardboard169.jpg,a6b0a3670259dd8027b06e87ae292e8eca1c87634d785e8949a42c7d19709f04,1
train,plastic,plastic207.jpg,data\raw\plastic\plastic207.jpg,91d77a33f85b448aae6b334b477010f5e181c01615c6d41329432e13945381dd,1
train,plastic,plastic421.jpg,data\raw\plastic\plastic421.jpg,9c02154ed8b1a372dc29f2defba0da9949afecce1d8d5c4914872506596ca73f,1
train,paper,paper142.jpg,data\raw\paper\paper142.jpg,3e3bffeb082bd000d3432c0d0b094ce4c0c37ad0fec976199a53c6d9a41ca400,1
train,plastic,plastic190.jpg,data\raw\plastic\plastic190.jpg,a958771cab8ecb665a768a1b9e1605f289f4beab74938d1255ac3e04fe77cf14,1
train,metal,metal361.jpg,data\raw\metal\metal361.jpg,52fc1a445c807b9a863aa1165def8384f570cd835b2a4ea77dbeaa0e909da23e,1
train,plastic,plastic56.jpg,data\raw\plastic\plastic56.jpg,5f196349256f720044b8222e8e7027b95ab12afbd042c8c08c86e1ebf7637db8,1
train,cardboard,cardboard233.jpg,data\raw\cardboard\cardboard233.jpg,1cf3b1a8e31d787ec92f311f8cee8e6b8112d07e43a4bab02403515ee86da762,1
train,paper,paper521.jpg,data\raw\paper\paper521.jpg,4f512939aa5ccda50ab7bdf636c01bf13e54dd33816adf911419e5378691220e,1
train,plastic,plastic157.jpg,data\raw\plastic\plastic157.jpg,8da02dffba1358a9ef9130ee86d4f02f8db163976d022abac541b82b60524ea3,1
train,paper,paper315.jpg,data\raw\paper\paper315.jpg,46b051fc891308459fb97b93876386743eb143cde82fe90ae679e3dda550ff44,1
train,glass,glass491.jpg,data\raw\glass\glass491.jpg,5a3fa86eab257b46ea481c0b715da623b980c762d979fe953c8c5a14f59631b6,1
train,glass,glass406.jpg,data\raw\glass\glass406.jpg,721b398a34c5e13720e4ef04e6768e8298d738f1eec7ed94497c59a844079a87,1
train,glass,glass451.jpg,data\raw\glass\glass451.jpg,ae648a635864eaf0812810784f4e5dcf292933ca6ee1afb86724d3e565d5b7ea,1
train,paper,paper47.jpg,data\raw\paper\paper47.jpg,f40ead1ac801a3fb2e9520c1f383952cc940a9e958f3a7dc3b33c402ffc061b7,1
train,metal,metal103.jpg,data\raw\metal\metal103.jpg,85b595fd5f02d95b201370a1ae5e105ff7626c5462cb781e1c876cd04b0ae671,1
train,plastic,plastic357.jpg,data\raw\plastic\plastic357.jpg,33e291289b32fe975a1576aa28fdebcb24f94b5b28657ab1ac268adae14328bc,1
train,paper,paper404.jpg,data\raw\paper\paper404.jpg,6e6fd8cd7880cdfcffc336ed529826a32782aadc6b519f1e100ef03565d5c517,1
train,cardboard,cardboard17.jpg,data\raw\cardboard\cardboard17.jpg,39385c062633523815827cdf6687d430bd880a937d7ca2ffc08ef11dd6bcdc35,1
train,cardboard,cardboard254.jpg,data\raw\cardboard\cardboard254.jpg,e9a6dac80da0113821417577293902328611a143698e4390a0b0cb40170f28bb,1
train,trash,trash15.jpg,data\raw\trash\trash15.jpg,55d0df593b47745ca5d248ee1b66321adc03cdc5fa26deadeab549d76926f84a,1
train,cardboard,cardboard43.jpg,data\raw\cardboard\cardboard43.jpg,a338a6634227b5c862884d6370e44a2df0263fe442e5d12cde76cfdd3a2f6957,1
train,cardboard,cardboard302.jpg,data\raw\cardboard\cardboard302.jpg,4d31e3fbbcae76e4735880af8e8dc3f52d70835d7437b0c698a50dbdf5d590dc,1
train,cardboard,cardboard385.jpg,data\raw\cardboard\cardboard385.jpg,bd87374325ed92af0909d2b2c17cf82e485e4ace9d810ec3720a0c11a2c2b18a,1
train,paper,paper524.jpg,data\raw\paper\paper524.jpg,3028470d0eee7c5c2030e78b086fa6c656467788ce7953867ae728262e197f50,1
train,plastic,plastic443.jpg,data\raw\plastic\plastic443.jpg,5d8785fed5c72e1f73cea76868af04579ca37cf07fcc8a0751af6a765dc59981,1
train,metal,metal58.jpg,data\raw\metal\metal58.jpg,2c1b7263f7e1adeb64bba4692d887752d3f6462213d1d6f6673e42aac37b91bc,1
train,plastic,plastic403.jpg,data\raw\plastic\plastic403.jpg,049e0cca6b8514626cb43768ed556f745589a26b0ab91b9e69d648aa00324495,1
train,metal,metal145.jpg,data\raw\metal\metal145.jpg,653a71600ef620c2abfcfe8c1269e2b2366f9d34fcd906db8d3c2e280615206e,1
train,plastic,plastic417.jpg,data\raw\plastic\plastic417.jpg,a9000094b5f3fd0ad35c9126cad270a62011c3135f6e55bcc68f19e9356946fc,1
train,trash,trash82.jpg,data\raw\trash\trash82.jpg,b1bb38d5c3425ded1552433d0d5b522eaa6435ca8efc89b261066168adb87c81,1
train,trash,trash19.jpg,data\raw\trash\trash19.jpg,fa605cfbf34d79168070e127f494b4dd3b1c53021f968e4fea7dc44e05de66ba,1
train,cardboard,cardboard7.jpg,data\raw\cardboard\cardboard7.jpg,d52a5c162cad2b925ba37e49fee6644008f70c341b286c178127c4424ca1c04b,1
train,trash,trash62.jpg,data\raw\trash\trash62.jpg,a28255e9148954dfd8edc5e05c4c361cb9ae0a137e5bd7e863ff39ec94315899,1
train,paper,paper543.jpg,data\raw\paper\paper543.jpg,761132411c4fcc4426c0684deb30fc990dfd798434b5be909d00f4212fda2cbb,1
train,metal,metal66.jpg,data\raw\metal\metal66.jpg,22389a79d35d5e8d121394e093dd723724e2184fd007f4c03b98c43b8c8fa48a,1
train,metal,metal204.jpg,data\raw\metal\metal204.jpg,0a85c75cdd7a30aafbb140bd84ced4847380370e5a901b7e4935e3cd7328e9cc,1
train,cardboard,cardboard399.jpg,data\raw\cardboard\cardboard399.jpg,60495c8bc2534d43ebd44b7f4e534cc7f4c2408ced3dba5b0415e5b79cb4b007,1
train,cardboard,cardboard118.jpg,data\raw\cardboard\cardboard118.jpg,a6b2370bb703f31cbf1e79ab9ef3e7f716a4579493b058a61fca85e37ae7157e,1
train,paper,paper218.jpg,data\raw\paper\paper218.jpg,b9d8d26a2ac4e417b63621fdaa374dad93bdb5530a56b395ef0e52db51c02fcb,1
train,cardboard,cardboard204.jpg,data\raw\cardboard\cardboard204.jpg,bde9127611fc86b82d3a0d620dd75227b627d6813fa8d56f026e18f00669015e,1
train,trash,trash118.jpg,data\raw\trash\trash118.jpg,747bad445f6b285fb18b4246b799bdd6fc1186bd3da96e10f340e07636d87e95,1
train,paper,paper49.jpg,data\raw\paper\paper49.jpg,7ec43fc936a809ca74cb55daabd0097236017cb4f205de16befb96dda33e779c,1
train,glass,glass109.jpg,data\raw\glass\glass109.jpg,0519ad30f76d691d2e55d6b920aeb5726da99cb839b5a44d1452a5178e109444,1
train,glass,glass265.jpg,data\raw\glass\glass265.jpg,d7d662f3401f041160dbc303d824183bb50875f5ebc9bb36e061afb47e910289,1
train,glass,glass131.jpg,data\raw\glass\glass131.jpg,f94057ef3e2c5670c934c2f7676ccfc98f28c0670f1df1d6d529def4523f4a9f,1
train,metal,metal148.jpg,data\raw\metal\metal148.jpg,8b589d4d3c385ba8ff4f25b2b450ecf651ba437d2ebce67aa9b5eb4e71724c29,1
train,plastic,plastic86.jpg,data\raw\plastic\plastic86.jpg,1c12d12b9af2e54c77d4e48d40ee831c67f699f251e391ff8864b881a6203c87,1
train,metal,metal134.jpg,data\raw\metal\metal134.jpg,17a57deae02dfa268f964fde93494e8504565bcf2de190663d621e9b4d9df439,1
train,glass,glass16.jpg,data\raw\glass\glass16.jpg,74b712afee2dbcaadc73eded8042d82e3feea08568c81872c1c2533ad19f4de0,1
train,metal,metal98.jpg,data\raw\metal\metal98.jpg,a4dd81260ccf5dab859602e0a7cbde61503e0eff94f24a358005f4a80bce009f,1
train,trash,trash53.jpg,data\raw\trash\trash53.jpg,3336119215d7d0d000aaba1c7b19ecd96290d1f0576db8c97e7f693b2d1b4efc,1
train,trash,trash39.jpg,data\raw\trash\trash39.jpg,c2298ca13c3e4050cc169de58b8b77cc6765e18b7fb6145586a96b116668ad0b,1
train,paper,paper562.jpg,data\raw\paper\paper562.jpg,1ec12a8ca7d10883c4fa60b804438a71b2ca53ca69f39ed04be43feee3b97bc9,1
train,trash,trash40.jpg,data\raw\trash\trash40.jpg,d99317af575c4d9f5a9e73475b6f4cb63a520ed9ae4625a1d1ead2a209cc7f85,1
train,glass,glass352.jpg,data\raw\glass\glass352.jpg,d5057cdf842f5929b03b495db6ae2438582accf9e96acb641b43ffb3a450279c,1
train,glass,glass53.jpg,data\raw\glass\glass53.jpg,e9319d2ac8cf666814030b0222c3f45a56094ebaf3d89ee18f93de9fdb267eb1,1
train,metal,metal359.jpg,data\raw\metal\metal359.jpg,c946ded8526ded8569e51f5c1a92233f5c3004f115e252bd562232214525b43c,1
train,paper,paper277.jpg,data\raw\paper\paper277.jpg,dfaae0e9d165ae8ae4f0c3d033dddf8fecd070d377c21e590be8b1d33d7cf04d,1
train,metal,metal235.jpg,data\raw\metal\metal235.jpg,b4b65449c9b9d7f98ce5f304a51f8241a4a3bce4b57d44418670e298d715a31f,1
train,metal,metal62.jpg,data\raw\metal\metal62.jpg,ba1e9103370776db0f48019aaa67ecf449d359e76b7f7cce8cc4fae189f8528b,1
train,cardboard,cardboard218.jpg,data\raw\cardboard\cardboard218.jpg,189f3c6c3c086d1c64a557be1206c99c7867c49cb890ac9e3890f8c4b5a64546,1
train,cardboard,cardboard260.jpg,data\raw\cardboard\cardboard260.jpg,64b61897f78d65c0ee7932007c80517f94435f184e68fc3f6268598ba919cd30,1
train,plastic,plastic90.jpg,data\raw\plastic\plastic90.jpg,e8eceda00dd5ab13f689f1597b08b7bbe04ff63bc9cb4278822423a28d8e0bf5,1
train,glass,glass424.jpg,data\raw\glass\glass424.jpg,3f106cb0813a448be81714e980df86c50260283f262d10b2ab0a5c6f81cc4af7,1
train,paper,paper425.jpg,data\raw\paper\paper425.jpg,e38a2b321412fb4e3882f674368c4e48aa78e89d1a26b72fb2e9a8a46026588f,1
train,plastic,plastic121.jpg,data\raw\plastic\plastic121.jpg,475d2f7b09bac0c800b26af40dcfc9de1e7c85aec2c84d5390f3cbdee85bd7fe,1
train,paper,paper50.jpg,data\raw\paper\paper50.jpg,a21129d3f691b233235260d9c0de2f0f55f87f29d8f12a8a7e68690787a42e9a,1
train,plastic,plastic104.jpg,data\raw\plastic\plastic104.jpg,ee2efd0c3de2816f3009e3220d6ceb0bf1ba3f9b02563814f85fc4fa9fd09972,1
train,paper,paper233.jpg,data\raw\paper\paper233.jpg,7f345d8a55b4621fbbc8b3ccb541e98de637d28454282dfb512d1dea0fde3f17,1
train,paper,paper531.jpg,data\raw\paper\paper531.jpg,19de2c32e6481800bb60f418780fa2062e40501ef9b4ebc6e1ddfec513d4169b,1
train,trash,trash106.jpg,data\raw\trash\trash106.jpg,455588c52216aa168cdaadd524158bc3d0e9b5b634973802a183ccb4163b0376,1
train,plastic,plastic165.jpg,data\raw\plastic\plastic165.jpg,5f3f970fb7fa2143711f163afe4a0d92cb86b338f1615271e77345884f148704,1
train,cardboard,cardboard288.jpg,data\raw\cardboard\cardboard288.jpg,cbca9e105606e20b8c361a09798bb07c02397325d6886561c6f4f2ec26027e28,1
train,paper,paper125.jpg,data\raw\paper\paper125.jpg,e69cd68ad29d54da782c3084294a11ca1c9bcb15a988e11a99f4e0b3cbc34397,1
train,glass,glass10.jpg,data\raw\glass\glass10.jpg,f11d856b820653d32078fa0b0cdca5b3976f1410d40fe8e222431d2087607f6f,1
train,metal,metal321.jpg,data\raw\metal\metal321.jpg,d2dd71182401d8bf5435688d69f63b8f39180d5d8f30c1953bbd663f7a0ab011,1
train,cardboard,cardboard140.jpg,data\raw\cardboard\cardboard140.jpg,5c07ab0e59bbf265410c979526ab9b388b28a5fd5fe93fa7d713ed96954ba7f4,1
train,paper,paper215.jpg,data\raw\paper\paper215.jpg,94ba3358c23a90b1cb1938887814d6c417a0a65414328e7766fc9ca2bf3e86c5,1
train,metal,metal338.jpg,data\raw\metal\metal338.jpg,719e22ef1d8018d34611197583c1f2d4be1bcc2c42e04c0c251867037adf9df5,1
train,glass,glass283.jpg,data\raw\glass\glass283.jpg,9a9da045e6cfcab09cea51164c28a3006549d5d9a532725c0535d2e440c88758,1
train,paper,paper475.jpg,data\raw\paper\paper475.jpg,d2d123d51e11e981788c64765fa540b995752c173f828cc8d6d71f07bb637027,1
train,metal,metal270.jpg,data\raw\metal\metal270.jpg,56e8e5a58b2e7f33cea00179b2fe2c94352726400d6803709e29ed71913f3c07,1
train,paper,paper31.jpg,data\raw\paper\paper31.jpg,9cb0f0a8b09d20626752b88d2f1d30e13ff4012b2052639b07350d04f28d023c,1
train,cardboard,cardboard54.jpg,data\raw\cardboard\cardboard54.jpg,717ddcb392be8566739f1ea3c4a5de6f66e3a4e8405e2e54c2310c8261c57d59,1
train,cardboard,cardboard203.jpg,data\raw\cardboard\cardboard203.jpg,21fca9f2141321b5856dd917ef588b9c60dd431e6435169d6120e4dac61c820d,1
train,plastic,plastic6.jpg,data\raw\plastic\plastic6.jpg,7e619fbd55c4a04a748d52ab82f2464967e0cc2b424f4e36d5f54c6e9bcd5be7,1
train,glass,glass432.jpg,data\raw\glass\glass432.jpg,4dc22ad211981dcd187eeaa8592aa7426ae31aaef0852c1e79d6033557ce410c,1
train,metal,metal332.jpg,data\raw\metal\metal332.jpg,73cba85746400ef60cfbde539c3bf6fce9375a0d6fb9519983e56af2ccd95f10,1
train,glass,glass143.jpg,data\raw\glass\glass143.jpg,29b5d945fee290819fe065f9672c46b79f77cf0cc9efd8a3a20fb61fc1d345cb,1
train,glass,glass296.jpg,data\raw\glass\glass296.jpg,c0a7abd833427fbab251ad491cb50be8b6edb760e0d3dc656fc80886a5bda040,1
train,paper,paper557.jpg,data\raw\paper\paper557.jpg,7d248992b164c7d3536b3c8b1d0062157e92b2851ccb876ed2da497b745c78fc,1
train,metal,metal341.jpg,data\raw\metal\metal341.jpg,dbd950d05165c3595b7daab51f387fc0dbc10cfea64d1273e9aef76047a4abad,1
train,plastic,plastic405.jpg,data\raw\plastic\plastic405.jpg,d61be560ee231eac62e7dc581fc44160644ba269c08cd9fa6eea7d9e68a9162d,1
train,cardboard,cardboard174.jpg,data\raw\cardboard\cardboard174.jpg,c00c0deac6ea17c761be9345f20b4d96f4c6c6c3818d55ce94af252aa4bc611e,1
train,glass,glass358.jpg,data\raw\glass\glass358.jpg,1f19da5bc22ec90742e10f675f9aff57756e7c51ea439530444f71e778169dc2,1
train,cardboard,cardboard144.jpg,data\raw\cardboard\cardboard144.jpg,10ceb0bffebd2fa284a0bd4000dfb9a0ee68af5412279cedcb414300be18161a,1
train,metal,metal212.jpg,data\raw\metal\metal212.jpg,7a1d9f2b32b18b73e591427b5ec4669e21ac23f01db9f71eaf65cc4b4655fcd7,1
train,cardboard,cardboard386.jpg,data\raw\cardboard\cardboard386.jpg,0a96edefa1adab48bcad66f206d7785629a5c08c1d16e957e4cb33971ac3b236,1
train,metal,metal40.jpg,data\raw\metal\metal40.jpg,17c58a4d59b4b066d5e511cdc2e8199f0122019c1464abf527b3521917fc3ad7,1
train,cardboard,cardboard255.jpg,data\raw\cardboard\cardboard255.jpg,5180641ce08953111aebef2cd06547461b0867530e70d509cf66b2ea8860c267,1
train,paper,paper122.jpg,data\raw\paper\paper122.jpg,b4cf5bdf570950bf07857cb026e3288eea97e862023042248b7cd42b571db517,1
train,trash,trash51.jpg,data\raw\trash\trash51.jpg,35c30bc348530667f60c6bf6396552a396e4bbe3f9c8da0e808a3e1c673504a8,1
train,paper,paper537.jpg,data\raw\paper\paper537.jpg,6a24f95698f17964405eaab74c341c291a5b489487d19c2656fc815e3024bed2,1
train,plastic,plastic201.jpg,data\raw\plastic\plastic201.jpg,1e0b2094a10bec25a65f4c01b6f7f8ecd6da63825f27829d9631360f8ba3aeda,1
train,glass,glass59.jpg,data\raw\glass\glass59.jpg,9be6caa848a980f2eaff70803bebbe73118b0fc967682b839f0785c1e9f7a98c,1
train,glass,glass43.jpg,data\raw\glass\glass43.jpg,829960914573eb28a9f972c16f8178830fbfbbd2eb11e5411d89daaae1003330,1
train,cardboard,cardboard155.jpg,data\raw\cardboard\cardboard155.jpg,60d831303691885a30cee326a4a313221bd4c53c3747d6c560cc45fec749feb6,1
train,plastic,plastic479.jpg,data\raw\plastic\plastic479.jpg,33e4e2e3eb43881488a6c6390e0d02a38d35c1a1851a5a04471fa8b08c21727b,1
train,plastic,plastic222.jpg,data\raw\plastic\plastic222.jpg,aae0d683f6e9b3272b7945a1f4f095e65919df7056d7d6756d174a407a68fc19,1
train,trash,trash131.jpg,data\raw\trash\trash131.jpg,abebda9f7ef7b14f4a33b164566a4aa09f23cf0e7605f019fad2f2fa9c1574ae,1
train,plastic,plastic136.jpg,data\raw\plastic\plastic136.jpg,2b8b7b53c225e04948f7c1c875ebc4be4382268dd5ec4b0184bcaddae505273e,1
train,glass,glass383.jpg,data\raw\glass\glass383.jpg,538ba22288181186a6c443d325a294dd28d297ad098a264ca671d4a607899e09,1
train,plastic,plastic25.jpg,data\raw\plastic\plastic25.jpg,85f8f176fd9b9abd4fc5291679deaecb6e09d45192b4a9832f8188c28a2f635b,1
train,metal,metal57.jpg,data\raw\metal\metal57.jpg,6c1b495727eec4a95990099ab635d290e3faa8ba2fe9074d05d9e63ab7e6f273,1
train,plastic,plastic3.jpg,data\raw\plastic\plastic3.jpg,7f4eb255c95899e33a37895fff70b99314c037995de0a6c2a4d53c4e14226889,1
train,paper,paper511.jpg,data\raw\paper\paper511.jpg,44c3a8746de764692183aaba206853754323cb98b1c0853bae98f33ce520dc24,1
train,cardboard,cardboard147.jpg,data\raw\cardboard\cardboard147.jpg,3fb80051a8aa0e7682187c6f9f806154eee6862d7cd1c596cf70c226ff7c03b7,1
train,paper,paper366.jpg,data\raw\paper\paper366.jpg,ea850c4b381a54d360db35fb5ad3bb002e3dffa2db7fe516f03c65d2a77e7121,1
train,glass,glass153.jpg,data\raw\glass\glass153.jpg,5fbd69d4c331f2593d2694aad0e3bd5eebe4d5e4309c000ebba66f2a7ae4a681,1
train,glass,glass25.jpg,data\raw\glass\glass25.jpg,b598e060b6ab583b586aa2b402a4c0303f33300daef0b1edaf2e630b82d2aa61,1
train,glass,glass382.jpg,data\raw\glass\glass382.jpg,24ad3a3342e4f1fbf4ff5060171fb26835225df98dba3dbc0fa2269a71582110,1
train,plastic,plastic124.jpg,data\raw\plastic\plastic124.jpg,71efb049f7a58617c6c2d53dd490e2fd194a0b22b6753fc97efe84e82f3f7d42,1
train,plastic,plastic39.jpg,data\raw\plastic\plastic39.jpg,faf28d8f09c1075d3337ebf19bcafda1427053deb2ee9827926f9077f9ebdf1e,1
train,metal,metal174.jpg,data\raw\metal\metal174.jpg,8ae03f7749fc396d487244ed1cad32954c5d579fcd2620b609ac8f7f578bad14,1
train,plastic,plastic162.jpg,data\raw\plastic\plastic162.jpg,09a6d4927b5d8d3c819db94ab60cc96a484abd731c2c08f323033a80430e3467,1
train,cardboard,cardboard290.jpg,data\raw\cardboard\cardboard290.jpg,9cf5da54b456fc68cdaa5ed5ef415bcba50a4a95e220b01aaf9bd1dc05f8ce2b,1
train,paper,paper448.jpg,data\raw\paper\paper448.jpg,b7fc8592f16fa6091b9e591d0486ce34bd6122a848fce132a14e4c3a6e5c595d,1
train,glass,glass311.jpg,data\raw\glass\glass311.jpg,b39aa12f708cfe510fed276ed590eed15b6630d2ddd258ce455c88eee39e4dca,1
train,metal,metal96.jpg,data\raw\metal\metal96.jpg,aec06e44653c156cf4559b430a06c74ffc65a20f4ce75e38e5c4c737c8390b4e,1
train,paper,paper174.jpg,data\raw\paper\paper174.jpg,5075d4fbacc8db3e73922ba94c7f63e6a6cda109bfd3eb2041980891c84f0f3a,1
train,metal,metal344.jpg,data\raw\metal\metal344.jpg,75541c15a811597a817da2d32117b2f90c36ef7d4a4680b8b5a734daf45e53c8,1
train,paper,paper267.jpg,data\raw\paper\paper267.jpg,c39b71366e6a436ee2e3f25356e699e81e811295cf2f081a0faa87646bcfabff,1
train,paper,paper319.jpg,data\raw\paper\paper319.jpg,f5ba9e9b9dc32963287e06e70efe72fb458f0b00424c434a8d644038b980dde7,1
train,plastic,plastic147.jpg,data\raw\plastic\plastic147.jpg,8e8e7e44749452543840bffd4d52cea0a9cb0bfde68fac8188055f5bf884db62,1
train,paper,paper3.jpg,data\raw\paper\paper3.jpg,45896b90501bf5c7a229f61470f20be296f3f682e01acda906db6a00d2e37d30,1
train,plastic,plastic287.jpg,data\raw\plastic\plastic287.jpg,894adaed8f5888ccec198d9084553d1b1218e0f05bed3a5e8aa6918f0faece36,1
train,paper,paper381.jpg,data\raw\paper\paper381.jpg,35415039975290f0c7d36c93f5fc684c147e8632e93e9abddacb2cff35f0aad9,1
train,paper,paper275.jpg,data\raw\paper\paper275.jpg,3f7ed65f05f1715380f8587b6866e130240666e7cd130a1fe47ce1b59428faa4,1
train,paper,paper591.jpg,data\raw\paper\paper591.jpg,9de2d1a85d5fc90a642eb0a0ac166aff0cff679e423483cf36fcd960a4f24f09,1
train,glass,glass426.jpg,data\raw\glass\glass426.jpg,4a7b06d066c3cd879e9664640df08587b987459ae55d771116a976e9be8b1d39,1
train,metal,metal99.jpg,data\raw\metal\metal99.jpg,6b33e62797187f90563f7f0341f563b4d1dc07a64fa7007fa3a0b1cffb779bb1,1
train,metal,metal266.jpg,data\raw\metal\metal266.jpg,423df73e6a1bd921e9e7a1ffee26f7ab06f57bac182b063df421b5b728178f3b,1
train,glass,glass72.jpg,data\raw\glass\glass72.jpg,f527881746641648a7b0522a5bf446e6d0e34b08cd1a2ec35308539347637a36,1
train,plastic,plastic153.jpg,data\raw\plastic\plastic153.jpg,214c390cd34fce2b18dd269926f2dce3f7defb135278d800bcc0cea0db207aca,1
train,glass,glass471.jpg,data\raw\glass\glass471.jpg,dcf5d4f53b81a52540963559616bbe97d2c1f890813435699887498bc0d3ae94,1
train,metal,metal120.jpg,data\raw\metal\metal120.jpg,6502fbfe5b86821fcd7e961779cf1abe317b78fd06686cb053a62cc777c2b71e,1
train,glass,glass361.jpg,data\raw\glass\glass361.jpg,5ec7be1cb8df2bce73b2c55406f4d3dc21d97a8b334723551f9966bea0064994,1
train,glass,glass5.jpg,data\raw\glass\glass5.jpg,7190667dcf9367717c8197ae8defb1614bdaf2fa2ce61b6c2333b8b7322a53a6,1
train,glass,glass78.jpg,data\raw\glass\glass78.jpg,bb0072515b4e6edbc874b4f1cf218a5183751eedb980150e5e48a0cc07e48352,1
train,glass,glass132.jpg,data\raw\glass\glass132.jpg,6f330b32fff5c12ec3b7cf9b6fc134deea9b2468ba0a339c46ea069e03a58b82,1
train,paper,paper575.jpg,data\raw\paper\paper575.jpg,38119fcc2f80936b404ef9b72083cae5e9d8fc8d97ec28e771e3b7fd5c215680,1
train,metal,metal351.jpg,data\raw\metal\metal351.jpg,e47484d4ebebc7e9c062ce870d16511d0cd6ddbb982ffd1508ad4bb4738db11c,1
train,metal,metal367.jpg,data\raw\metal\metal367.jpg,aba527ea42a5cae52993339b9fdeb8bfec8b191a471aae2731f91c56716bde0c,1
train,plastic,plastic241.jpg,data\raw\plastic\plastic241.jpg,6b69cad1ae109b030b4a1f2dd376de3fb4d9780d78b372c462abcc0db1e37e7e,1
train,plastic,plastic380.jpg,data\raw\plastic\plastic380.jpg,f96ebe860f17249cdb53bcc1c236f681a7536b484c7a11c6bfdce9788e0076a7,1
train,plastic,plastic37.jpg,data\raw\plastic\plastic37.jpg,0a31fee31053146410b99eb9734305556d5cc7b83c0c3c88931353d3753ba4ff,1
train,paper,paper493.jpg,data\raw\paper\paper493.jpg,c0e2a3a37b098b4b4923dc3bb67a30ed502867535d837d0bc8063b1322fd0885,1
train,cardboard,cardboard22.jpg,data\raw\cardboard\cardboard22.jpg,65cb3041bbaf174b8d27b28b3cbfa678325e0d57f51a48742faa97f06a465895,1
train,cardboard,cardboard372.jpg,data\raw\cardboard\cardboard372.jpg,d0794e6bc06131435a388869c9d836045538403bc261d45e213d6adb72eac80c,1
train,paper,paper18.jpg,data\raw\paper\paper18.jpg,92024c5e902fb012f4d98d522ab7670494fafe78a3feec0d84d03413e626e259,1
train,plastic,plastic167.jpg,data\raw\plastic\plastic167.jpg,d4143c9315967ea98cad769421cfe61b87036ce99a1faf670277eee1801d9c73,1
train,cardboard,cardboard234.jpg,data\raw\cardboard\cardboard234.jpg,17111e478c7b5036548661b8c4ea6453a562f0cdc8a3ea3a6f4645b331893348,1
train,paper,paper300.jpg,data\raw\paper\paper300.jpg,ca927223253cf6eeb07d622add184e88cb158dca1e28b116e540c6e3d5f55902,1
train,plastic,plastic198.jpg,data\raw\plastic\plastic198.jpg,fcf9e895001a17b7c76f70b6e9aa3e96628405f8aaa1c51fc7f318d305393aef,1
train,glass,glass477.jpg,data\raw\glass\glass477.jpg,14882250d08eb7d7e509275d44e326b5db190634c97221b3e8d93e3030c6e22c,1
train,plastic,plastic224.jpg,data\raw\plastic\plastic224.jpg,1bd51773840a0c85ba787d7a486edc9ccef32e782b31760c3d5324ac39042de8,1
train,trash,trash24.jpg,data\raw\trash\trash24.jpg,016c256ade2e52c40791cd3fca036b17e3e01219c80a2f7a4798dd055b2b9ecf,1
train,paper,paper553.jpg,data\raw\paper\paper553.jpg,ada930715b7283772c19ddea06bbb12e936db535682644e692a6c360af4d2ce4,1
train,plastic,plastic180.jpg,data\raw\plastic\plastic180.jpg,2d1992d1550347f99e6aeba304ca7794d2021aad257d048e1a3d2303a524f304,1
train,cardboard,cardboard179.jpg,data\raw\cardboard\cardboard179.jpg,be36636033d78b61ddbbbdecccfcb0537380e04eb84121289268018fb0827b9c,1
train,trash,trash3.jpg,data\raw\trash\trash3.jpg,d61760bc3764e4da7bb229fb76a8e16f39ebeaf5a4e04ad18b06446c506695c8,1
train,cardboard,cardboard30.jpg,data\raw\cardboard\cardboard30.jpg,0c2f6c0edcbe5048e00e8cf3544c7d88da44ba424ef3ee6cf0124abef83ce311,1
train,metal,metal231.jpg,data\raw\metal\metal231.jpg,59f6dde9204d9fd4c5916e95085650160f3371883da5b3f621ebfbe936860288,1
train,paper,paper53.jpg,data\raw\paper\paper53.jpg,660cb3a69fb9662a5d5d7b5270290e542a5dfc225e520d24cd9e85181e9be01f,1
train,metal,metal111.jpg,data\raw\metal\metal111.jpg,60273e1cefdeb1ad86288a56d7b9c76dbef19cb96042ff66cb0fc456c0ab5d6b,1
train,paper,paper470.jpg,data\raw\paper\paper470.jpg,89c34d6081d6253eec9ff5d4b81d5e406de7b5ddd6ec4563eb55cc986181fa5c,1
train,trash,trash68.jpg,data\raw\trash\trash68.jpg,f6b0430a22960812c30c536b9f1d56052cc306314e5647fe6fad46bba63fb341,1
train,plastic,plastic452.jpg,data\raw\plastic\plastic452.jpg,ed86868e162e7c01e52d7e6192222c0bc3d641ed3ed081f57d862e6fc2fad7f6,1
train,paper,paper413.jpg,data\raw\paper\paper413.jpg,8dc98412e1d8da9bde248aeb5850a3acd758579063f3518b5f60fbf03dc85eb2,1
train,cardboard,cardboard196.jpg,data\raw\cardboard\cardboard196.jpg,2e2814038c3594bb3d50fa40a8a4763ad9087a2b53e21c061f51d7cf0a90b78b,1
train,plastic,plastic370.jpg,data\raw\plastic\plastic370.jpg,f12898504b448ad7c3134742b61d69297dde32f9b4b037d5a60dbe1c429ddafc,1
train,glass,glass333.jpg,data\raw\glass\glass333.jpg,10e792bc96429a72d468bed74d16b2d96dddc62d58fd1a004e33bd0c25e9d795,1
train,glass,glass175.jpg,data\raw\glass\glass175.jpg,57fd26c959d2c1d95ece113ceb242ac54983dadf4bc5c70a97624539952be2d1,1
train,glass,glass397.jpg,data\raw\glass\glass397.jpg,af12f267b156bead9d63532af706e069814b4fedba2fac77cfc411770cd31153,1
train,cardboard,cardboard126.jpg,data\raw\cardboard\cardboard126.jpg,0417170e5e24a3210f42957a6b7c058c5985b2e01c11a76384cf4ede41fc6580,1
train,cardboard,cardboard301.jpg,data\raw\cardboard\cardboard301.jpg,7dac1be538d66c303f6c767c4ceec8a065e6404aa606b6df3fc7b554e4fb5f5b,1
train,cardboard,cardboard58.jpg,data\raw\cardboard\cardboard58.jpg,57377ae353ec92a26bcb378a5b26d68910bec776600ebc486d17fb0a93bdabf9,1
train,paper,paper592.jpg,data\raw\paper\paper592.jpg,6de94a8ae9fcd8d62d4870bfa9369bcf4a9517e50de9f12f818c903c4b054c0c,1
train,metal,metal365.jpg,data\raw\metal\metal365.jpg,e5e02e25ce27f29db9d0eb8a55a6b5ce5a2e10fb0567997b3cd5cc25e5baf522,1
train,cardboard,cardboard339.jpg,data\raw\cardboard\cardboard339.jpg,8f61c28b7a3cafa66e3c9a2ff6c818c288a8f31f21ad69f85135b04447060b04,1
train,paper,paper195.jpg,data\raw\paper\paper195.jpg,b02455643fd5c498f1e8502bf3772bebd72eb4df2a98ca3c77ba0d36a3df1fab,1
train,cardboard,cardboard371.jpg,data\raw\cardboard\cardboard371.jpg,0a2811895c18884b47751b2c019fa4e4c4786d9e85ab39d64148527df00648ed,1
train,paper,paper144.jpg,data\raw\paper\paper144.jpg,c1976fd353d41344f825d988703f63ece168e453f9630f4964d3952890a0559d,1
train,glass,glass166.jpg,data\raw\glass\glass166.jpg,37b39b89ac20b1e95790047208d505c94e11284d100b2005bf27fb297b278e3e,1
train,metal,metal307.jpg,data\raw\metal\metal307.jpg,617a85c765e82f6036997e6204090dffda026898eba70f46e26fcaafb0df9cc3,1
train,plastic,plastic182.jpg,data\raw\plastic\plastic182.jpg,0eaf0d06661b144a9c06dfd259403eabd5b2f10e1fd31d51dc658b69e93a6068,1
train,glass,glass114.jpg,data\raw\glass\glass114.jpg,6098988022480b9c9b7472aed9c531d64279a3eb9f19c255b0d991458d03c7a5,1
train,metal,metal326.jpg,data\raw\metal\metal326.jpg,f58e4a31e9d5b76d462d32ae5a530f50684bc525a95957e0d7958a84703649b0,1
train,cardboard,cardboard330.jpg,data\raw\cardboard\cardboard330.jpg,60e7b4e2b0ac8b39a6494d4f49bf9c37515fee5a8b2154cf079501971b4498d2,1
train,cardboard,cardboard192.jpg,data\raw\cardboard\cardboard192.jpg,d88df2bceff6f2702c550f6f78e64eb598a9fb961222f83de9ede85fea44fc45,1
train,cardboard,cardboard138.jpg,data\raw\cardboard\cardboard138.jpg,7d70edc60cfb2c34a6c9d636200d39f61b0c5d7ed4a69b30b1f99cc4dfda1984,1
train,plastic,plastic130.jpg,data\raw\plastic\plastic130.jpg,05da256767172a2eb0619d0014d6763bb4cbb92b75e3fd328c5db86f6f80f6bc,1
train,plastic,plastic62.jpg,data\raw\plastic\plastic62.jpg,89727a52b4a17ae1508d41186ed38d03df84d0cf3b4ba2813cea9507d55e36e5,1
train,plastic,plastic272.jpg,data\raw\plastic\plastic272.jpg,6c0952547164bd6bc5bab5a971f84456c1bac30a983758cc51d5e141447f8bb6,1
train,plastic,plastic143.jpg,data\raw\plastic\plastic143.jpg,2b4099e51228220b28a0960f3bac42200765f00d88c1bacc1420740b8a645dd3,1
train,plastic,plastic242.jpg,data\raw\plastic\plastic242.jpg,3d1e36e5e4c1af663d0509513d856d7430c70915e52c20cb1b9f2e0979a2a2fe,1
train,cardboard,cardboard210.jpg,data\raw\cardboard\cardboard210.jpg,4aadc37b0c115185220dd1d207fa5bc3633c93cb09c5fd193b19b3f10e0be0a9,1
train,plastic,plastic286.jpg,data\raw\plastic\plastic286.jpg,e78e85656429571b165f2034aab58e3be7219e70641da073fa582a6b11f8b547,1
train,plastic,plastic271.jpg,data\raw\plastic\plastic271.jpg,b21a383cdc95334871f941e2fab170ad41e57e62caa29d1bbd022b669ef424c7,1
train,glass,glass404.jpg,data\raw\glass\glass404.jpg,02a46a9c5478fbcd6c96d8d10229ac80ddf002dc839efe95be2d9eba97bacd0a,1
train,glass,glass171.jpg,data\raw\glass\glass171.jpg,3884af902ca01c8ee80ddd364d0f8a59c10946f545fc6a7ec32c71016ccc7b45,1
train,metal,metal104.jpg,data\raw\metal\metal104.jpg,e0b767d1ccf5e062bae2009c95459a1b0e945131f28fd9a6d0cb3695d83dbabb,1
train,plastic,plastic302.jpg,data\raw\plastic\plastic302.jpg,fd01973669f1e821c8d5fb4403e11fbc50fed749a390e494638ddcea2d5a2eaa,1
train,cardboard,cardboard16.jpg,data\raw\cardboard\cardboard16.jpg,c9a105d6d78b97099ba3eb73cc839756360930b718b1d538474f64bc67d2f164,1
train,plastic,plastic345.jpg,data\raw\plastic\plastic345.jpg,0b529f3d5ce73e58b4168a271e5e29bb66ade9eb0ddd9616b55ed7e3068a9104,1
train,paper,paper221.jpg,data\raw\paper\paper221.jpg,ab9bddabf300d8da615bb2d652ef81c4cf198102db42a47d66b09a3d0ddd6561,1
train,paper,paper434.jpg,data\raw\paper\paper434.jpg,ad20da3d35c1d67dff131edbb2c6c06c0d17280243994a6354402626eaa2ae07,1
train,cardboard,cardboard281.jpg,data\raw\cardboard\cardboard281.jpg,8beb0f6c0462c17405722a71a08bb18fba20e964cf12adb1a63020968782564f,1
train,plastic,plastic128.jpg,data\raw\plastic\plastic128.jpg,a26e462649edc9bef4fea36cda86c8e8433219c03ac428a97243467c7dfddb82,1
train,plastic,plastic168.jpg,data\raw\plastic\plastic168.jpg,48f49b87a652760a34af2b71b85a03aa1f4f71b522d6abec5c9f917caeb60c22,1
train,glass,glass42.jpg,data\raw\glass\glass42.jpg,b2f6fc320df5a2e21f07e4a7dc8927e99c505c2630ed036ef4fce8f1156600e4,1
train,paper,paper335.jpg,data\raw\paper\paper335.jpg,2d4e555b298b81c20de1b743c09bcb76d8322fe6f9e4e258a0eb036ad020a805,1
train,metal,metal276.jpg,data\raw\metal\metal276.jpg,590eea2bd198bf907b896a848e22cbea309ad0eb6a997bcbbadef218d376e929,1
train,plastic,plastic48.jpg,data\raw\plastic\plastic48.jpg,de7518266453b4e7bd276aa21052733fd68b468729f80879233db0665cbacd26,1
train,cardboard,cardboard279.jpg,data\raw\cardboard\cardboard279.jpg,90cc4f1fa51b32bb82637b946ef03a11152ac9c6a4348f4dc3eb5b2eec7f203f,1
train,paper,paper254.jpg,data\raw\paper\paper254.jpg,70e314c239a2c9da73b825e1e9e42b84ab8ceeeeb35f8810a7acd96e37129edb,1
train,plastic,plastic401.jpg,data\raw\plastic\plastic401.jpg,41691dd04158ed6b0a2cffe6470a4e4c28bc1a172d6b0abc57233f7564872443,1
train,cardboard,cardboard182.jpg,data\raw\cardboard\cardboard182.jpg,7e3f9b753d038ef4fb3cbc0fa67d2cf4bf16058e83fc3251e1c5a51ca6b08a86,1
train,plastic,plastic276.jpg,data\raw\plastic\plastic276.jpg,bfdfbc629a84967c1dbfdc3e90275279a2a2760f9053750c64a3307db605f4d8,1
train,cardboard,cardboard313.jpg,data\raw\cardboard\cardboard313.jpg,599b5806792a91633a29552b7c7d041a38dc2bafc47d9a198a14fbf64ea74cb5,1
train,paper,paper272.jpg,data\raw\paper\paper272.jpg,21d49892bad71dd6d10216d8afdeb8ec8fb18f969ba5eca49673dab08ba2759e,1
train,metal,metal85.jpg,data\raw\metal\metal85.jpg,8166cb0d443207d381591d3fdc0777a84c282f0e3eb4e1489dff71e11bd1aa4a,1
train,paper,paper462.jpg,data\raw\paper\paper462.jpg,e2770d67e42bc2ae3c4c6d55ede9d4a77408d066f81d2c68de9d9fc54ee41e22,1
train,glass,glass340.jpg,data\raw\glass\glass340.jpg,6975af3bf8e19305aafbc82ce3c8a6ea484dc31f48e839adb924b8b3e828bcfa,1
train,metal,metal32.jpg,data\raw\metal\metal32.jpg,f9b81121dce1fa7ccd8379ec1a559504bc2bd769d0060504f69f3d79f6571cca,1
train,cardboard,cardboard145.jpg,data\raw\cardboard\cardboard145.jpg,e57e3b344b171c2ff32e3b50985cdfa163f01d81265d11c97ca7c96b8f3a612a,1
train,paper,paper570.jpg,data\raw\paper\paper570.jpg,2fa1f0646d8d321df59ea70a0980785d4f364ed05897eec367d66728f601c469,1
train,glass,glass420.jpg,data\raw\glass\glass420.jpg,33b18defd00b310a029b3c920f4be2aa8ec60d0beb744f56d986dd239bdc2cf9,1
train,paper,paper170.jpg,data\raw\paper\paper170.jpg,e63f334f8f268dd4695c7842342ea1add475ff12b59f41179085834c5f0e6171,1
train,metal,metal363.jpg,data\raw\metal\metal363.jpg,82fe752309b526ff9836471a58693a35087317d19a23d401bc56931857e9f5f7,1
train,plastic,plastic391.jpg,data\raw\plastic\plastic391.jpg,b60c1808e1fdae7723c3bc4239b793ee77dc6bbd7c591e79fe98c72ce2fb1d2b,1
train,cardboard,cardboard327.jpg,data\raw\cardboard\cardboard327.jpg,cf3ca7021af61d06c5baf94e3974acd09df0f7ac5168c588f89b094dbebe8167,1
train,metal,metal274.jpg,data\raw\metal\metal274.jpg,436a9a4a5d914bc949558e40833bb456353635f1c2a766f5e58adff761e9972c,1
train,paper,paper331.jpg,data\raw\paper\paper331.jpg,b3941029581e0d870c0611ac7cb7d59582d6e7f8c0405730ce392f953a173b66,1
train,plastic,plastic464.jpg,data\raw\plastic\plastic464.jpg,04765f074dd08bdae1387eac7aad0ea5b047071a2a4ee4ca494b4f868471029e,1
train,glass,glass464.jpg,data\raw\glass\glass464.jpg,34ab31ec6509b7f941f83b85362d25f99793cfc024b514ae79265456c6c1b55f,1
train,plastic,plastic219.jpg,data\raw\plastic\plastic219.jpg,45ccd79331785e8cc08dc6f31a02f471c4bbf44300d562a553e8fb21b18c3857,1
train,glass,glass469.jpg,data\raw\glass\glass469.jpg,0381217bb245aadb51014ebd8f8cd802013dc1ee9a3cfd263c5fa9563a346760,1
train,paper,paper373.jpg,data\raw\paper\paper373.jpg,aaa74f86e55a07aa644fba3d3693d525099444d717e0ad735aad08f354320ddc,1
train,cardboard,cardboard359.jpg,data\raw\cardboard\cardboard359.jpg,2ec5c45faa603f8df4771d73c961445b6e9fc634c550a379a8d5ea4f7bf570f4,1
train,paper,paper378.jpg,data\raw\paper\paper378.jpg,b72cfadd1bfa0cde78043dd73d0f17ff84cb48962dd5545542fb3b0c6b052264,1
train,paper,paper499.jpg,data\raw\paper\paper499.jpg,2658cc2c0491706f7b2cef7383c367295ca39291c1c26989e035eede274e268d,1
train,metal,metal50.jpg,data\raw\metal\metal50.jpg,83e366a9abd3d4a450916672b6043699cfcb8c20ea31d0b28cf928e69589cac6,1
train,plastic,plastic80.jpg,data\raw\plastic\plastic80.jpg,350124b58b826b16e7e73331b4c16846229343a1099c61b3868bfd8bd9ca8075,1
train,glass,glass21.jpg,data\raw\glass\glass21.jpg,94414919083006bdaa55d3fa5c1cf98324b0c3a87436c6d25c27e34ef9ffaaa6,1
train,metal,metal21.jpg,data\raw\metal\metal21.jpg,f2dd2e04bea9964dd5a699723858eb9705b52889b5614bdc09260effec563ed9,1
train,paper,paper67.jpg,data\raw\paper\paper67.jpg,7431fee541682c57e6e708de717d8816560fa625b3cb0b1c0ba0b97651082efd,1
train,glass,glass410.jpg,data\raw\glass\glass410.jpg,569b966e1bcbfe5a07566b18a1456ff5eff849110327650f0f8f5e68f37fd182,1
train,paper,paper70.jpg,data\raw\paper\paper70.jpg,c005fec186cb09d3b489653a35b4ca0bb892a8d4ef62f0372937b29c9d6fd997,1
train,cardboard,cardboard342.jpg,data\raw\cardboard\cardboard342.jpg,be001a7b04e7181e07a4bc372628114d44bcd4444ff9fd6a0db9de7f4867a227,1
train,paper,paper210.jpg,data\raw\paper\paper210.jpg,ed89314fe3902a917ca66fe0188bf80b7056394527b435679e727f51c79cafd1,1
train,paper,paper84.jpg,data\raw\paper\paper84.jpg,8a20c1abf8ba3aab3d9ee69629057437bbc9e86000e468acf74da37d5310fc2a,1
train,metal,metal75.jpg,data\raw\metal\metal75.jpg,54f513bb65bddd2af0ac28a29960d41b26c72064190f9462704ebc0b4397616f,1
train,cardboard,cardboard265.jpg,data\raw\cardboard\cardboard265.jpg,7ec50537bb0c191c59eb2187ac99ea2f143bf915a61755249487e268ff0daeae,1
train,metal,metal353.jpg,data\raw\metal\metal353.jpg,eb0b654865af8e1255154b729ddf5b753d662425169ef4b8acc1fef825453c1d,1
train,cardboard,cardboard160.jpg,data\raw\cardboard\cardboard160.jpg,14d11e57928a1db1778bc6731d4fab8746cef8224fb13f95ced869e614c8f1e3,1
train,paper,paper399.jpg,data\raw\paper\paper399.jpg,6c15c94952ed7b3d68d37ac959b7eb79af921100649f312d6779f78c131b4600,1
train,glass,glass305.jpg,data\raw\glass\glass305.jpg,3c6fd9489e4f34920a581c19930bb6288d757089c209e925cb24cf5988fe79a4,1
train,cardboard,cardboard171.jpg,data\raw\cardboard\cardboard171.jpg,770e0a53378932f757ebdc1422b58f53b243f303a56edda8dec68884e375881e,1
train,glass,glass199.jpg,data\raw\glass\glass199.jpg,e96df29d6dff297f950ab9ee0c2b86af463d823abe610344caa3f2cd3a7d1833,1
train,paper,paper363.jpg,data\raw\paper\paper363.jpg,aab642022b02980535cf7d9688324b1458f4f5e14e3f70cad1e2b276788fa186,1
train,cardboard,cardboard87.jpg,data\raw\cardboard\cardboard87.jpg,a13c5331d62d0e1ecc819720fc039cc5d2f1c899ebe8d60b967e99b496697611,1
train,glass,glass14.jpg,data\raw\glass\glass14.jpg,8bf2937d21fe919fd3e32f72b60e93d1068ef5f88c122280b2097d0b69d91332,1
train,glass,glass386.jpg,data\raw\glass\glass386.jpg,807191c231fdef759b4d6496ba9d58e78bde4837d9571eda95f8a5a9649ae4b3,1
train,glass,glass264.jpg,data\raw\glass\glass264.jpg,b80a9093e3923b2efa86aec48587315c63a62be43ada743606b5f77cb8a4ea0e,1
train,metal,metal200.jpg,data\raw\metal\metal200.jpg,fd3a8e88041429279bcb1ed409d7bd8901017e2912274b94f1a591c584638db5,1
train,trash,trash14.jpg,data\raw\trash\trash14.jpg,7c9c51cc21bbf23482aa67e7c58f5c74c77bf510b22364eb6f1441242c9590fa,1
train,plastic,plastic240.jpg,data\raw\plastic\plastic240.jpg,f427aeaf6fa2267aecca4f945dccddf0cb85d3a798b66aa1562870a897a705ff,1
train,plastic,plastic177.jpg,data\raw\plastic\plastic177.jpg,b0dbf76688a902b77194dc78f8fb422ae6372bae747a9c6df479c930ce58c13a,1
train,glass,glass466.jpg,data\raw\glass\glass466.jpg,97baf9536e750d14c54b0096d370e28b4eea6fa1b272315547e4a18c2989e077,1
train,cardboard,cardboard139.jpg,data\raw\cardboard\cardboard139.jpg,5d9a890325e8be067316639d0a107166c5fa5025a693271941bfe282cc350598,1
train,plastic,plastic23.jpg,data\raw\plastic\plastic23.jpg,6fcc879e28f160e32e2b5f8b4ee0e8ab3e57dec802cdfffd1afedf2ff98ef3fe,1
train,glass,glass281.jpg,data\raw\glass\glass281.jpg,9d015edae42ccb821521d675ccd03a12820cb15feb1d7697ca932773fb7999db,1
train,paper,paper177.jpg,data\raw\paper\paper177.jpg,fbcddcd9bf74f740cd092efe455a01919ed0bc4ddc42792149d74d482ab0e918,1
train,glass,glass44.jpg,data\raw\glass\glass44.jpg,5095427e952ddb4d2d0f3b100d0d25d9a0a88eb6f50584b5e8e33150309022e9,1
train,glass,glass173.jpg,data\raw\glass\glass173.jpg,8fae57e5b4d3ac7065ed383cc15fd361dd85d049281160973fee7be13d793b53,1
train,cardboard,cardboard296.jpg,data\raw\cardboard\cardboard296.jpg,21c3c200b36649b8790df2a1ec57c2da2643db3c32e051cd4583aec9b450f5cd,1
train,metal,metal176.jpg,data\raw\metal\metal176.jpg,d5601d2eca8d41260c636e4c2059104b662a397df77b1e7b222514dbc653439d,1
train,glass,glass293.jpg,data\raw\glass\glass293.jpg,317b8d9894ffb98bf8c0b3aa81206fe1ffa19c19ef3bf012e7fc174f549ffb27,1
train,paper,paper157.jpg,data\raw\paper\paper157.jpg,93809aca561a45191a8b3e9d29885755a364a51efea2cd3f19a7fa9266e64f7b,1
train,paper,paper577.jpg,data\raw\paper\paper577.jpg,9ce06b4214115851c2a0b489cf5506521eaddc4827f4557e9ac7bc1a6a7213b3,1
train,glass,glass67.jpg,data\raw\glass\glass67.jpg,47e42f629e148b54a43f1a78297fd53080d2900763074fa08fca306bf66aeeb2,1
train,glass,glass373.jpg,data\raw\glass\glass373.jpg,38dec10915658f16888ee956e108457632dc1baf95b8f8a9d29d8d26c18c484a,1
train,metal,metal1.jpg,data\raw\metal\metal1.jpg,c9e3856e65f887bd3b04edf686e6e1d265a67306a0b3a3c7a05edb83af2447b3,1
train,trash,trash90.jpg,data\raw\trash\trash90.jpg,f955f1211690725a8ef0e1e26e2cddcb8d89a3f0db31aa6e99f372f4e6f0dd2a,1
train,cardboard,cardboard390.jpg,data\raw\cardboard\cardboard390.jpg,44474bf3fefd8dd4d0cbe096a918f7eb5cb8c54efe0d35e0f5ef1cc9fdb84635,1
train,metal,metal293.jpg,data\raw\metal\metal293.jpg,9f8888050b7043d757bc860110edb1d1e20e0805ec25a0c3541caa02fd9a04c9,1
train,cardboard,cardboard116.jpg,data\raw\cardboard\cardboard116.jpg,9537b0fd18ac7a43bd2f9cbfdbfd28d1e2460b4dd9d2bbc634745477f917c8ca,1
train,plastic,plastic337.jpg,data\raw\plastic\plastic337.jpg,e183b64119a1e635954791638d293a362a9116328aaf78ad071b26b616acbd33,1
train,paper,paper527.jpg,data\raw\paper\paper527.jpg,5f0563d1616649c3e42b0b1217ec1c2b32c6caf5566d372d92a826cba8eee152,1
train,glass,glass204.jpg,data\raw\glass\glass204.jpg,b1e25090da37ca1424b754d5a7b8fa467295b88c9648bf0d184e166514ef7360,1
train,paper,paper406.jpg,data\raw\paper\paper406.jpg,7ce10404d28098b8eab607fbf26f05d71a602ed9691f67a112ab07e86f111b8c,1
train,cardboard,cardboard363.jpg,data\raw\cardboard\cardboard363.jpg,9d466f391a744bf0cad368e76c5d4d02e18634f8037a014a84a927546365c7e2,1
train,metal,metal360.jpg,data\raw\metal\metal360.jpg,5dbd501eccfbbaf0bd30ef527ccd97e050e9fd4398721fc2cc5ac6e5493c88ce,1
train,metal,metal202.jpg,data\raw\metal\metal202.jpg,ccca49d58894f77b5bc0ef6224121e89c9adf02ea6397fb84c2c1b5e63eae4a1,1
train,glass,glass180.jpg,data\raw\glass\glass180.jpg,bec56112aed5d71705dcdb36599254e6b4a8463c633dfba7b105a9547e2ed084,1
train,paper,paper361.jpg,data\raw\paper\paper361.jpg,db7b919c6ed217cfed7ca0c032703ab1ca24731fa7bfc50f5070bc7a5bc874db,1
train,cardboard,cardboard244.jpg,data\raw\cardboard\cardboard244.jpg,974baa1b30858fed49ed4a15e0c108bf2b0b24c0aea6a6a1ac86dc6bb7fbc563,1
train,paper,paper285.jpg,data\raw\paper\paper285.jpg,0de99ccf58fd88570e851dcef50c2599a84b63890fe66c40506e429dcc73781f,1
train,cardboard,cardboard5.jpg,data\raw\cardboard\cardboard5.jpg,3a1bcbd1887b7c525cc5b1a4bf2007e221f32f17fddb6e7557da7a9b9194ad76,1
train,cardboard,cardboard68.jpg,data\raw\cardboard\cardboard68.jpg,a9cf8d4031615579cb9a8a1432bda79d3a88c839ce70f996a4b0cdbce2a34da8,1
train,paper,paper453.jpg,data\raw\paper\paper453.jpg,1334821287382e98480ed9ac66becaa31cc8046b01806abaa9e37e3673ad2f40,1
train,glass,glass187.jpg,data\raw\glass\glass187.jpg,11d2459e02f00f7dddad98494065c8268f184c81ec84666e8529945cb67afd2f,1
train,plastic,plastic412.jpg,data\raw\plastic\plastic412.jpg,90dee1473fe6eef923e1311438bff2a867777f7641ee6c524dd26fa8bad0b9c2,1
train,glass,glass8.jpg,data\raw\glass\glass8.jpg,7d3842706c35ca750a320481e9f293b1ebc664e07038050ca56d3e38c84105cb,1
train,glass,glass427.jpg,data\raw\glass\glass427.jpg,397ecafd3816d263b77e35923e90881b8b5577a93ae8ee8d65852a568766643e,1
train,cardboard,cardboard201.jpg,data\raw\cardboard\cardboard201.jpg,b5ead8ef7426dff4f6c3851044cac9cdc96297c4a11d8abc5e48f701213efc88,1
train,glass,glass334.jpg,data\raw\glass\glass334.jpg,4380bffed0658c92bce01740ecc84859161d2f32a1edaad8d9df2c428b68fd3b,1
train,cardboard,cardboard184.jpg,data\raw\cardboard\cardboard184.jpg,d46cb1df29467b1ab46333d2a838225aa1f40af0164c54ba97630df53c926ed9,1
train,paper,paper230.jpg,data\raw\paper\paper230.jpg,ed0dc6d84e854474029cbbff340c1e01f05f4de2880748a13b27465d2f5e5ecb,1
train,metal,metal102.jpg,data\raw\metal\metal102.jpg,44efcc80b146735d5a7a0ffb6356641cd3ef996019ef43a0e16af87ff6d1354a,1
train,paper,paper160.jpg,data\raw\paper\paper160.jpg,0490e06c49cc09e801b5a3b988c0e4cae3a277e0c0dcf1532dd2481ec12f541c,1
train,metal,metal84.jpg,data\raw\metal\metal84.jpg,d8b064ff312daf7f8b73c4b32a880226fa78ddb27a7f07d9aa3dd4b7e7fc03cb,1
train,cardboard,cardboard280.jpg,data\raw\cardboard\cardboard280.jpg,c34dc0814f96979e3df5383522338a06d370d3cd60004ba1829bcd0e6f4d7417,1
train,glass,glass85.jpg,data\raw\glass\glass85.jpg,3229686b4115cbc35b594bbd4ea28bf31ada04955cfb7a7c4388e4c358e7b9b3,1
train,glass,glass266.jpg,data\raw\glass\glass266.jpg,8579ea7ace2cc76282d2fe640687c44f90bafcde2281d3830a33d891b95edca3,1
train,trash,trash22.jpg,data\raw\trash\trash22.jpg,087e89608720c132a27bad153b651988f1bd22847c275b12dda9d7436f50af2b,1
train,plastic,plastic172.jpg,data\raw\plastic\plastic172.jpg,570ba0c54b086b600a253a9522a636f848051dbad9c7dbc1af7c1e05d5f357c5,1
train,paper,paper66.jpg,data\raw\paper\paper66.jpg,faf309df70053e5bbae3f245fda3ed630a9afb81f105ee278d238d43221fc7d0,1
train,metal,metal54.jpg,data\raw\metal\metal54.jpg,baeb710766e950fc6a544b7a42c834572c9168e1705235762f82314f13ae9975,1
train,plastic,plastic135.jpg,data\raw\plastic\plastic135.jpg,39fa46dfa5ddaace2af4e36919d320f5abad7718b7d00d227dd0decca92c92a3,1
train,plastic,plastic179.jpg,data\raw\plastic\plastic179.jpg,ad299921a80a27a58d01757bd887dd9c255ecf55ff18ef6fc4d97e03aceee118,1
train,glass,glass32.jpg,data\raw\glass\glass32.jpg,454aa11745490520219dd72eb6fe797f395c9a1d1f72ba0b77dbdad2d3583198,1
train,plastic,plastic283.jpg,data\raw\plastic\plastic283.jpg,b9154db665ebc5955e2999b6b54c2702f7b895cf89705cbc9f4d284796fd5f1b,1
train,paper,paper301.jpg,data\raw\paper\paper301.jpg,ce36bd2b62a5b22b9671d929fde69757759d9e4080c039d7f0c255d5471d5135,1
train,paper,paper114.jpg,data\raw\paper\paper114.jpg,884de574a74b6f1e6ebbee93cb83879d72e656b6a9316a88400f7c6e03d75044,1
train,plastic,plastic94.jpg,data\raw\plastic\plastic94.jpg,79d94d7d79b70d35391826f17d4f46f49e47bd576edf06e05d14cd847f32c58a,1
train,plastic,plastic64.jpg,data\raw\plastic\plastic64.jpg,daaba9da8e9b2d76aae5c21030392f8069bd053c9993b2b227f6df5ded49e03a,1
train,glass,glass360.jpg,data\raw\glass\glass360.jpg,fcf56faa5d15d61cfe9e72a0814ba51594e49965702a6272a5fb1060c1a70b88,1
train,paper,paper349.jpg,data\raw\paper\paper349.jpg,adca32db9071efb83f74dc67072f3177ffcf098ddc8785c6ccb37ae226ceb287,1
train,cardboard,cardboard384.jpg,data\raw\cardboard\cardboard384.jpg,4a6146e74921414e224d8b49ee1341b8847eb68d2eeb563a8265361497b6c838,1
train,paper,paper123.jpg,data\raw\paper\paper123.jpg,f94b31ea4772ed922c079de38433da7070caebc1721c3d0ac4d18e602245ab08,1
train,glass,glass492.jpg,data\raw\glass\glass492.jpg,98877759ead414a4d505eaac1e37ae0a503fe30e9d104b6c66298baf5143ce7e,1
train,cardboard,cardboard365.jpg,data\raw\cardboard\cardboard365.jpg,3cab8da92906464c455c754c576cf7697ffb5d6ec169e7884f792f33cad264ab,1
train,metal,metal255.jpg,data\raw\metal\metal255.jpg,446c9fe739a30a3c50308702b678c30e9a9ba110650dea6da94c1cab53d7c2b6,1
train,cardboard,cardboard283.jpg,data\raw\cardboard\cardboard283.jpg,e9efede53192ffd5126cb11ce465ffcc102a3fb65120c3e0663b2f2ce18cb74e,1
train,glass,glass97.jpg,data\raw\glass\glass97.jpg,45a15d21f4556db785bfcc84229f87011fc1dd602dfc3b98c1a190d7bc8c4624,1
train,plastic,plastic27.jpg,data\raw\plastic\plastic27.jpg,6b57147f6dc729d07d2ebab6cce58a37d82c4076199af7080a560a82c9f821e2,1
train,plastic,plastic356.jpg,data\raw\plastic\plastic356.jpg,8b3af4c5f1c1533d5534ac5fcb1577ba1eb84fef699a3a82028606b4043caab7,1
train,paper,paper518.jpg,data\raw\paper\paper518.jpg,c2fe4f61c9855674fb9e2d4143c1b7938334f70ee6d5dcdb0559238de46c4972,1
train,plastic,plastic278.jpg,data\raw\plastic\plastic278.jpg,f1b3e3bdc6089b2ed10b06a22187bd5ccff3b552f8489c5d401e1853965ffa9f,1
train,paper,paper264.jpg,data\raw\paper\paper264.jpg,bdf1589b0d7358a56f189bf52ed13e19aebccc40e0cd3b4917b6877cafbcf7e0,1
train,cardboard,cardboard38.jpg,data\raw\cardboard\cardboard38.jpg,9ba6b8511bc5667d6dc5f313e103e1ce76c4e20bb0fd7e1129dfa90fe05a98c2,1
train,glass,glass448.jpg,data\raw\glass\glass448.jpg,412b46561dbf161c5f7882223d89c2b6fce78823a98d477947bb7e0372f573fa,1
train,glass,glass439.jpg,data\raw\glass\glass439.jpg,7eb308d3a1169c1cdfbb10c9a9facda01204aba733795f1051225c4932866b1f,1
train,trash,trash28.jpg,data\raw\trash\trash28.jpg,e710086ff62c36a2a2c267eba0c1a30e970835351206b9d0ad34e6182e14cb6c,1
train,glass,glass322.jpg,data\raw\glass\glass322.jpg,f799d188b2642a677cf12f2522e4e73c0afbf7991aaa7f76c1b6b17e89ff8c66,1
train,cardboard,cardboard18.jpg,data\raw\cardboard\cardboard18.jpg,c4e683190b4d8634e9c7030e178eef58b07d09ad68c1ecbd9eb55dad02364360,1
train,plastic,plastic163.jpg,data\raw\plastic\plastic163.jpg,89639ec1d3248a9846e4bc2b943826fdc0e26200bda8196bd0b5d81fbb9cac0d,1
train,metal,metal34.jpg,data\raw\metal\metal34.jpg,05293a24ebfa31caa438ba522996f715de17ba84a8618e0a3db7d17cbcc14eaa,1
train,plastic,plastic423.jpg,data\raw\plastic\plastic423.jpg,2420707c919e4d373408adf3d85620610d701a9bf667e61e5d3e3d60ada78dbd,1
train,plastic,plastic467.jpg,data\raw\plastic\plastic467.jpg,0a2a53f134050e58c85c7d6899103ec006d8caa7a33d3d2dc3aef44e955b179d,1
train,glass,glass431.jpg,data\raw\glass\glass431.jpg,65a159aa62e2d9d16cf6da7cab5d39fbdd39254cb1a7bb7cd566edfeaabf82fc,1
train,metal,metal287.jpg,data\raw\metal\metal287.jpg,8304dca3c312d10eca697d60bcbbac74858971d966019a7807c6ff22d95c1256,1
train,paper,paper35.jpg,data\raw\paper\paper35.jpg,78992143e1a96f32070e8cce67d11216b57cdbfe9fcb9bef2599428726607fc0,1
train,glass,glass349.jpg,data\raw\glass\glass349.jpg,2a05d2057ef441bb72b549c2faf5d5f519d1f0ba7e3f69b765fff30f5d91f0ea,1
train,glass,glass372.jpg,data\raw\glass\glass372.jpg,3a33c3a34bd6f93cb166d7502ba11fcc6b9d8f585e4ad96709bfa540d6883e0c,1
train,trash,trash95.jpg,data\raw\trash\trash95.jpg,605ecba52073b4fdeb9f5dd0f9a635963b7fd8762f96c23d31bbf1090e26ab75,1
train,cardboard,cardboard373.jpg,data\raw\cardboard\cardboard373.jpg,f7a11cb5fe406a56c10d0e0c03834dceaa81b287666eec2b5e22ca1748db8ea8,1
train,plastic,plastic239.jpg,data\raw\plastic\plastic239.jpg,f43fb84c64704b4ccd3117a763f018c3d1698e4dc4a50e6b362476fe14e93049,1
train,paper,paper133.jpg,data\raw\paper\paper133.jpg,bb824ff078d95d25413f1ebdc522ce2e081deb40aec488f4e4e682b86e86e571,1
train,metal,metal354.jpg,data\raw\metal\metal354.jpg,1ac43424f74276c3ea1c27c2a685414a66c126cd37f4809f64967d110021b7c6,1
train,plastic,plastic284.jpg,data\raw\plastic\plastic284.jpg,26712c0ba852ba181bd2c50e93cbee2e380c13dbcdd03e69b2f8dfd7eb77501e,1
train,paper,paper372.jpg,data\raw\paper\paper372.jpg,53556859388321d238be04d22ee85639060a8426aac9e5bca2721aedf5bf722a,1
train,glass,glass229.jpg,data\raw\glass\glass229.jpg,e35c8842b9293cf517d462ec898f37cf3bcba321f866fec7955763b3e9658b57,1
train,metal,metal220.jpg,data\raw\metal\metal220.jpg,a54fafd95ea51e34a588db8bc3c5df94d24070b023d9a108e733a4f4b1fa3401,1
train,paper,paper535.jpg,data\raw\paper\paper535.jpg,b1873815e7343f96ce71943ba13d0de9acdffcb3daaf61d6a5293ea91e580ca7,1
train,cardboard,cardboard227.jpg,data\raw\cardboard\cardboard227.jpg,5b32ba74f6f497a7160d1a97b163905fe75407c71a909e566ae5c7b4f24f677a,1
train,cardboard,cardboard350.jpg,data\raw\cardboard\cardboard350.jpg,c4154176338a6af396600a1fe62ce65b31452ee01ba4f35f907f744f25d61e0b,1
train,metal,metal221.jpg,data\raw\metal\metal221.jpg,76bdacd674abfe0819c0a1d1a173bfc99e1642aab0338ee612e021eb06d2fea3,1
train,metal,metal390.jpg,data\raw\metal\metal390.jpg,b3fd958da7033b2ea056bd917fc0eebb19874c238ee3873e3c131e3c7890cc92,1
train,cardboard,cardboard366.jpg,data\raw\cardboard\cardboard366.jpg,f76ca7d8c9085167729d8750e4f5da52ecd6d2d16de680600198d7206f8049b0,1
train,paper,paper224.jpg,data\raw\paper\paper224.jpg,a6fa00996e9716a707d8d2fcf7479706b0b23d76a095b9d55f7679d01cb39c3b,1
train,metal,metal127.jpg,data\raw\metal\metal127.jpg,0a87299066ebc0b2188ceb3b7191bacef452188b6aaaf17aeb6c44227a0001d1,1
train,paper,paper502.jpg,data\raw\paper\paper502.jpg,1cde634898618890a7817c791f5f818b6cd269d7b651be591ca76607d1388190,1
train,metal,metal156.jpg,data\raw\metal\metal156.jpg,c09910726706083dedfa7d1e13e7dfe2d05ce66c2f422648e52ed2890928cecd,1
train,glass,glass24.jpg,data\raw\glass\glass24.jpg,4811d0ec8c613c09afad8d87454314a4eee0298fcd7c505e8dfb0a1b5326924d,1
train,metal,metal223.jpg,data\raw\metal\metal223.jpg,ed04883b7548a704c37a6c05196e9b199a6db7144d2d30a4dcc2069a0aa268a8,1
train,glass,glass274.jpg,data\raw\glass\glass274.jpg,bd20a72151976c98a5235baac946e44edaccf243915406e39ca2164541d64377,1
train,paper,paper242.jpg,data\raw\paper\paper242.jpg,39744979d229b80403d359a89c10506d9fbed857b370a5705c4688694d156a0c,1
train,plastic,plastic431.jpg,data\raw\plastic\plastic431.jpg,69b2cf41bcf89812d49459a7c849277c1678fbde22cb63fd6981ee7819739f4a,1
train,paper,paper91.jpg,data\raw\paper\paper91.jpg,ca7957de64e9ed35415141e78514fd1d246c3a9b6451230619c36269ac513874,1
train,plastic,plastic41.jpg,data\raw\plastic\plastic41.jpg,b199b2ad9a3bc7a28ba3c55662a0e4c4695984c5c6aa795826733c9ecb093479,1
train,trash,trash114.jpg,data\raw\trash\trash114.jpg,63e70ac6bc0587bac2b9f0845630ac50c0e5a96ad60869695f8604ea0f9efec8,1
train,paper,paper594.jpg,data\raw\paper\paper594.jpg,599fbe6a3100966f04191ef72d57667e931232749390a7ccde24215951989032,1
train,paper,paper416.jpg,data\raw\paper\paper416.jpg,29d700d928ab21e6605fa069fe0cccb9d80867eff31d5ab5c61349b4456f10c4,1
train,metal,metal300.jpg,data\raw\metal\metal300.jpg,10a3fc85213fd07e55170ad101ec266cab908c3fcee492114a29abb944943270,1
train,trash,trash108.jpg,data\raw\trash\trash108.jpg,b244347094d4a92f7519a9687148d510d5e832cb60618b8ada3fa37629859ded,1
train,cardboard,cardboard391.jpg,data\raw\cardboard\cardboard391.jpg,1378754e2ca5c4a0b7db35f370dcc2e5a10ed5e0480b6f6f9b0ac8c788641e87,1
train,paper,paper225.jpg,data\raw\paper\paper225.jpg,f06dc6980eb9bb082f6f93acb672293b212c896b015162c0100ccf2fc8842367,1
train,metal,metal78.jpg,data\raw\metal\metal78.jpg,2e867917ddf0222c4a22a26729372113496b6eeea690d819fd08ea5d0e34c8f8,1
train,plastic,plastic115.jpg,data\raw\plastic\plastic115.jpg,d5f394f916d68814087c06ef285e28536dfbb0355a714f98834739e2ff3a8ad6,1
train,plastic,plastic215.jpg,data\raw\plastic\plastic215.jpg,a3858f8eeb36befa8c708c87e52bdb7bc9bdd20b73a4375fe6a856ca23ce6262,1
train,plastic,plastic18.jpg,data\raw\plastic\plastic18.jpg,75f4d51c55138ec671dda4488d50c6742730fb5124a7acdb4bbe1655bb54f802,1
train,glass,glass267.jpg,data\raw\glass\glass267.jpg,b3585984de7bd265b238537b2c57713ab62d3db03e98a81c0b5973b74540b2fa,1
train,cardboard,cardboard340.jpg,data\raw\cardboard\cardboard340.jpg,69ffc7f99383b36f83c97078dc696ad1c56e402f368de0e9d00f85602c5b0226,1
train,metal,metal298.jpg,data\raw\metal\metal298.jpg,9d5ba9b26916a1ed4f9af47ad26de14b48606f38749bd803f3f30f011fceba24,1
train,glass,glass228.jpg,data\raw\glass\glass228.jpg,2536244dbb00085c64a7b6154c2e91418ed7e08a31f8332fc78760fdc0fb5ff8,1
train,glass,glass110.jpg,data\raw\glass\glass110.jpg,82caaea4ff69677e27ee0147b95ed7b220f465a1ad543dfd2e7ed88e41c3354f,1
train,paper,paper581.jpg,data\raw\paper\paper581.jpg,9e39fe347feca5439bdc81b9d343a22daa7cc6cc607e278b29f0394ed5064452,1
train,metal,metal203.jpg,data\raw\metal\metal203.jpg,3e24987057034d4bdb1e5f4efd6530f833f37bce839f38bed2c0f2dbdc22ae00,1
train,metal,metal64.jpg,data\raw\metal\metal64.jpg,9d745e44783c743b14c5092387139553a94e671bb557dd35e1a4771da8a6bfea,1
train,glass,glass402.jpg,data\raw\glass\glass402.jpg,4a2ff79b97102f8d295b0455b2c5587909f2e64ab9df7a47dd8ae9b9c41a4980,1
train,metal,metal240.jpg,data\raw\metal\metal240.jpg,27e7beb769fd119c0e86ea90e580ce7dbb8dd7b0934dd568c375ed894c9917ea,1
train,glass,glass499.jpg,data\raw\glass\glass499.jpg,613e8740d360f07d9e8b7f41b709c42a32af274fed868c6dbef6a954c1e4bd4b,1
train,metal,metal137.jpg,data\raw\metal\metal137.jpg,8068751cd8ae7208f9f7af575fa1406cf8aeb5af232882baf091dd99544c2b5b,1
train,plastic,plastic155.jpg,data\raw\plastic\plastic155.jpg,8a6621ccf8739d86b2b724bbd4034d0e0d6cb6bc769b60619c995785200489ec,1
train,paper,paper129.jpg,data\raw\paper\paper129.jpg,6fb8e1e49cfc17b4cbab2ed579772ae8603b8972b0639763627f9be00ca39711,1
train,glass,glass481.jpg,data\raw\glass\glass481.jpg,8f539caaba93c61e0b5b788f14f9bb03fab8c5a7911e191a4210c0bb64db4db1,1
train,plastic,plastic81.jpg,data\raw\plastic\plastic81.jpg,5619c5112ef5558ae84005997b8aedef11dc851a91276a474ea9c28dcc57acb9,1
train,glass,glass332.jpg,data\raw\glass\glass332.jpg,2efba352cb9707db288287257c31bfb3270610ec759ae9229c64485a6ca408b0,1
train,trash,trash59.jpg,data\raw\trash\trash59.jpg,1dcfe18ce806594e916f2009ffabb209ff89d78bf5bbdd1acb258d023eee6215,1
train,plastic,plastic71.jpg,data\raw\plastic\plastic71.jpg,06210ee684574356308ab6a75b5c7cdedc9959a0b1033b968d98d1dee7fb5b90,1
train,cardboard,cardboard167.jpg,data\raw\cardboard\cardboard167.jpg,aeef14b55de1b144084e8c760d2353476589ab96310af05ab3efc395eabf2fb4,1
train,trash,trash97.jpg,data\raw\trash\trash97.jpg,9bc6671a5dcee161730495154c2aa1d174366f456f0d05c1dde00ee789399e53,1
train,plastic,plastic298.jpg,data\raw\plastic\plastic298.jpg,f205e53419a78f56b78ae54b0053f3a437cdba809cc480f79d50e2703f11c2f5,1
train,plastic,plastic297.jpg,data\raw\plastic\plastic297.jpg,9e523b6842bd07836250aa9c95f467936b1e7eadbe9d10b3e59a92c2dc0040af,1
train,paper,paper339.jpg,data\raw\paper\paper339.jpg,c86bef27dc80afbdf746326f72c74bc5c8b7d3d2590f372d2717f85d2d83b81a,1
train,glass,glass496.jpg,data\raw\glass\glass496.jpg,c4658f7cf319de5a4aee93c0f194ff8624b90250a49fdf0e9105c5211ba15655,1
train,glass,glass344.jpg,data\raw\glass\glass344.jpg,1c1de73c97844dd318c3373005c897bc825a5ff42c60424337322dbee603638c,1
train,cardboard,cardboard396.jpg,data\raw\cardboard\cardboard396.jpg,09ef119ac332f41df67786cd6a579806abbe9cb55591f0dd817c986dc6a306af,1
train,cardboard,cardboard292.jpg,data\raw\cardboard\cardboard292.jpg,46e27e260d1ce2341235f162b7b7681dae08f8d8d494a9b50365b6a64ccfa7a0,1
train,glass,glass350.jpg,data\raw\glass\glass350.jpg,1aa33cc9b8206a4b81e95575a94e02020a52f33504772f5518af448e3469dd93,1
train,paper,paper346.jpg,data\raw\paper\paper346.jpg,716014709461961df48d4fb1f89e93889a975e47f4e42e05c6f596d135d0a34c,1
train,trash,trash123.jpg,data\raw\trash\trash123.jpg,2528d8ce5db65e02481a90e613944e64690d36cc89fb2dbda35f1d9763121c6c,1
train,paper,paper342.jpg,data\raw\paper\paper342.jpg,ef74b72870a2c6e5dcfef77bb842eebdddfddc73480d8993fa6bf5ed002a8843,1
train,cardboard,cardboard267.jpg,data\raw\cardboard\cardboard267.jpg,946cd8879f7fee0903565ffc3800ebda7ca33ac087561ca0bf1612714bcd4d5c,1
train,paper,paper513.jpg,data\raw\paper\paper513.jpg,fb34d9969f59f79b519f12e7fd509576aeaf1736552a6c86b2e614225e8b98ef,1
train,metal,metal364.jpg,data\raw\metal\metal364.jpg,b95bc24b3a9779fac5aed239cc482c3eae8515e762b67f754464f9458307b03d,1
train,cardboard,cardboard70.jpg,data\raw\cardboard\cardboard70.jpg,34aff6ecdb35badcdf43d49dd388103e0e17102dcb97f649a5f71fd5d6f0175b,1
train,plastic,plastic31.jpg,data\raw\plastic\plastic31.jpg,8cc18cc0c6709b6a34594dd1b6b44118ee52d5a5ac38fd2eb8a14b4235bcf5f2,1
train,metal,metal10.jpg,data\raw\metal\metal10.jpg,2d292a6bed9ca1414ac38f46008cdb9869804ed4e1681d75cd191a5116b70337,1
train,plastic,plastic217.jpg,data\raw\plastic\plastic217.jpg,498e64723afe4e5e440dddb990f636a44f2b166b699fd882e502cece63e20c85,1
train,cardboard,cardboard59.jpg,data\raw\cardboard\cardboard59.jpg,4f9771df1dd0aec9a905098a05d2a8f426adc266d532b2ed2d76800c01b95bf3,1
train,paper,paper63.jpg,data\raw\paper\paper63.jpg,964885f139cdf990d72377660e59192edeeddb213f1fa07353adec3262bf2f62,1
train,metal,metal348.jpg,data\raw\metal\metal348.jpg,9f8b9020a7ba90096d37faa78315310e4a4caf3683b806671de45a8f66577ba2,1
train,cardboard,cardboard137.jpg,data\raw\cardboard\cardboard137.jpg,4d89fcb735ea15edca28d80bd5a288c97a2f169eed7ee8d3dfde62d7b22890bc,1
train,trash,trash104.jpg,data\raw\trash\trash104.jpg,b24ba098f271dd4f9f91e87dd0a61132f40b533948a4e00af8beaa368b86ca66,1
train,metal,metal346.jpg,data\raw\metal\metal346.jpg,67b3dff10752489b2cb8dcc3f8d3c183f17dad8f79ade1aef25fd5eb2d1df62b,1
train,paper,paper16.jpg,data\raw\paper\paper16.jpg,f29758f23e34972ace659d0a1538f270d55cd40c18876461e2ab8742ac80639c,1
train,glass,glass158.jpg,data\raw\glass\glass158.jpg,d3189e6c0168e9d3e173a1a5f1b39ffc1b0897d142fa9ac5cf8c0ec1f0e9fd59,1
train,glass,glass198.jpg,data\raw\glass\glass198.jpg,aaf5e70abc0b9ccd6eb85d220bdd97a64b7f8e91391ded59a8ba1828d73c5cd8,1
train,metal,metal399.jpg,data\raw\metal\metal399.jpg,2e62194aacab189aabc30d0902af1afa699f75341cbc4baaaa12cd38dbfab739,1
train,paper,paper509.jpg,data\raw\paper\paper509.jpg,97e55747804aaba3e7ab3326ff259e90515b80afd4dfe406e118fef50402d104,1
train,plastic,plastic471.jpg,data\raw\plastic\plastic471.jpg,1fa506d340c028a17fa2b600b7d3d0d3285e47ebc57aa5788ce9b55d648939bb,1
train,glass,glass81.jpg,data\raw\glass\glass81.jpg,9a3e8228a3b16603fbe919f1df0b36104ba555a0ad385a7e87eaa7b23538c90c,1
train,cardboard,cardboard247.jpg,data\raw\cardboard\cardboard247.jpg,688cfe07fa8a383f41cac090792207d77aba6987538218753058d836e0772b71,1
train,plastic,plastic226.jpg,data\raw\plastic\plastic226.jpg,ceb4d3b5df9f6fac3cb972ac7a7abf9848791ccbcb7af21734554b3965b98509,1
train,metal,metal196.jpg,data\raw\metal\metal196.jpg,e34b0d55ae3e8bc6f46d38946a51e7b31bca188e9fcd94bf5927b542eed2ce70,1
train,trash,trash29.jpg,data\raw\trash\trash29.jpg,352d82b8a19a0ee5e50fafa6fec2858b021ae0240f20c303a76a6fb051c59096,1
train,glass,glass479.jpg,data\raw\glass\glass479.jpg,1a0c4e76e0413a6539d501fbb65d3b7b530eaa3306da3a6b5398ca0300691268,1
train,paper,paper207.jpg,data\raw\paper\paper207.jpg,e943a0022479a2ebc65e0c288fcdfc4cf1ea811ec69731becb49608eb01ba3c6,1
train,paper,paper382.jpg,data\raw\paper\paper382.jpg,f9b64cd026a4656bb87b35e489fed19be5d852238537ca5b94661516153680f7,1
train,paper,paper187.jpg,data\raw\paper\paper187.jpg,ab55e286ea628b5c911dd454fd37b0e64222900e7e27df41417f378d3c62299f,1
train,metal,metal149.jpg,data\raw\metal\metal149.jpg,ea2588fc9bd2d5c9e9acf459e9b01c4649ae9e705d499a3c6c4a12df8a3d7857,1
train,glass,glass269.jpg,data\raw\glass\glass269.jpg,a06eefb006aa3c59fe25c95d68f7316b07c979b36ecd9197f7f79a4becffd8eb,1
train,metal,metal334.jpg,data\raw\metal\metal334.jpg,c1723b93e8ac8fd1b2204898c215843743725cfce8c3693a9257b3248d708294,1
train,paper,paper298.jpg,data\raw\paper\paper298.jpg,8105f3558247510a47d62661718f3fb447299f8bbe8a52eafeb79dbfe05d0526,1
train,metal,metal382.jpg,data\raw\metal\metal382.jpg,1567cb561fcaa4502770dbd22a086f11189ab40e39817b4554544ca2614edc56,1
train,glass,glass302.jpg,data\raw\glass\glass302.jpg,39b5c2bce4fa36bd900247e549871485ca3be3a2eb318a3b425da04583f460e7,1
train,cardboard,cardboard230.jpg,data\raw\cardboard\cardboard230.jpg,f7de0d793e463836ef67fe1c48d501b5bbc33ed6f3018aff502b539569fc4045,1
train,cardboard,cardboard361.jpg,data\raw\cardboard\cardboard361.jpg,6a62bee00c5bbe0670670e965aa1295eb6919c8808a08ca19202e331895b2df2,1
train,glass,glass226.jpg,data\raw\glass\glass226.jpg,ca0542181abb36215da026aa5c02b977ce8d4258878cee101fb4b6be30c32488,1
train,paper,paper384.jpg,data\raw\paper\paper384.jpg,d419be16b9299f863b9cb62b392221ba0b7f7ee9723b93ee2aa39d6efab64ef9,1
train,plastic,plastic363.jpg,data\raw\plastic\plastic363.jpg,406d94f0202c91a7396337fffc1ab626151fccb951aa4ccc3b221ef87a1ea6ae,1
train,cardboard,cardboard310.jpg,data\raw\cardboard\cardboard310.jpg,dcb9ca4eb14f4c322b8ef26dd1a429dcb0e3058ce5b0631a90b59dd80da2a23c,1
train,trash,trash16.jpg,data\raw\trash\trash16.jpg,63ad4e3c8a3e85adaedcc92f48fe900fd02cb9e1973b42d684fda45a3139edf2,1
train,glass,glass100.jpg,data\raw\glass\glass100.jpg,4c7cff0c0f5dacff26bf871c6d5b96f29b26d536a637bf5fc4da7fcea87212c5,1
train,paper,paper541.jpg,data\raw\paper\paper541.jpg,c4888283b8ad6f05c97cc8f33098db1edc363ff6954e7bbbc848b6e26e07fc62,1
train,paper,paper355.jpg,data\raw\paper\paper355.jpg,16a3d7a5b78f08397ba1ba7e9c611b37412d103a43ab4b6804b0718c69b7b5cb,1
train,glass,glass167.jpg,data\raw\glass\glass167.jpg,70749dbea65d0c7a0fcffd756af389a0dc508b2e9c92613b2e6826673ca778f4,1
train,paper,paper184.jpg,data\raw\paper\paper184.jpg,e213dba504b8b21612184627034e934c01a7878c14dd964dc247ac1856e4ffec,1
train,cardboard,cardboard23.jpg,data\raw\cardboard\cardboard23.jpg,6d0a8b0300bf3bb64274dc4752b94438a4f20100e6aaffcc731d12388811bb49,1
train,paper,paper446.jpg,data\raw\paper\paper446.jpg,3c450100d7911dfc43bf22a2c9d385b15e41db51db99f57fbe71c331b704e40b,1
train,paper,paper22.jpg,data\raw\paper\paper22.jpg,d54aaa167187bf43c3d5ff8cd082d2ef7766089bb5fb35755fd5cd959ca89a1a,1
train,glass,glass268.jpg,data\raw\glass\glass268.jpg,7c5d74fc1d111def2783fa121c6246d01be3beeb571c26cca4410fb2e4012bf4,1
train,glass,glass163.jpg,data\raw\glass\glass163.jpg,95851206148705a6ba4b7df6f0b8d094e47b8053930fc5da8a5fdd46876c2b24,1
train,cardboard,cardboard159.jpg,data\raw\cardboard\cardboard159.jpg,087c11b5a5003eaabded9748b1ee459baaed56492c02cd1bcdf17587aac01233,1
train,metal,metal380.jpg,data\raw\metal\metal380.jpg,185c5013b71afe133a27dd604c72fc9f76620dff3e8f2e604829cac1d749d405,1
train,paper,paper188.jpg,data\raw\paper\paper188.jpg,d5801a74fef2861c4b3dc48a909e6b391760bc7ce671a5fd83b043bfd9afd744,1
train,paper,paper37.jpg,data\raw\paper\paper37.jpg,ad799541adfdb4d15a5975a2479d567e0f333c97f42bd3922a6e96c5b9230949,1
train,plastic,plastic396.jpg,data\raw\plastic\plastic396.jpg,be971871f668041aeeb2e22bae3667b7196148dd193aea8ace51063d52a762e3,1
train,cardboard,cardboard103.jpg,data\raw\cardboard\cardboard103.jpg,df9c4036aa2bf59a9c833b02fcef925a767866751dca3b169e71054438def7ae,1
train,metal,metal302.jpg,data\raw\metal\metal302.jpg,97ef3f279313dfaf8931e25f699b9afbb193dcd5aa5329a4676b678a4dcab090,1
train,cardboard,cardboard56.jpg,data\raw\cardboard\cardboard56.jpg,287ff00ff0f172099b74b41526c880cbaa6bec85b065c6b0c82d677e1294b796,1
train,plastic,plastic402.jpg,data\raw\plastic\plastic402.jpg,49f9e8353c3d0018012c84d9611c662d906e7f452f5a97b8b754b750a88b9b8b,1
train,cardboard,cardboard389.jpg,data\raw\cardboard\cardboard389.jpg,a89c0cebb6f211b3da34d56832082e6bf3a1d03d0abb8d7b043a937e37eccbe1,1
train,cardboard,cardboard249.jpg,data\raw\cardboard\cardboard249.jpg,4a102c2780d348520cb806607ba6b91199f7426fdcc909e358a22cae14c4ea3a,1
train,glass,glass125.jpg,data\raw\glass\glass125.jpg,2b43bc547ce40566b8eff014c87b19f02e1705745ad0b3186e99177bae16963e,1
train,metal,metal7.jpg,data\raw\metal\metal7.jpg,9b90ca957763cc688295ce4d2ac488b588f1c16384ebe4bf62c12373b0203968,1
train,glass,glass119.jpg,data\raw\glass\glass119.jpg,915d181548f0f3c7b6749b271fd0d73c7726157b54442cae32ed35953d26558a,1
train,paper,paper323.jpg,data\raw\paper\paper323.jpg,4e0641741fd4821074bc75a6d608bdc138712795eb80b585a359f61e8afaf5e8,1
train,metal,metal409.jpg,data\raw\metal\metal409.jpg,dd23209ed736f649d253e52972ce5a6f4531e375dc8cbf56f40cb9308a2d2573,1
train,cardboard,cardboard21.jpg,data\raw\cardboard\cardboard21.jpg,d701faf2b056316b6198b2e5e07030b2308e8474d4cf30e9543728591f2acbda,1
train,plastic,plastic244.jpg,data\raw\plastic\plastic244.jpg,6455853ec978543d38b1e012685b9fc5f9fa4b3405d3c309bd9c0ccd804726f9,1
train,metal,metal333.jpg,data\raw\metal\metal333.jpg,beefdccb03a7a0132bd21d50004b775a402a3cad27972d169dfb4c7322b5f38e,1
train,glass,glass3.jpg,data\raw\glass\glass3.jpg,0b3aad79e2f0cd38d038386947500132cbc9693b34576ecfc9f2c0e33d90125c,1
train,glass,glass284.jpg,data\raw\glass\glass284.jpg,3d20e97c12fd189de4743990657479f67326d30b66b8c14ed2a82f904610e25a,1
train,trash,trash76.jpg,data\raw\trash\trash76.jpg,d7381dad5ada3fecdd4745dcb87190dc0cdb7b23331d0612e218bf695ec07531,1
train,metal,metal115.jpg,data\raw\metal\metal115.jpg,a686ac7ebf082b096d362654713571ded683da0355f6a8bfd58bfd96498dfa3d,1
train,plastic,plastic138.jpg,data\raw\plastic\plastic138.jpg,80c1dadce4be8f73ce9cc0f2cc8deded5d9c7781304e1d61fa2db9b50f7ce985,1
train,metal,metal249.jpg,data\raw\metal\metal249.jpg,b94f43400e61f17ac2a9cc720d5dd05ff33282dca59e0743055b6140e0c81798,1
train,plastic,plastic270.jpg,data\raw\plastic\plastic270.jpg,f3653cb5116826633f695145eb1a4af66156e0b27ece17a17304831fe06a5361,1
train,paper,paper552.jpg,data\raw\paper\paper552.jpg,7b5f712e8ea0c176a923ce52bea635ae2c61cb2061a3214599414c7b84b28557,1
train,metal,metal402.jpg,data\raw\metal\metal402.jpg,1ac3a2f5ec85a7a9ba1da24a89c37258696f89dd9233fad8b26537b9be4ef7eb,1
train,glass,glass52.jpg,data\raw\glass\glass52.jpg,04450fe6aa64a795c4826aa5cf8f60143d9171049ffb07a97546b9aa1792867e,1
train,cardboard,cardboard317.jpg,data\raw\cardboard\cardboard317.jpg,9ee00b4d9ea88e330ec53523c2dea1b780385dd28690b76f1ae871138802bc3c,1
train,glass,glass194.jpg,data\raw\glass\glass194.jpg,7b3048aa393beb091ccb4c4a431dbfe515eb0a036f8ee1c742c910ae5bc0740b,1
train,cardboard,cardboard256.jpg,data\raw\cardboard\cardboard256.jpg,2b8355bbf7e90d8690ef27a299aaf413176cfa7fd6c90594a530e98ca4d66d37,1
train,glass,glass297.jpg,data\raw\glass\glass297.jpg,92d3ac044c9ace82a0e0087a84b5682591bbdef9faad78b5c08e46012e433a3c,1
train,metal,metal322.jpg,data\raw\metal\metal322.jpg,b637cef7074907a5a1baa9703e1b7ad4cacda649cf66799e63376747be327e95,1
train,cardboard,cardboard198.jpg,data\raw\cardboard\cardboard198.jpg,d348d8b5c733bbc3fe31c40bcf57999eedfbfd6aee6184b73d33f1e0d62a3b9c,1
train,paper,paper182.jpg,data\raw\paper\paper182.jpg,120c752ed14a6666ade37725af9e32fb854dfe96f692f007bb8df43edbaf1b85,1
train,metal,metal77.jpg,data\raw\metal\metal77.jpg,f2de4bd92628f714cfa496bb5269b5ac2ec25ed1a45682b1f338c591b84a4e2f,1
train,metal,metal349.jpg,data\raw\metal\metal349.jpg,26a14c609e2c6987fa33338986e0396b3fcc018938742916d732ef52848862d8,1
train,cardboard,cardboard235.jpg,data\raw\cardboard\cardboard235.jpg,d550d9d6c2b831d3dee5bb985a259a4f872df22baaf2a1e04113350e54a2e264,1
train,cardboard,cardboard219.jpg,data\raw\cardboard\cardboard219.jpg,2a0b62fda0ff643a92fea69f05c0c1d6bb75d8f11e93b684b6eb052337e89334,1
train,cardboard,cardboard309.jpg,data\raw\cardboard\cardboard309.jpg,8eadae8cdf1cb45d4755b05571d5400ef4d2daf6297d4d6a55eca9e4fc01b802,1
train,metal,metal166.jpg,data\raw\metal\metal166.jpg,c171a1ad8d1de4de1ea8976697b1ca608e9780ff61d7ba0f40dbb0353dcabae2,1
train,glass,glass201.jpg,data\raw\glass\glass201.jpg,f217722bf9bf5f719bb4fa12d8dd4d7b829ff92ed1827a8d3f798a41a0d35ba7,1
train,paper,paper487.jpg,data\raw\paper\paper487.jpg,435ec5f06f2c3b17bdddb0c8df8c8a23e7a6cec9709026a9981beade2bf4c8cc,1
train,plastic,plastic51.jpg,data\raw\plastic\plastic51.jpg,b683387e221e5b23286f1fb59da08a6d356676c52644cf42d75ddcf1cd346a62,1
train,plastic,plastic82.jpg,data\raw\plastic\plastic82.jpg,1a2af231f4f280680a67d841707a6b36d9438e816be6fdaf70e2e2609a2979bf,1
train,metal,metal150.jpg,data\raw\metal\metal150.jpg,30cc41ce392d1c1ef10164a44cf4026e0c4534547f191b30856a9b1dc3eb1978,1
train,glass,glass260.jpg,data\raw\glass\glass260.jpg,6ab261bea2414406f198b84340c58cf8942c247a494451077376777aefc2b020,1
train,cardboard,cardboard289.jpg,data\raw\cardboard\cardboard289.jpg,4f7cf4831d43996b4aa3483c887e5cfec080c650f45618ab21f93fecd034bfc3,1
train,plastic,plastic264.jpg,data\raw\plastic\plastic264.jpg,1df8d5c5690689c8d0119bbb7f8fd98d94943931e281a0776f84a89eecb4250d,1
train,paper,paper304.jpg,data\raw\paper\paper304.jpg,953e192ee58b10e3a695e1177c54874412835745b9dcbd14e1bf985adf427803,1
train,metal,metal93.jpg,data\raw\metal\metal93.jpg,4879bc2f326d9d8413607d87a11de5341be4280349c24062a76a54b90e5b4973,1
train,plastic,plastic100.jpg,data\raw\plastic\plastic100.jpg,00e0bbcc0a75007fb79cb8e2e96a48c3d32941ee9ae8918590f846261d5aaac1,1
train,paper,paper454.jpg,data\raw\paper\paper454.jpg,ef87cd52f8afff4994e9a4f3caa333cca6c32ca5bb3cbdb441da87a062015baa,1
train,cardboard,cardboard2.jpg,data\raw\cardboard\cardboard2.jpg,c368bda01fcf3d9cb13cb16062bbbf5c96843ceb905e730fa9d69f533b318d7e,1
train,cardboard,cardboard183.jpg,data\raw\cardboard\cardboard183.jpg,8746597e062e9897fd53526a66c5ac35c2aefca4ca2c5e6cf3f928b87362e55d,1
train,glass,glass241.jpg,data\raw\glass\glass241.jpg,da46655e8cb61f112ce7e5ee2c7d84a2f58f70e2dc84e9fd24a4b531e11fba40,1
train,paper,paper222.jpg,data\raw\paper\paper222.jpg,95538159877b7076fde78f55fb9c9ee4e688e8a51b440ac01ca55d62f034837e,1
train,cardboard,cardboard124.jpg,data\raw\cardboard\cardboard124.jpg,abb69d945dbc094ff1bc3106dea049b049db52d5f2c840bedccbce030b4e5271,1
train,glass,glass294.jpg,data\raw\glass\glass294.jpg,9524b4582bf56f1ef08cb70530d04b2b65ce3a29f20169d28fd6bbbdbe96b352,1
train,cardboard,cardboard67.jpg,data\raw\cardboard\cardboard67.jpg,cd8e7572765723c2187e3d5ccb0a2e9a0feb4b184d3d5f3ea798cb2b7683f69c,1
train,glass,glass401.jpg,data\raw\glass\glass401.jpg,456d3c327cc80e01f1c1bf8547be1cb4bbc1a987178b5aad384795f013e9c497,1
train,plastic,plastic466.jpg,data\raw\plastic\plastic466.jpg,cdf31d4be271b09a4afdc70a58ea49bec20df0ac1b1d3b2b6d7336500ecbc503,1
train,plastic,plastic414.jpg,data\raw\plastic\plastic414.jpg,4647225f2142d3d40c46ab71c47b062b2db1037d8a2c6041a4a4bc1f9ed29e97,1
train,glass,glass258.jpg,data\raw\glass\glass258.jpg,e3ced4d2c69352b7414c435eb3f0bc753389996c0646f0bb58485fa76f4f02fc,1
train,plastic,plastic96.jpg,data\raw\plastic\plastic96.jpg,d22ed88164908ca988680a02df3f580e439258df4b378901f25d83c1cd77bec1,1
train,metal,metal252.jpg,data\raw\metal\metal252.jpg,dbcce2a2e3183c4a7b75e20f3bfaa3cb64b427055e37e33a2fe4a1b815582815,1
train,plastic,plastic109.jpg,data\raw\plastic\plastic109.jpg,bec428c22bb87fe0c47558ad00516742c36558c87d8da223803baa40e8bb450e,1
train,trash,trash124.jpg,data\raw\trash\trash124.jpg,39bb0a46e81cb3c6ea99737e63b8fdc1dfb6b48e5f40a210ebe2f722b50e0ea5,1
train,metal,metal178.jpg,data\raw\metal\metal178.jpg,b965677ba10ae67f209b32ff2962a48ba593638ae142c854999b80bdac8ffe00,1
train,plastic,plastic9.jpg,data\raw\plastic\plastic9.jpg,e92cf86071f6f8437e628f74dce1fd2617d960274e54bda1f8ee6eb9da87e32e,1
train,trash,trash66.jpg,data\raw\trash\trash66.jpg,1d9429a9cec835ba139ffc989c1310c991bb562f560c6d8adb27e0c8df65bd59,1
train,paper,paper19.jpg,data\raw\paper\paper19.jpg,f08a2a02219f73479c7fd0f2ac59b68a5ea57ab75e1a999ddff5fc00c6cad706,1
train,paper,paper321.jpg,data\raw\paper\paper321.jpg,221d9e293369fb6b18da0ea0094988ccaebfbb198fdaf3bb71666b63fcd412b9,1
train,metal,metal273.jpg,data\raw\metal\metal273.jpg,7642c2315d9009be45a58f9fbbd78a2e786f9b00d74f09213bbee05bdc2e5fd4,1
train,paper,paper287.jpg,data\raw\paper\paper287.jpg,6fc75011e3c5fac3ed013385945a324e4047880f0cca70ad2e47b01b17076a2d,1
train,cardboard,cardboard91.jpg,data\raw\cardboard\cardboard91.jpg,d856fd4588ce3e9b629c6791fa95b6e4d6d8bd6747b79bb83101011284a60268,1
train,paper,paper247.jpg,data\raw\paper\paper247.jpg,5ecdc4745f35be7f4f3be4ab7af337b25b198985ac802ad8e7f0d3f79e8f95c4,1
train,paper,paper549.jpg,data\raw\paper\paper549.jpg,e3e78970390cc464123f3f38b5fe1559f5d2c8ef5e6e704d4e8c1992fe4d9cff,1
train,plastic,plastic295.jpg,data\raw\plastic\plastic295.jpg,68e30089fa4660a406b72126b3749cc851a26c666e611f823c857466006963fe,1
train,glass,glass2.jpg,data\raw\glass\glass2.jpg,bab5084ba99a52b6518107211e4f3a291c0600a5e78bcdd65a133fa79493dbc6,1
train,metal,metal121.jpg,data\raw\metal\metal121.jpg,3836a0711418d666200b8372411a94b4c5ba6c904eb5a9e35284de911904a657,1
train,paper,paper212.jpg,data\raw\paper\paper212.jpg,bb5a06e8ba6e8643563ff9cce292ce0b957bc5a7fec50629439e062fafc99193,1
train,plastic,plastic238.jpg,data\raw\plastic\plastic238.jpg,32883143e21cc8e56415a794b74d1e4770bb8f1a44710d17ab4b59b626221b79,1
train,plastic,plastic156.jpg,data\raw\plastic\plastic156.jpg,6e76b073923dcfef1a4cd1b7510d0a840d8ee83f68258ab9a285955c354d17e5,1
train,glass,glass7.jpg,data\raw\glass\glass7.jpg,147fb6fb09720eeb49f382ff03d691eb5899530a6fc51bf99de1741c1c059422,1
train,glass,glass370.jpg,data\raw\glass\glass370.jpg,eb90f408eea74cec4728b8924548f2e7afa6e7ba52f69f82e5b4dc876fed4f94,1
train,plastic,plastic21.jpg,data\raw\plastic\plastic21.jpg,2a9d33453f886a84673eca85a60d2ef62d0bc5783c6200b52adc1dab01841664,1
train,plastic,plastic352.jpg,data\raw\plastic\plastic352.jpg,19908813035b3c9616d2c5e2a0770b0609c643964158f976106483bea9db6153,1
train,paper,paper589.jpg,data\raw\paper\paper589.jpg,36e9d6b35ec278b7a3c049bca5498f48796d2afd4fea3cc27451d29e857e4a33,1
train,paper,paper140.jpg,data\raw\paper\paper140.jpg,69e873ea95582ac32e5771cdce1b17aae91c81e652e0239c075110aff0e53c01,1
train,glass,glass300.jpg,data\raw\glass\glass300.jpg,8297b1bd46078f64c22573940ea691d40ba17e8dda439cdc08ca16aff3b320e4,1
train,glass,glass185.jpg,data\raw\glass\glass185.jpg,c1d7a8a84753d430e208139416f6ce1cdb3c897a50b2f284632dd4d30805add4,1
train,paper,paper192.jpg,data\raw\paper\paper192.jpg,cdeb2d58d2499ccecb23a9386cdc4beac90121e646c508ea7cdafb6545d0288d,1
train,plastic,plastic11.jpg,data\raw\plastic\plastic11.jpg,b086f7eb43ec7d3b990c5e1a4250ac23472c4b79b093fb5d33b3bcac75ea072e,1
train,cardboard,cardboard270.jpg,data\raw\cardboard\cardboard270.jpg,f99e6cd788b810361482e608903b05cdfdba27137a85413a3725164635cccb8d,1
train,cardboard,cardboard130.jpg,data\raw\cardboard\cardboard130.jpg,c03d6ce3de22e4139e2429950d3c993f6924acbe505801e38ba88e34a6b769dd,1
train,paper,paper379.jpg,data\raw\paper\paper379.jpg,225710ad5bb0476af876d7f2007335da8fa5457649cca500341cfceb65fe0b75,1
train,metal,metal110.jpg,data\raw\metal\metal110.jpg,42724b3d2dd58e39269e0222b8fa4474e4b56e5a678e9c57757ac0f943021d88,1
train,paper,paper107.jpg,data\raw\paper\paper107.jpg,f4d494f48881eae84dd7c740c9cd4dd5bf9baa2ff84a9d5266c3f1b990229275,1
train,metal,metal163.jpg,data\raw\metal\metal163.jpg,344a7f02c7d2f4cfeb25b734c802eda5e8c1a683a0ffc57e14a3d1f045bbc696,1
train,paper,paper56.jpg,data\raw\paper\paper56.jpg,1eeea1a90dbe6ca66e223936ca6e5d6e329d880e547d69ab217c8d1459a8d185,1
train,glass,glass18.jpg,data\raw\glass\glass18.jpg,5b983ff2822323f95dea5ea7147f6f663ee926347a3ee65062f2d6dfb3277f45,1
train,plastic,plastic263.jpg,data\raw\plastic\plastic263.jpg,a2fad759fa0b1f15b8854474212ea194fa30325e2083aa58048b2fd06717f8a9,1
train,glass,glass486.jpg,data\raw\glass\glass486.jpg,cfda64d080b5f77200ba4afe4ee4e2feca0b32618365629f8f0bf6084b5110c1,1
train,paper,paper244.jpg,data\raw\paper\paper244.jpg,17ac0be9f178cbadb594a85d055f1b079c60fccc180bb113c2cd0b6bce730357,1
train,glass,glass181.jpg,data\raw\glass\glass181.jpg,993b631986ade472a92ab48c766d0cd1bdf56a4cf9652165350ed2496a310fb1,1
train,cardboard,cardboard257.jpg,data\raw\cardboard\cardboard257.jpg,6a9b724d039aefa9c1ff60ba61bb773cb30bbb79c230f133b0817627d07aee44,1
train,cardboard,cardboard89.jpg,data\raw\cardboard\cardboard89.jpg,25ed31f2cb519f4af3f49d1888c8ba42b97e68fa28d10d038b3e6131d0cb5d7f,1
train,trash,trash42.jpg,data\raw\trash\trash42.jpg,3f320a10309e62ad670ca4d6aaeab524f84c498a32012526e17b3715ec39de6c,1
train,glass,glass245.jpg,data\raw\glass\glass245.jpg,9ba5acfecee46bd977ce2ff7cb52b3be768fc3f487d17a2b3c7c5486a8dcbcb6,1
train,paper,paper21.jpg,data\raw\paper\paper21.jpg,56fc6e2de1258e237efe35e1f7823d3b467eface0bcb176ed44dc8478414ad5a,1
train,metal,metal384.jpg,data\raw\metal\metal384.jpg,bda03c13fbaac3ec0d3b1d253ed07a2b687b5206d27c7213045bd2eb158a72ea,1
train,glass,glass212.jpg,data\raw\glass\glass212.jpg,dad8d57ce5f7de43c823e6cd481af0b53ae1f3dc41d92beef37fea03527b47de,1
train,paper,paper388.jpg,data\raw\paper\paper388.jpg,fdb9c001240014bb2b8ac5619e370bf0ff6334a7f7ea0305ad84c40c4ef406f4,1
train,glass,glass390.jpg,data\raw\glass\glass390.jpg,d7a3a28f5267c6ff29a10be760c053ad8c4c66a3da554ec52db4464447171c1b,1
train,glass,glass127.jpg,data\raw\glass\glass127.jpg,bd013e93c57350fc23a0c8359567235c08bf983384dec2f3611ba177e7a77f8d,1
train,metal,metal184.jpg,data\raw\metal\metal184.jpg,c7738d478baea960e2d5e496eceeceb4b666ce13ae17376d7f1a4b55b298224e,1
train,paper,paper486.jpg,data\raw\paper\paper486.jpg,3e2f85826777e8e31f054c8ef412589a0cf6904671fbd61e0eff6ca45570aeb7,1
train,metal,metal197.jpg,data\raw\metal\metal197.jpg,0a0206ae58033eba8cd830128181304756920c01ec3c7e599cad6ec9d71ef70b,1
train,cardboard,cardboard151.jpg,data\raw\cardboard\cardboard151.jpg,5aa74001d4af60fe4970c591f247b628d481cf7c3444b0ffd1d1585b1a6e5dc5,1
train,plastic,plastic113.jpg,data\raw\plastic\plastic113.jpg,44d8c7b8b344ab3ba030ea0492d186b786fdc4a8c2010aa2e8a0dc98cb4e1ede,1
train,paper,paper80.jpg,data\raw\paper\paper80.jpg,446d91c53349d060d565485ee9be553f3f0a694b5b2f56f40bd03ca4be8e4abf,1
train,plastic,plastic375.jpg,data\raw\plastic\plastic375.jpg,4d5b1e98e440dbe08718f2ace68ea989d9a8214c96948047dacb6ea17d55e200,1
train,plastic,plastic211.jpg,data\raw\plastic\plastic211.jpg,1f3bbd7da2c877ba9a65f9083d7ec14b211994001f10f8f01d2a081c8d604301,1
train,paper,paper30.jpg,data\raw\paper\paper30.jpg,1b2e07a5f186e185e8961da0478ec0bc0c88ac6161d0cfaa3c53dcf45b57479e,1
train,glass,glass186.jpg,data\raw\glass\glass186.jpg,b42ba5f6e76c4245eac7e5b6f7ef109d2ab2138ed48995b9dd34f46f1e8eee71,1
train,trash,trash6.jpg,data\raw\trash\trash6.jpg,20018f7c4b30f387edbca44d6b4b1233f65fb0e194992119609d0af807985057,1
train,paper,paper559.jpg,data\raw\paper\paper559.jpg,f2897fe901c4e34ad283c176d59f9270a7b6629fb3ef48332d41e238dc17e974,1
train,glass,glass189.jpg,data\raw\glass\glass189.jpg,f25c94515d94fcaf9c132576eb4bd0247e6578c0cd0932941e5abec8a5339b68,1
train,paper,paper488.jpg,data\raw\paper\paper488.jpg,a7ecdf4d6267cf7b4893e57e62b6b7b802810d6e93f6228a88e2415beabaa6b5,1
train,glass,glass330.jpg,data\raw\glass\glass330.jpg,b8462ea85337e9caaf3205245db37109c6070c5344cdd690ec865c91527c91b5,1
train,paper,paper265.jpg,data\raw\paper\paper265.jpg,35facfc8651ad7df30cb2e5c8af7cff56612bc9e241d06790eb9eb68ea7e944f,1
train,paper,paper44.jpg,data\raw\paper\paper44.jpg,854126a082919ebe0f9f127d58cf32ff0161c02fb836a33ce620aea08146f712,1
train,plastic,plastic312.jpg,data\raw\plastic\plastic312.jpg,9b24c96bed046e3c870b0086621726803d6d3127b8011d08c75ac7a9340873af,1
train,paper,paper584.jpg,data\raw\paper\paper584.jpg,3aafd94b9ef477f76fa3d6d86224b44680363abd0ebbb7af3a99930876290c3c,1
train,metal,metal177.jpg,data\raw\metal\metal177.jpg,52d1479756eae984dc1f0734e54487ac24df871d9b1d53d95bf0fe78039f1ece,1
train,paper,paper407.jpg,data\raw\paper\paper407.jpg,e7d542190dfd9b21569193bd7ed1cb94597ceead9d926aec6798ccf98665b3f7,1
train,metal,metal51.jpg,data\raw\metal\metal51.jpg,98bc09cb0c3492a8f5f1952f2cff644fc4858a7e1842f537a89625b95581ca7c,1
train,glass,glass234.jpg,data\raw\glass\glass234.jpg,bf65efd72ee281a0b016b3391d84a0a99cc59b0e60d007d3e0c123d373b03c53,1
train,paper,paper116.jpg,data\raw\paper\paper116.jpg,031dd1191a2dbacb3366708667ea6ba4fe68d87619ba9366e36d7a68bc8f7e9b,1
train,plastic,plastic225.jpg,data\raw\plastic\plastic225.jpg,41b6b1ba77e63f97ad6f3d74272bbf00addd0d15b2120e3a7187860de3d1dcaa,1
train,trash,trash54.jpg,data\raw\trash\trash54.jpg,5afae848f8a1f27b564ddf82e88833059781218353e97a1c9ce408e764805c2d,1
train,cardboard,cardboard381.jpg,data\raw\cardboard\cardboard381.jpg,5d14a1bea6909c3ab86f976d03263861e93910596a2e9b995836546e516625d4,1
train,plastic,plastic328.jpg,data\raw\plastic\plastic328.jpg,6b09eee0722c2a8e562bae5c657e1db64bad8e90040d599a26480268a125fde6,1
train,metal,metal132.jpg,data\raw\metal\metal132.jpg,3811593a63b4190976121c5d43287d3b70342ed35acc52b4a47aa45999f44740,1
train,glass,glass403.jpg,data\raw\glass\glass403.jpg,5f95dd2522f31bfb2ad3b1c5c304983780c35691c4d1a9a3315deb3b54900dae,1
train,glass,glass84.jpg,data\raw\glass\glass84.jpg,4b91ae276e0d7d43d842608a18788fa3f7acde3ed171521275707d7616d825eb,1
train,cardboard,cardboard294.jpg,data\raw\cardboard\cardboard294.jpg,1928c692335255284b24fb66446d694cc8b0ff360db60ddd21662f25158d07d4,1
train,trash,trash96.jpg,data\raw\trash\trash96.jpg,5bfe21d663958b01b145a4934d211f721beb68db99b0be6ccf65289fdb6a92f5,1
train,paper,paper433.jpg,data\raw\paper\paper433.jpg,ca9e1a9811589d9697a6ee9da588dbec665e765ac66aa25694f20795b3baaa8b,1
train,cardboard,cardboard121.jpg,data\raw\cardboard\cardboard121.jpg,b73b7ce6a180a0c33e20ae591d0e727e70a4a53b5f07f87350c245a69f0a3d6f,1
train,glass,glass365.jpg,data\raw\glass\glass365.jpg,d9f9c7a9d266eeba9ab3690743b9802ba306d90f4176467abad71d83b11974d3,1
train,paper,paper110.jpg,data\raw\paper\paper110.jpg,85aaff6366c591fd1293f0b1a6a78bdbe010c2f78418bb3269fde864a968153a,1
train,metal,metal218.jpg,data\raw\metal\metal218.jpg,507f6377728af8978cb6c8c4460df84865b916032e5230f70b31f6b0cf817be2,1
train,paper,paper136.jpg,data\raw\paper\paper136.jpg,8ed79d770dd19ae7516c711f60008d6fa2df835fa94f3541832d8a2767fbfb12,1
train,paper,paper94.jpg,data\raw\paper\paper94.jpg,fc31668ab981babaf03d2f380744914d5651a83c0639fcfba0841b351c720a3c,1
train,metal,metal268.jpg,data\raw\metal\metal268.jpg,f567f55941181c665609ca7052f06a8af445438a73b8c5a408c822fc8a9a4880,1
train,glass,glass377.jpg,data\raw\glass\glass377.jpg,f37cd366c5c383a2785b246da3a2a237e2fdcf0e98b31fb65a9fc23ff01ec6fd,1
train,cardboard,cardboard175.jpg,data\raw\cardboard\cardboard175.jpg,d4af0e938445156556763cb843543edde80b739fbdececcca278c48dd9368d8b,1
train,paper,paper385.jpg,data\raw\paper\paper385.jpg,b5156dee24cf3c9401b7b45bf9f523145d8b30ac5dc9cf688ca5dd2360bc9c31,1
train,cardboard,cardboard321.jpg,data\raw\cardboard\cardboard321.jpg,904d117504cb0f5bd28dc898fdf13c5a66273c103a97390ed84434151797dca2,1
train,plastic,plastic458.jpg,data\raw\plastic\plastic458.jpg,1bac9d75550551aa591d5c7cb136283cea796c2052cd42a65f664822698d0933,1
train,metal,metal392.jpg,data\raw\metal\metal392.jpg,62112227da546062760486f15060c6943fdcb4fdc3a891b5a488ba948b5608d0,1
train,paper,paper179.jpg,data\raw\paper\paper179.jpg,5e5c91dd06fbc6404711f45064fc0d264d423993786ac3196e166e90baf4cdc9,1
train,paper,paper341.jpg,data\raw\paper\paper341.jpg,84cf838bb39699b0ddf461657b8e0bc469d2a82ca923882a22edaf9ffe058b3c,1
train,paper,paper201.jpg,data\raw\paper\paper201.jpg,14b7f37bbbf8db4370e18c90ac0f57bda7d7d31e263fe086353bbae93836c499,1
train,plastic,plastic355.jpg,data\raw\plastic\plastic355.jpg,862a45ce202043c3f295f63bba732b6ca4515fe0601010ad73d971333c9dc69e,1
train,glass,glass184.jpg,data\raw\glass\glass184.jpg,9e2b82a7d9e1b266764a7735b9f8d6b10530d15063ccd9180a9b5a91fc8d1d9b,1
train,paper,paper190.jpg,data\raw\paper\paper190.jpg,d605c225ee7dbe2be3bb51cde76acf488f8062dda3060d83c0121eeedd9c0acd,1
train,plastic,plastic1.jpg,data\raw\plastic\plastic1.jpg,5a81a13c442580a6839e0d350f98d6a6712f6dff47afbc5b436945327ca9ad37,1
train,cardboard,cardboard239.jpg,data\raw\cardboard\cardboard239.jpg,5c1db5b6edfc580ec939062db49eb1012ac6f5570586a8d592bfa5974d74007e,1
train,glass,glass101.jpg,data\raw\glass\glass101.jpg,9d56e6e03f7f995df99576e22433fc6733efdaf0d27e3e85e7c74c6b5c14d38c,1
train,paper,paper235.jpg,data\raw\paper\paper235.jpg,c569882d580fc182cbfd7b28104899cb71c2536b5d79d2c163a2271b6b8519c5,1
train,paper,paper166.jpg,data\raw\paper\paper166.jpg,a848ab76a8047f94b61924a16727d9df39a7439c65bfe1d26e9a066e70cbcc6b,1
train,plastic,plastic139.jpg,data\raw\plastic\plastic139.jpg,20b51c7dd0604e23b351783aaee67367ffcd8edfe34df32fc83e338fe5e13b9f,1
train,glass,glass310.jpg,data\raw\glass\glass310.jpg,b196fbf78445391dea3d9099d39697f9ecdefa76f8ee911e16e324c792b8534d,1
train,cardboard,cardboard146.jpg,data\raw\cardboard\cardboard146.jpg,713e15013b9c91af101f879a8f92b4d24efb4f90820907768211d6d5d920bc3a,1
train,trash,trash47.jpg,data\raw\trash\trash47.jpg,226c6afb2dac99b170d50cfb3ddc4bc76f5c884c7245929655fdb2c906bc6c11,1
train,plastic,plastic40.jpg,data\raw\plastic\plastic40.jpg,d39aaa99980604a54b7b6fc5173a36dd8138b8dde3f3e4bae486a1ed78e78437,1
train,paper,paper427.jpg,data\raw\paper\paper427.jpg,3be8b3c06fd8ac3684fd3ef524d402f7fe00bd5ba88881de3574c9ec2209306a,1
train,plastic,plastic181.jpg,data\raw\plastic\plastic181.jpg,856aa849534ac1859b5a85bf76b7ca02a18e608d2258841cf2215dabff8c4629,1
train,paper,paper587.jpg,data\raw\paper\paper587.jpg,1ebebe6611cdb391116d723ea4429446eccfb74a3df35e94fe071360443c9725,1
train,metal,metal404.jpg,data\raw\metal\metal404.jpg,7ccd1514dcac218ee885080e5e7aa11eedecc4eb3f36cb0173b0765b92902977,1
train,metal,metal401.jpg,data\raw\metal\metal401.jpg,e022819dfeb2857c30014d0898f01a098e2d2e89f35cd21e6332ebd4be71a27a,1
train,cardboard,cardboard45.jpg,data\raw\cardboard\cardboard45.jpg,fe35730eb2ae0aa2006dfb74e6c6f46ebdae0190241e4ce14225d8d205816c9b,1
train,glass,glass416.jpg,data\raw\glass\glass416.jpg,50d4d4b954c2a5c54f807c8ce101f7e3c066687e0e65e242ddebbfc9e98ea101,1
train,paper,paper330.jpg,data\raw\paper\paper330.jpg,e588a3746fec659b2a5a3e4d9e4a4a7b9d052dcc302ec83fba701df1229a9271,1
train,trash,trash85.jpg,data\raw\trash\trash85.jpg,80f671661667ef94470bc60d00323a2746d204e9b4e72c745d9b2b275399874f,1
train,glass,glass138.jpg,data\raw\glass\glass138.jpg,92f556a2399516e96f5adfa879c524769fc9efeebc66960c0572e956b2ecc1da,1
train,paper,paper99.jpg,data\raw\paper\paper99.jpg,f3b31b7837d1fc0def8b7087409d71ca1a1e55cf089894890bdedf83c97de421,1
train,plastic,plastic415.jpg,data\raw\plastic\plastic415.jpg,9d23bfff7520b2fb001c5db9591cd851cf52bfa68147c3fa3bc004da3e58ff05,1
train,paper,paper151.jpg,data\raw\paper\paper151.jpg,e8dae52e19b71132148ecead963b3647bd7198dfe3f59ec40cbb01dfcb1fea0b,1
train,plastic,plastic161.jpg,data\raw\plastic\plastic161.jpg,afa02cdb3ad470cf5bb1a5ee4d6297d3b0228ee7e2e48fc5973370f91dddcb46,1
train,metal,metal61.jpg,data\raw\metal\metal61.jpg,8a7ac3f8a04ad5b16580dfbeb8b02dc38ca17d02fa280b796840b7ad22cb6e52,1
train,cardboard,cardboard136.jpg,data\raw\cardboard\cardboard136.jpg,8bc75c6725f0e9588ba990ed5e5f1bca9da5259eb8e31be0d11ba35afb18412e,1
train,trash,trash79.jpg,data\raw\trash\trash79.jpg,e753e1d34c583c97ea2ba5dbf79ae14d4fa22c2e6e3bc93f0c2f19ec930c53ea,1
train,cardboard,cardboard156.jpg,data\raw\cardboard\cardboard156.jpg,7b5daf5075ffb94cc6f4e408e780ba39c65c62c4741102d793a098d745fe41c4,1
train,paper,paper307.jpg,data\raw\paper\paper307.jpg,b4748ebd7addc4a9f05df348572f3b1fc8a39d9cea94edf0250b883de9d53640,1
train,cardboard,cardboard173.jpg,data\raw\cardboard\cardboard173.jpg,d886f1cb47cd1c4e22bbd89c058932961e1e872be7540f2e7cca1a5f2fb289b8,1
train,paper,paper118.jpg,data\raw\paper\paper118.jpg,5b87770c7eaa97ead3a7d15e11ce333082f234da99b463f595eec5d84c399527,1
train,plastic,plastic428.jpg,data\raw\plastic\plastic428.jpg,a44cdb0309c5b2fd8ba2e7a1168b08b05cb4b8cbebda4a4e7a25e749afe93a99,1
train,glass,glass15.jpg,data\raw\glass\glass15.jpg,e55621b76d93ae7c1a769a8530a30d0120ed284c1d730db3b617c1e040e93a05,1
train,glass,glass381.jpg,data\raw\glass\glass381.jpg,6b7a7d11f2fc67528af282827d789419e96cb788880f25f575a1480403bd2a81,1
train,cardboard,cardboard195.jpg,data\raw\cardboard\cardboard195.jpg,02d2fd8bf5530e970dbef1107cee1a731c781a838d61174953a3d171963f5d94,1
train,metal,metal28.jpg,data\raw\metal\metal28.jpg,a1842aa872d2dd179e670cdb8ca587b1b4c3f821b413046ea59dde5a369a49e4,1
train,paper,paper299.jpg,data\raw\paper\paper299.jpg,805325e683b5b94a070bad3d6d1ce98c8038993a557b39f3ae0f10ecbaf0bdf1,1
train,cardboard,cardboard25.jpg,data\raw\cardboard\cardboard25.jpg,3d52014c2951d04cf94cebb05398f782e76614a815da114f6f0b925c7d5d0444,1
train,paper,paper456.jpg,data\raw\paper\paper456.jpg,ad46e70091c6eb11b49e3f288de4ea4a8ef2e6d8fef7c5944b96a358486c1cf8,1
train,glass,glass200.jpg,data\raw\glass\glass200.jpg,ccef76b1e159cf0e8ccefa3dfc1e73a23ce45a629a303dbb9d7375ec3e1f62be,1
train,glass,glass62.jpg,data\raw\glass\glass62.jpg,daa3971aef106813c3603b288b931a33b4344a16fd38957aa8495f31c7b9b0b7,1
train,glass,glass249.jpg,data\raw\glass\glass249.jpg,c209a8ec595b3be49ed1994932afb6a10d7269a3d6941c2ac4ae90d331c8d2a3,1
train,plastic,plastic447.jpg,data\raw\plastic\plastic447.jpg,035d22330d0d075cc9f336a640224688346994d7f0f9e7512216aca90d1fc505,1
train,paper,paper539.jpg,data\raw\paper\paper539.jpg,26029bd2af59b209283f8bff5b91cd6521f2e56e5b7c6bd771695e6a448ab6c8,1
train,paper,paper32.jpg,data\raw\paper\paper32.jpg,1fb0815ea681a3fd401551c8e7573dfc12abafeeced521d526973a6e0338312c,1
train,glass,glass359.jpg,data\raw\glass\glass359.jpg,4f185d7eff8a582de2f6344293f9083420b34bd6e635486def96e86a216133c6,1
train,glass,glass126.jpg,data\raw\glass\glass126.jpg,912f44e409ee71466346bf1ef6afd2075648943be2930a0884fc00ce1d21e9f8,1
train,glass,glass34.jpg,data\raw\glass\glass34.jpg,469732764a37f039d827de6764e99a864d3fc95f2469d5397a6ef3f7c6a5e82f,1
train,glass,glass435.jpg,data\raw\glass\glass435.jpg,2926e04d80fe0333810e2238647cd4797f203e6477d48421ebb26757009438aa,1
train,glass,glass215.jpg,data\raw\glass\glass215.jpg,5af1475fff8a3cf94013be8089c5b3b93aca7c1812c02ca487d82b28596b41ed,1
train,plastic,plastic22.jpg,data\raw\plastic\plastic22.jpg,1cd2a95dc91965a8d4ac5829aadf0b9db5d2457ff685a3d315b35b9b2ede8dce,1
train,paper,paper515.jpg,data\raw\paper\paper515.jpg,ad73f6f573594005df19893af48a002c721a9478e8c14a68e9f39503e28edd04,1
train,cardboard,cardboard349.jpg,data\raw\cardboard\cardboard349.jpg,163aa7dcc4a05bbab15c462392b9806b5a064ab1c606ea103c96262f044658ce,1
train,plastic,plastic474.jpg,data\raw\plastic\plastic474.jpg,4dd995989aa9414b21b21cdb5effa88bd361d3a549d93e8fd460a4ff652897f0,1
train,paper,paper101.jpg,data\raw\paper\paper101.jpg,1915e10d9a06d378d44b26f76b869e79734e45058d5f6551b6d0c88443a22cfe,1
train,paper,paper139.jpg,data\raw\paper\paper139.jpg,21ede1cb8d8163fd7255917d18dce29e6ef5e083970ffcf8a7abc28154994173,1
train,metal,metal325.jpg,data\raw\metal\metal325.jpg,294c88e5d6d03d5b9a9c4cea826286adde0491f22b82ca87a50cadd798d6364b,1
train,metal,metal377.jpg,data\raw\metal\metal377.jpg,b1bc4ced340dbca3ee419e140cadc68991ae80a903fa6a326c8fa0d93caf4d3c,1
train,glass,glass462.jpg,data\raw\glass\glass462.jpg,11cb062afa3db500529c6d040c119597825aaffed8bb5122c74aabbd36dcadf4,1
train,plastic,plastic196.jpg,data\raw\plastic\plastic196.jpg,9b1ff3737dd984d1b81ecae4ef290f894cee197eac3b1e586200ec186a20ead4,1
train,metal,metal63.jpg,data\raw\metal\metal63.jpg,0e4e8e413f4b1d56a22dafd8cc1487c4193933aff1984a2a97f741271bfd0c5c,1
train,cardboard,cardboard334.jpg,data\raw\cardboard\cardboard334.jpg,e20217c46a83b281bcda09e3d2679e22292d3e3c25bc934969f8d9582f94a21a,1
train,paper,paper78.jpg,data\raw\paper\paper78.jpg,bf7bc79ea0ceb7a689287b4cb2bbe366967affa7b22ded12dca31ed638a64adc,1
train,metal,metal147.jpg,data\raw\metal\metal147.jpg,44a528cec4142730c7e559a34c9b0552fa59a0d08a54bd9cdd1634bc9ca7c837,1
train,paper,paper467.jpg,data\raw\paper\paper467.jpg,bb4b099d6634443ee8dc658701bd09714330148143aa5fe66bcbf24465177efd,1
train,glass,glass482.jpg,data\raw\glass\glass482.jpg,d1191fd240d92a8da142b942db5f34286e18796d39d3391243eae257769246da,1
train,plastic,plastic63.jpg,data\raw\plastic\plastic63.jpg,16518e0987964ac97caa28fe32fe0f0908e7c33db070418126d5cc9c05f0e22d,1
train,paper,paper169.jpg,data\raw\paper\paper169.jpg,aed809992a5c71fc33b077e410c9ecb630033b28295682aaa15d08f5f08f2b63,1
train,paper,paper15.jpg,data\raw\paper\paper15.jpg,aac615f56e68623e06dede09bb4a555a78f3e57fd0a91c7a290ec04f6d240863,1
train,cardboard,cardboard152.jpg,data\raw\cardboard\cardboard152.jpg,b740093eb803b7cb8cfb25cf27d1f30bfa9d38fb67794a20b76e5bf7a1f0b32e,1
train,metal,metal180.jpg,data\raw\metal\metal180.jpg,be03c4e938a384498612241ade801334b667bdfea4e815fb13082117b4d0ba8a,1
train,glass,glass89.jpg,data\raw\glass\glass89.jpg,d9bc8f7a838f6c01140ba373b3866d137706f05faef25ad0fb2870893905607d,1
train,glass,glass239.jpg,data\raw\glass\glass239.jpg,3430d0b2565c343875a381e5777e9a70154def774c2c1c353c8fa02e3fafa2b7,1
train,trash,trash12.jpg,data\raw\trash\trash12.jpg,e17b2ee40dac3524051c42121de539c097010e7cbdb572f17b329877b8833df7,1
train,paper,paper572.jpg,data\raw\paper\paper572.jpg,f68e3a0bf970b94f85658c50b07a0dc6076125d56a068f89bdeea5a7228b23c8,1
train,metal,metal398.jpg,data\raw\metal\metal398.jpg,8cbe5acdfab8791a3286a60fde299d9a22fc4fcfb489cd69acf9458da69bd849,1
train,paper,paper392.jpg,data\raw\paper\paper392.jpg,92dfebef7df018d745ce136ac4160c4e64763ab19df66066a5c4322c44951467,1
train,metal,metal292.jpg,data\raw\metal\metal292.jpg,9e7ef3d5d3a675800e44eddd06a21ef8ea4e3396ede10baa7537e8cefdd2a38b,1
train,paper,paper271.jpg,data\raw\paper\paper271.jpg,bc53f4dcfc411ce9700057542e0b8779f6fe69c394a633e7b908375f757ff391,1
train,trash,trash37.jpg,data\raw\trash\trash37.jpg,10bc95b47a1870bdc56ebfd73843edd207914efae70ff84b10e4b7a12e28758a,1
train,paper,paper458.jpg,data\raw\paper\paper458.jpg,0bda48fe1972ebbcf982f8934f9f171df7c6109772be028f8605ad06ecd529c5,1
train,plastic,plastic2.jpg,data\raw\plastic\plastic2.jpg,86c49ad6ad1213ca8e78308201430378e8fb87b3ffe624993773e6828bf7e30a,1
train,paper,paper490.jpg,data\raw\paper\paper490.jpg,0a79fde1ce7784eaffff4d5902eb37de1a0f9b7500bb3ce3c1b7c5a97cb8f46d,1
train,glass,glass287.jpg,data\raw\glass\glass287.jpg,3f136831cbe89c6e52fa4e675a7d6f55b5ea5e97fc5422a2ffa633c35898ce8a,1
train,glass,glass385.jpg,data\raw\glass\glass385.jpg,73a7977ece3caaa792fa9aa9a9778b7360874385ee99584a6d29682ab07abe27,1
train,plastic,plastic12.jpg,data\raw\plastic\plastic12.jpg,9276e09c44fbf0dd5bf7f405de6efd7edfe61099f7de9019879d2eaba07f47a6,1
train,cardboard,cardboard11.jpg,data\raw\cardboard\cardboard11.jpg,f78d1a1c78d94c7b215b9310f701ea48256c42c105e2455a3c698ef495552523,1
train,metal,metal164.jpg,data\raw\metal\metal164.jpg,f3138cc3eeb04153dadac29fef6a259f66fe7883cca8d33071dfeaef32a36eff,1
train,paper,paper328.jpg,data\raw\paper\paper328.jpg,4c107a2d40d21bf4a3140045eb11b20ced98a7bdb49ce9cd0e0881988686ea17,1
train,paper,paper540.jpg,data\raw\paper\paper540.jpg,c3a2a284f11776a37db8b0d354f6c2aea9d46b9439709f4a79aeecaf577cb8a8,1
train,trash,trash129.jpg,data\raw\trash\trash129.jpg,ce822b51f409c44f06c57ad8f507d72778a7bbef28c34e73d252674f12728361,1
train,cardboard,cardboard135.jpg,data\raw\cardboard\cardboard135.jpg,3e3a0532e27cab09824cc8de8dbc113e9597367ef0768c765bdad44f4e7869f1,1
train,paper,paper2.jpg,data\raw\paper\paper2.jpg,5c246fd3fec667ee5c9ca8c7f50b86a78264674752d066d525642afb22bbeb5e,1
train,trash,trash115.jpg,data\raw\trash\trash115.jpg,35a98f9f5eb24a8f320082900e2cfb71ab6bced3bd8ff10e32b9940115b31b54,1
train,paper,paper586.jpg,data\raw\paper\paper586.jpg,2105d5c225846bb12c844ce82e7b2ecb3e8c7d73c37dce1c5f8e623528e486ad,1
train,glass,glass454.jpg,data\raw\glass\glass454.jpg,d12e1f54eb875db98f49cbe4bcf8c463b095331e8867696dbedf30c8e57bdccf,1
train,plastic,plastic257.jpg,data\raw\plastic\plastic257.jpg,d7aadb2e515592b20886b8412cc70d0e6070e8c793623ea0da87cbe8451d565c,1
train,cardboard,cardboard213.jpg,data\raw\cardboard\cardboard213.jpg,b3c979a3f4b7246548b51ee34782dfab7e146a569511f62bca9b11701460c951,1
train,glass,glass51.jpg,data\raw\glass\glass51.jpg,2050554a0968b5b5485edfff6d821f399fad3a9e16b85353bf3d8fc514b189f4,1
train,metal,metal144.jpg,data\raw\metal\metal144.jpg,de1077e01a190aa4beafb87f57f772c3269ec7715294129d1a5c9f15df908802,1
train,metal,metal286.jpg,data\raw\metal\metal286.jpg,f10a644674b2455d017ad281fbd3f6996d6d9967a914b23f264b737abd21c08a,1
train,glass,glass346.jpg,data\raw\glass\glass346.jpg,4ab77e1502e76a8cadff8519b63614610314de00d6046eaf22e850dd33dce2f5,1
train,trash,trash23.jpg,data\raw\trash\trash23.jpg,2f466a12dbdaef59730ab9828548b8cc63801b688194f41dc078138f814583da,1
train,plastic,plastic365.jpg,data\raw\plastic\plastic365.jpg,3062dd65794d177b88ba6dabe3948a1256a890eccdbdab7dac29e47d97748ba5,1
train,paper,paper219.jpg,data\raw\paper\paper219.jpg,0097b8f965f69b557da82846482508e27a2b7c12f56bd3bdaaa43f69ee5c22fb,1
train,cardboard,cardboard380.jpg,data\raw\cardboard\cardboard380.jpg,450d323adb8f48ed84871a410ba3d17e3ab51b8c3a239654541127f6a10a5e99,1
train,paper,paper197.jpg,data\raw\paper\paper197.jpg,e99597bdbd5e42ea4dd8d063230926cc0aee1d4e48593e841eaab8aec7a10132,1
train,plastic,plastic411.jpg,data\raw\plastic\plastic411.jpg,90f72638e98c7d98446b1ddc98c0826e55d7b87714b9395e39d36141da2a2e4a,1
train,plastic,plastic76.jpg,data\raw\plastic\plastic76.jpg,447ead7e3de2c149161648bc34fcfbd4e9fe5d98efa686d617685631969b5159,1
train,cardboard,cardboard248.jpg,data\raw\cardboard\cardboard248.jpg,43f7d35bcfd1392405f5e3e3d3a8cda18edeca51644c1a1afe44592a6e60d383,1
train,metal,metal281.jpg,data\raw\metal\metal281.jpg,c820ec4d35ec9f7f74ba3a42d0d5089dc2b9371eec31d5a81d366d7d1d2f7710,1
train,glass,glass355.jpg,data\raw\glass\glass355.jpg,cc8b5c6fd847ca243af6df91980ceb85b4ce88ae755effef7910b91a059740e3,1
train,glass,glass237.jpg,data\raw\glass\glass237.jpg,48e70823113177375748a7b0c3226614de98dd109ff3d665be2920f5e7264ada,1
train,glass,glass169.jpg,data\raw\glass\glass169.jpg,47ad13820f6809acc5574c672ea1b9e39a0f00929d3c3ee559598ba144ed66f1,1
train,trash,trash136.jpg,data\raw\trash\trash136.jpg,10690e2f665e52a8e022d71fcaf5b5574ebd187227cc5d6d6e21a5b88d26e572,1
train,paper,paper232.jpg,data\raw\paper\paper232.jpg,c678f16f9c4b2e1bb91129b79d9818b46f82cd812cc83e91636798736d1e7ab7,1
train,glass,glass242.jpg,data\raw\glass\glass242.jpg,53c48d14dc7b8ddd3f0926eafa1966ce7bcc5a73afce2d9e85fe91325b6f72e6,1
train,glass,glass177.jpg,data\raw\glass\glass177.jpg,91558fbe8e8a9016cba33165e8bd30f8dba289ef3d31791f7dfc41dd3981c86d,1
train,metal,metal71.jpg,data\raw\metal\metal71.jpg,7f174868aec04cf615763c51c00d3cb4004c67da204d40238656b79d4cd8ad4e,1
train,metal,metal179.jpg,data\raw\metal\metal179.jpg,f5863266368f19041ce3df411a2fe0970264b0b796742ca663a937a98fd42b94,1
train,metal,metal246.jpg,data\raw\metal\metal246.jpg,ec5b921975637bd4db2d74e57e497ebdd96264e338dc777d1829a6520bbea24c,1
train,glass,glass247.jpg,data\raw\glass\glass247.jpg,92415f803d8211b26bcda8046db7413449a7213435781740246bf63aa010e7f1,1
train,metal,metal92.jpg,data\raw\metal\metal92.jpg,34bb6d791f9df9caaa1970204bdb6fd5f27a7739a94bc695d37e21adf26048c0,1
train,paper,paper466.jpg,data\raw\paper\paper466.jpg,c76f0fb0e0c2a4b00c462f434438309e32e12392f729658269997d3626bd7d50,1
train,glass,glass192.jpg,data\raw\glass\glass192.jpg,a0251609850efa59b9ba88efd0c02178ce2901df8dc5cdf0c960d38aadfd6a2a,1
train,metal,metal114.jpg,data\raw\metal\metal114.jpg,ff3491a1b204be3e76ad92bcf8158dd26e7b9b35b2e291528e651876ee5125f4,1
train,metal,metal160.jpg,data\raw\metal\metal160.jpg,5d943ddd4a73344e52aac08690ea1c93cbe1215c70621bbfd9aa13baf71446dc,1
train,paper,paper505.jpg,data\raw\paper\paper505.jpg,1eae712ac200b7a5ab02ac1b977126371780dc32cb556e62e837c67b3d20dde5,1
train,paper,paper289.jpg,data\raw\paper\paper289.jpg,7ae78b5a06265194f67c6be02e1d7ff0349548aa362c50c8ac96c278f11f5fb3,1
train,cardboard,cardboard392.jpg,data\raw\cardboard\cardboard392.jpg,5544ba127a8f5938080130cc3dec06b9bab5e881f8465fc1c2eee8b7ed14c749,1
train,metal,metal296.jpg,data\raw\metal\metal296.jpg,34bc4ee4ce56e91e3e0561067d5a05ad377b3dcd26175c6f732ae583d89683c3,1
train,trash,trash41.jpg,data\raw\trash\trash41.jpg,f2ecd5c9e529eb4848bd7a7df35c81abc543d3bdbf7c3659b80ae8a6485b4ef3,1
train,paper,paper449.jpg,data\raw\paper\paper449.jpg,6406255b7c7f7a0e1a1ccce70d66401913fb23c7648f258b8b5dec5eea493481,1
train,plastic,plastic382.jpg,data\raw\plastic\plastic382.jpg,5024ba701a30817bb3f296f857b4b0fa31ef0ed76637553c03b3c0c5ba242516,1
train,metal,metal215.jpg,data\raw\metal\metal215.jpg,9e86dfeb376749dd7fd5a66e86e5b86c5128cce01db8d68372fb43ec0f57f3af,1
train,paper,paper42.jpg,data\raw\paper\paper42.jpg,5b3c87ccdd32300b55d07dc425a25708db82992cb5470a334d4d3c97fd0802c5,1
train,metal,metal45.jpg,data\raw\metal\metal45.jpg,3ff96fcc9bba133ea54d8b1169379a15386c4a0613e92fc7bc9dc259e6b89d89,1
train,metal,metal100.jpg,data\raw\metal\metal100.jpg,59ed484f669bb032b4ff95ff7304f60d0ac9b2b02eaaed7f132b1c450e3bd78b,1
train,paper,paper560.jpg,data\raw\paper\paper560.jpg,cf4d6f56134e7a8a6d914165047ff9399a953cad758b57f4fbad45369e045d6c,1
train,glass,glass320.jpg,data\raw\glass\glass320.jpg,86fdb5a3f497b81041c5eda5ff5c1eeed5065f27ba40687a4390f40c56562c1b,1
train,metal,metal383.jpg,data\raw\metal\metal383.jpg,e8faf1522a235b7022da1fefabeb339e2c761c5ddb9c5d77b50fb82b2a68cfac,1
train,metal,metal315.jpg,data\raw\metal\metal315.jpg,8fd19560626992c39fdd8218f990c884a86971006b76827259f19416a6bef828,1
train,plastic,plastic204.jpg,data\raw\plastic\plastic204.jpg,45728f9cf17d582f05318c2b21ffaee274242199fd26a96f5a53aba032a37bbd,1
train,plastic,plastic292.jpg,data\raw\plastic\plastic292.jpg,1fe34344d11d325abae025ab4ac0cf6d7322b4cd54ce846b3d725eeea6f4c965,1
train,paper,paper395.jpg,data\raw\paper\paper395.jpg,cfa21de8e6076f3fe36fbb4adc3d70af54c4a6a25b4d9152881aae08e31c0bf3,1
train,cardboard,cardboard345.jpg,data\raw\cardboard\cardboard345.jpg,98d4483687580535d6e1621c6a11d69caadca915dae1ff3b7bdd5ac231d2d46f,1
train,metal,metal126.jpg,data\raw\metal\metal126.jpg,ff8a42e7cce6aba5867c9704fada633fe471af3d448a73a2903aaae00ffeaa2f,1
train,plastic,plastic459.jpg,data\raw\plastic\plastic459.jpg,9dd81632241ccdb51b0c6cbf90a20577af604173ebc3a5454510aca49540ffc4,1
train,paper,paper481.jpg,data\raw\paper\paper481.jpg,9d81bbee8153eb7c1fde03195578c7ece4f1316a4836c77d45a479a58ed3a38d,1
train,plastic,plastic301.jpg,data\raw\plastic\plastic301.jpg,163c1534d5cb13b304af123c5961f60ac3dd1773148675e96fdb7e468c155c9a,1
train,trash,trash98.jpg,data\raw\trash\trash98.jpg,1c04329bd1a226bf2498f4b4693d97eeaa6531da1ea2f9ce46aca3703637e3c9,1
train,metal,metal141.jpg,data\raw\metal\metal141.jpg,86a37aa48d59b282eacbc926500172c55c7836b4ad45517423c23cc99f7058c4,1
train,metal,metal24.jpg,data\raw\metal\metal24.jpg,b135bd2ebbcaccd4f1e134372bf85e177d3f42afa5415758a9e4c615c57d8607,1
train,paper,paper4.jpg,data\raw\paper\paper4.jpg,11b00c996d8dbb01f72f7463d4a9f3bc1b0f73398480cf9145d9faf6ed7dee25,1
train,cardboard,cardboard60.jpg,data\raw\cardboard\cardboard60.jpg,afa0b403935cd2ae6e7eeea6403cf0c49720b0104aa6eda122189631c5995e6f,1
train,glass,glass92.jpg,data\raw\glass\glass92.jpg,f66acac04fb52b0c21ef53f5f79e85b6adab16e6ec61ca9a10bb410f8c916226,1
train,paper,paper485.jpg,data\raw\paper\paper485.jpg,f1b684dbcf63fb341d112962ca8dc42bf3eb3ae984fd3901befe335609817b50,1
train,glass,glass129.jpg,data\raw\glass\glass129.jpg,d5f5b7ce86ffe3c06d42e6ba98d7a390fd576dfeebb0228ca63f1951e4d58a8e,1
train,metal,metal185.jpg,data\raw\metal\metal185.jpg,bdc699a908783ac33bc196c3583282057e192549a0727951f81636c6e79b534e,1
train,paper,paper390.jpg,data\raw\paper\paper390.jpg,dd00e15032cd6170cabab90835752a890c665c8be1b4595629adbba4c35ed38e,1
train,plastic,plastic205.jpg,data\raw\plastic\plastic205.jpg,9d98b9fdaeb4f7ab6877330e345e4e40be5f8086a558eb20480f75f2faeb6a41,1
train,paper,paper332.jpg,data\raw\paper\paper332.jpg,e7376bd5c514b30aaa1a20c30a90ad6869c68db9877a9627c40480fb61af0d50,1
train,glass,glass453.jpg,data\raw\glass\glass453.jpg,125ea008cda28ac07de88f2e38ef261dd1bddf1772b7590eee68f02a69601595,1
train,cardboard,cardboard368.jpg,data\raw\cardboard\cardboard368.jpg,35f9c610d3146313b087df883c8276bf97f37565de61cdc7a75c7721129e2382,1
train,plastic,plastic72.jpg,data\raw\plastic\plastic72.jpg,fc6ba4d98792b4f60d37402d561d882b57a95d6c6a3ecde3cb469043240e0fd8,1
train,trash,trash32.jpg,data\raw\trash\trash32.jpg,91d9398f5d3edbe36f7f8dd928d320eb40b0cd585cb3873921649742e59321ae,1
train,cardboard,cardboard27.jpg,data\raw\cardboard\cardboard27.jpg,ffa853cb7c8dc3fe1ef474084dbb5a275a132175096b3534090183d87569e9c9,1
train,glass,glass470.jpg,data\raw\glass\glass470.jpg,67cdd7981dd535045d6d8fdabecc4ef5ff63bd96bde6eeaa16aaafa779b59593,1
train,plastic,plastic57.jpg,data\raw\plastic\plastic57.jpg,4674e3d6eee6f7ed7b4e67e6b00d0ad920daca0b38b3b1031c36e5a17067da94,1
train,metal,metal60.jpg,data\raw\metal\metal60.jpg,708e589ec4c83db19b13f1f1d1f0363465ef76427c8a7bfe247056d32effe56e,1
train,metal,metal151.jpg,data\raw\metal\metal151.jpg,e718b35525e563c2276a682ed598824bd72ca56b0d8b4af4cca9da02643c6eae,1
train,plastic,plastic439.jpg,data\raw\plastic\plastic439.jpg,c48d62e02bfa1a932b0aa50ac1723bbe3be1c8d54bffb54f66fa52c0eeb59c57,1
train,cardboard,cardboard49.jpg,data\raw\cardboard\cardboard49.jpg,c3dde25c4e27a9ce16061e54d0862c7fa0af89ad957e59a955454bd6ea33ecae,1
train,glass,glass362.jpg,data\raw\glass\glass362.jpg,552dbcbacc1c63cc69540259f4aa446454124bba167927a3e8d2151d2cc590eb,1
train,plastic,plastic127.jpg,data\raw\plastic\plastic127.jpg,bcce89202c141ce13a6f4bc83bac9fdbe3d703b93cf55b96e5e9b76523d3bcd7,1
train,plastic,plastic433.jpg,data\raw\plastic\plastic433.jpg,c4585c2d3a7b2bb30f028d7c6f3dee30565b9d3b2c44e1ab9c0fce4d0db5f928,1
train,paper,paper548.jpg,data\raw\paper\paper548.jpg,3364b945cd88b7238cd23dab9b5e95ec3da2ec3310082b3eef4db34b5f5ef833,1
train,paper,paper104.jpg,data\raw\paper\paper104.jpg,68825f8e99c794dafe3e72e0eed1b4c9f29b289672f1216ca23b182be6c0d390,1
train,plastic,plastic338.jpg,data\raw\plastic\plastic338.jpg,7dc8ec4eef571b4482371569df63a0f8f7ed8f22e38b99eb4a2043ab55d93615,1
train,plastic,plastic330.jpg,data\raw\plastic\plastic330.jpg,b86fbccff6107a77b1af8a3291da8b3b31a90d45e800103a1b528114c32b62fe,1
train,metal,metal343.jpg,data\raw\metal\metal343.jpg,b323750ec17bb7cbe0609ba18c07dc966cdd2ab2063f1ad323f4bc7d589c542c,1
train,paper,paper414.jpg,data\raw\paper\paper414.jpg,b138992a593c8edd743db9d00f837e6297afff3796314d1429069fbb51bafc87,1
train,metal,metal395.jpg,data\raw\metal\metal395.jpg,6ed31f3df9dabc2642d832ca5ff886a10106d3ad38af087ad23a8e270c7bcde7,1
train,glass,glass378.jpg,data\raw\glass\glass378.jpg,bfeb29b44e861e40747fe4474de23be84c0ab951ddd62ca9bb9158baa9c258be,1
train,plastic,plastic43.jpg,data\raw\plastic\plastic43.jpg,aebc35a0a781aaac200e8407a93a7ba9a532ed6a9f2198d47241471cc69f5e8c,1
train,paper,paper468.jpg,data\raw\paper\paper468.jpg,726f1d0caa101406528a6cc20b38d2e8644de15376801e73d6463c6db446cddb,1
train,metal,metal376.jpg,data\raw\metal\metal376.jpg,3e5f126d709306c52a7ed69d1cd485fca28af671e17b741aab5f6747905efeb3,1
train,paper,paper400.jpg,data\raw\paper\paper400.jpg,9ea0f96f09095465b74d7da993c75241375ed5ec578acdbb05655dc4c1cb6337,1
train,paper,paper12.jpg,data\raw\paper\paper12.jpg,94d1ee6fee5568abe21084c5229d6dc747feb060842340bdf437e7f163ec7815,1
train,paper,paper422.jpg,data\raw\paper\paper422.jpg,556fcb9ed2cc20b6816d292e1deabdb67c1069a42d64eff14569d034b24bba3d,1
train,metal,metal56.jpg,data\raw\metal\metal56.jpg,f67170a855f5bb923145af4d90d7d505164b011778d62d72d1a2603db778acd8,1
train,glass,glass196.jpg,data\raw\glass\glass196.jpg,a11e9d23a7b72cf45327529a371f06efdd1cb423d7df11178219d1721a85434b,1
train,metal,metal73.jpg,data\raw\metal\metal73.jpg,778ff2ea6068a67b89c09444024b5d272ad101f4017cb069eeda5a0ec5b46556,1
train,paper,paper134.jpg,data\raw\paper\paper134.jpg,ed495f4f9c3439058d41999cf1eee407c0efdca55b6ee26dba92285712d7bd4b,1
train,cardboard,cardboard357.jpg,data\raw\cardboard\cardboard357.jpg,868c4afe5202cd867753d6ff2422894c43d74d64b907db1d57fe33fd93f7307d,1
train,glass,glass463.jpg,data\raw\glass\glass463.jpg,b98a73d579fdac665619ea1eb95d2d7dfb47d3c45f7c2ed2bb4933b77c046748,1
train,cardboard,cardboard104.jpg,data\raw\cardboard\cardboard104.jpg,8c5fc72fb93efeb74d912c8ead8dfde62894aabd5aa5ceb67cb261d7efa13e09,1
train,paper,paper525.jpg,data\raw\paper\paper525.jpg,8b80857da6f4f7f267f7583921b41c8f337c63572f44c366357925a30dce94dc,1
train,cardboard,cardboard262.jpg,data\raw\cardboard\cardboard262.jpg,ebad65ecb19e65bc941d49f37841c5bb5a812db7ac76e356dbc0af178374a1c2,1
train,metal,metal224.jpg,data\raw\metal\metal224.jpg,2fd98a7e68ab6e53e0833e7a0bcfe638b18292d5a4dd92dbfb59bc58649bc96d,1
train,glass,glass162.jpg,data\raw\glass\glass162.jpg,0112afaa0a92911ec345fbf99723dad11d1b7005cb0d923b2526cb4cb33cc56c,1
train,plastic,plastic269.jpg,data\raw\plastic\plastic269.jpg,cdb990f12cecb4b31a21ff16f7fb7db098bf62825606de5769571b1b1d988ff9,1
train,paper,paper526.jpg,data\raw\paper\paper526.jpg,0d8032903e348d8797d74caa956af7613e3adf78d98eb7d44f5de41324122187,1
train,plastic,plastic416.jpg,data\raw\plastic\plastic416.jpg,7c52ee325e51d0ba1753f86433a256f86cd6efed044ef6777a1bde1ef40cf13b,1
train,paper,paper191.jpg,data\raw\paper\paper191.jpg,ce7b18a78bc9aa266bb4af742901b0f6b7e2bfc4a7e772d00107e043f43e6af2,1
train,cardboard,cardboard24.jpg,data\raw\cardboard\cardboard24.jpg,731d84161364895186464acd03ea91fcf8b1ce794d5c119bd0bcabcaa550fbf6,1
train,plastic,plastic393.jpg,data\raw\plastic\plastic393.jpg,808a490dc41a1f9d3ddde4e354c894d76e346402f6da7809fb4ba02622ffe823,1
train,plastic,plastic99.jpg,data\raw\plastic\plastic99.jpg,f974ebe90df82d6e9e011848f4542e5fce471d27c85902ce8866bb0131d494b5,1
train,metal,metal248.jpg,data\raw\metal\metal248.jpg,748f022de77f98b4f437853c8bfbe63c505115f1632f1c2379abc75485c743ab,1
train,paper,paper138.jpg,data\raw\paper\paper138.jpg,d3bc514ef97f8e6848541583ce9017b028bef4758d2626426a51b3401b7858d9,1
train,paper,paper391.jpg,data\raw\paper\paper391.jpg,2109a41137370708c08412fa7c49492b52b57f90b1302f013b80e2a5d79c20c1,1
train,plastic,plastic261.jpg,data\raw\plastic\plastic261.jpg,b7eb28e44872fad1b8fc3f39e0f2083d2f4295f74afdb706539b0d156400d713,1
train,paper,paper211.jpg,data\raw\paper\paper211.jpg,a594f043637e0224639690b483b8201d2c4e62b664d69a441690fa90c1588642,1
train,metal,metal314.jpg,data\raw\metal\metal314.jpg,4210dfa7e3521964cb46de56a87006830a54906c076fb0b9de9be498f1ceed65,1
train,paper,paper127.jpg,data\raw\paper\paper127.jpg,6ce5ad817d9d57f925f0dc6b5abca5473d2cc28a62de5f681b1e61b843821b89,1
train,paper,paper387.jpg,data\raw\paper\paper387.jpg,ffa7acc8e93dc44ef4965ece108bbe8639bad46dfc4089ec905e931582f9b93f,1
train,glass,glass449.jpg,data\raw\glass\glass449.jpg,bc7d857f3f8f589ab0d8c6918439b9cc5c0dff555c3a8547fdb4a3d27a4ec48c,1
train,cardboard,cardboard186.jpg,data\raw\cardboard\cardboard186.jpg,bab81c8185b5066823d5784139e56e3a91828ecafb0dc1b3c6c0bbd68804c8c1,1
train,metal,metal107.jpg,data\raw\metal\metal107.jpg,d8f0db0dcff647999334dd6f536cebf06457e8c8010a681cfbf8145d791ec542,1
train,paper,paper206.jpg,data\raw\paper\paper206.jpg,5cc1ac3381cb6c419d9d4f7af9502334712dc6ff5514d4d76aa5a04289167282,1
train,paper,paper8.jpg,data\raw\paper\paper8.jpg,d048ba0a934e54c5d61b0bf6c1fa7c6a08955481a780e8aa40b28450a2c2b1db,1
train,glass,glass472.jpg,data\raw\glass\glass472.jpg,05b945d5d004b3c64416a2b92727d8b493f87b63732e03fb5180376d34600c70,1
train,metal,metal105.jpg,data\raw\metal\metal105.jpg,84ce722eda5b8d808390eae7dd1806ecac46b741e723d5be605a795aeb29874a,1
train,paper,paper327.jpg,data\raw\paper\paper327.jpg,ba28099671de6183eedb10b2d87cac9074bc79d58b6634280e8ed0881289a26b,1
train,glass,glass134.jpg,data\raw\glass\glass134.jpg,2158481040487aed487df9d4870094dcc3008b4de81d66e8bea206b27a293192,1
train,glass,glass323.jpg,data\raw\glass\glass323.jpg,0ae973374777878d2f29b4ae38a5f70b901573e8aa4d17b2ac2f9340eb781804,1
train,trash,trash107.jpg,data\raw\trash\trash107.jpg,13de6bce803776e12771a91c6cdcd8366460387012490993d971c7fb05d368a3,1
train,metal,metal20.jpg,data\raw\metal\metal20.jpg,12faaf4bf45f86a12f004e8518748b0abc1a6ff6b090aaac80e2a2dde32c2c16,1
train,glass,glass398.jpg,data\raw\glass\glass398.jpg,c399a10daa0d91b1f83e7c1def31ce768d9771800fae69fbcbbca59c7a58f769,1
train,cardboard,cardboard190.jpg,data\raw\cardboard\cardboard190.jpg,088abe8da4601c733f63ab5ac545693835a927ae20a66c49e6906ac7ff157bd2,1
train,paper,paper437.jpg,data\raw\paper\paper437.jpg,e931442ae08e67cbcd2b5be98747f1c8082c84f9c6d9d1f8a35fb11e39b1d516,1
train,glass,glass39.jpg,data\raw\glass\glass39.jpg,cc81d4bc6d925497c073a7c95c9621dd1c5f833028466beacbf0332aa356801e,1
train,glass,glass335.jpg,data\raw\glass\glass335.jpg,32d575a9f636744896f9b3594655990cd662955575244feadbdc23ef50964714,1
train,plastic,plastic436.jpg,data\raw\plastic\plastic436.jpg,68fbcf0479ca09e2660ac723cbca1abb608c67e1f6906d97c1e9d767b05f6e83,1
train,paper,paper220.jpg,data\raw\paper\paper220.jpg,4a270d6f2722cf14405c49a1747ed23e81c9104119836c49de66c62b65773504,1
train,metal,metal205.jpg,data\raw\metal\metal205.jpg,fd8f76d8e26f61856dcdb9a5cdc0725951f5d360ccd80541a3c55bfffd3a9998,1
train,glass,glass6.jpg,data\raw\glass\glass6.jpg,8ba68772a1b797c4ac15ad1623cf2bfabed9ac801962358039c7a9873d3afbfe,1
train,paper,paper261.jpg,data\raw\paper\paper261.jpg,fffeb7a6d2d37225aee38ba0943b14b052529f3c4113c651913731b8eb80d52e,1
train,metal,metal52.jpg,data\raw\metal\metal52.jpg,35603bfbca4ee38bdfb80d48b080595399f7d2429355140d29f4954ff7a52876,1
train,cardboard,cardboard253.jpg,data\raw\cardboard\cardboard253.jpg,3facd5e43ff1d5a9868bdb443b23967aebf11d2361e706b09857d8e5bdc06436,1
train,glass,glass206.jpg,data\raw\glass\glass206.jpg,8474654cccd1963de561e8269fec2ea7904ea46fccc274cb91a7cec993897cfa,1
train,paper,paper501.jpg,data\raw\paper\paper501.jpg,e3bb68ec0d8d6fb0628a6671c8740c3bcb01fff7d7632805923f126d0b9f70ed,1
train,cardboard,cardboard231.jpg,data\raw\cardboard\cardboard231.jpg,24a795211199b3e25140dd3d856b8d306d4f16078fc828587d70d03b4b273de4,1
train,glass,glass286.jpg,data\raw\glass\glass286.jpg,cb42abf2660a1074d8d6357dbf8665c89c08610580e7ac531082fb50b814ca36,1
train,plastic,plastic445.jpg,data\raw\plastic\plastic445.jpg,06f511f3f263c68b88df3da413392322c6615510bcc0844abf7e47fb822e94a5,1
train,plastic,plastic85.jpg,data\raw\plastic\plastic85.jpg,01f8d026e7a6f1fc6bc47cf9ddb98e7c23d0cfb538a2f1822bf5287beceb6872,1
train,cardboard,cardboard134.jpg,data\raw\cardboard\cardboard134.jpg,9720c0ba08fcdf017ceb7b92191f3f6ba6cd05c8cc27b79accc183dfcd8f686d,1
train,plastic,plastic91.jpg,data\raw\plastic\plastic91.jpg,4c4b7514cd5e25ed6d878c1f657f520ff6b1d0337ad417ed1ea6b4e98a48bc75,1
train,metal,metal250.jpg,data\raw\metal\metal250.jpg,7b62e4dddd44aa7a9838c09d5e3590af565da114c8ad3f9b6c0869fbc9bfacf5,1
train,glass,glass218.jpg,data\raw\glass\glass218.jpg,e9c17878a28c94b225d82a8f71e6742f335aa0c44f4d84b5a7f62a49610c90ff,1
train,paper,paper147.jpg,data\raw\paper\paper147.jpg,9a36ff9b1300515f7b8bb0073553bbc4a2f57cef9fa723bfb152a311b05282c0,1
train,metal,metal305.jpg,data\raw\metal\metal305.jpg,a6912d622b544a06d59817d8c956f9c3d03142fbfbb4161a56708fe95cb5e9c8,1
train,plastic,plastic463.jpg,data\raw\plastic\plastic463.jpg,0bac49f6aa2001bde9dce18c6fdbed4eb5762f89202a5745ad2223c638ebd30a,1
train,cardboard,cardboard77.jpg,data\raw\cardboard\cardboard77.jpg,1898227eb225da726a809bdc5edc4b26f3251b93c445161e96ff80508650f25c,1
train,cardboard,cardboard287.jpg,data\raw\cardboard\cardboard287.jpg,0fb29fab42bce798a7d4731ba232acfc60f96096c5beb59160714ee1ab8e7c0d,1
train,metal,metal210.jpg,data\raw\metal\metal210.jpg,7fc46680580b2c3d7750b9ea1b0504b70db5ad4e6acb0e874eade1032356f513,1
train,metal,metal259.jpg,data\raw\metal\metal259.jpg,1dc73acaeeb07c595c7154f110d6ef94b446323dd5855ddbf0e9b8c4c4934965,1
train,glass,glass487.jpg,data\raw\glass\glass487.jpg,cb031871be0529ee77bb01b5d8526eeca41a71e8ef71c2e948958899791af680,1
train,paper,paper181.jpg,data\raw\paper\paper181.jpg,784ca4c5c80d8601109aba6929e84ea7bc0a8a84d210702ca73e0a9144db634d,1
train,glass,glass61.jpg,data\raw\glass\glass61.jpg,ec88fe102840837987b2e2c538f0b25102957d49b59cb8cca01b3af54cd5b0be,1
train,metal,metal324.jpg,data\raw\metal\metal324.jpg,fe049594033f81b4464b63208b68f68c0cbb3b8dac8d0c059e771e8418a88393,1
train,glass,glass130.jpg,data\raw\glass\glass130.jpg,e4c44a3993914c6deb7864333de2fa1711d28ee5af2f95cd6fa2499c6f048792,1
train,glass,glass161.jpg,data\raw\glass\glass161.jpg,2590305619aabe0c56b7b62a7ead15a5e1734fd93e40f951934046e1385d54c6,1
train,trash,trash60.jpg,data\raw\trash\trash60.jpg,92facf0867dcdcd28c994b359c75e09ebe86ecde716faa925d6ccc38c964a665,1
train,glass,glass231.jpg,data\raw\glass\glass231.jpg,4e6863464c1fa0976c3177e9cb6117e481ff252f6b7294faed6bd2d4aeb7d868,1
train,cardboard,cardboard128.jpg,data\raw\cardboard\cardboard128.jpg,575037d1fc88de2351aad0fd7ea2d210cf153828da7f6f025f44e3b51e678287,1
train,plastic,plastic334.jpg,data\raw\plastic\plastic334.jpg,892ed231f4d541b31c3f49bc5765a8c93647ddf5a317034742f83d46cb940ad7,1
train,metal,metal400.jpg,data\raw\metal\metal400.jpg,1133b997083dcc2d802b01f5b2a8926c3d1e591e25f316be3530039fb5190348,1
train,plastic,plastic61.jpg,data\raw\plastic\plastic61.jpg,6c3efdb40a993a64e1d2c3eab03dd634101cf8ba124d65b092537ff0116626ab,1
train,glass,glass318.jpg,data\raw\glass\glass318.jpg,feb6ce284cc9eebed14648f907a7fdd0743ad6c36b89008de84d0409a74fffa2,1
train,metal,metal186.jpg,data\raw\metal\metal186.jpg,f6fbe70ee36fb0907264735e8abf67ebea2283dcaa3fcf08a273baf528ab35e5,1
train,cardboard,cardboard352.jpg,data\raw\cardboard\cardboard352.jpg,06ed07ee05770c9b54c0bb775e50183a898985c514ec191ad00432c0bae46583,1
train,paper,paper203.jpg,data\raw\paper\paper203.jpg,a9f5691e645a1d36673c7b390557f391c7ea4ddda2a12ed6932974fd205327ea,1
train,glass,glass224.jpg,data\raw\glass\glass224.jpg,465ce672c482ee53530f99ce33b0bf787f13576bf6e3a6eb8147b2b15ee4d0ce,1
train,plastic,plastic427.jpg,data\raw\plastic\plastic427.jpg,6d578a80836ec004a1ac149895e8689f33edeb9b8e8ee48ed5cedf000c7b7cac,1
train,plastic,plastic367.jpg,data\raw\plastic\plastic367.jpg,50d02a73cce4116b4c1853a25ac9b1dc913d41c37e219ead22b58d25e32b7157,1
train,cardboard,cardboard37.jpg,data\raw\cardboard\cardboard37.jpg,6e2373083ceeb539cbaa5dfd9937d4a42c7267390ba9083454ab7e254a43de3c,1
train,glass,glass104.jpg,data\raw\glass\glass104.jpg,7816a545b6bfa2d84a09ca273b21849998b88eb26ed7d855987fb00f619365b0,1
train,paper,paper72.jpg,data\raw\paper\paper72.jpg,f704f08e98f9cdf162057dd283b2187d3b26e2b98d58f488d633596a3f46b4c5,1
train,plastic,plastic398.jpg,data\raw\plastic\plastic398.jpg,204739a2e73afca691e41130f49ffa8c5b40d25a110b56aa2a67041a07bc259d,1
train,paper,paper68.jpg,data\raw\paper\paper68.jpg,6fc4f8109ca48036e6bca958b629c3e35c6484e3403b0b6410be3814d0b13395,1
train,metal,metal391.jpg,data\raw\metal\metal391.jpg,a37c6e33d5e00f633006e206c499d610f0782da676e5c9c7a157d27423f5cbb0,1
train,glass,glass219.jpg,data\raw\glass\glass219.jpg,0b1f41875318dd10c74038efcc46c9457b4a3dcb5616fc54394a9b6e58d32291,1
train,paper,paper377.jpg,data\raw\paper\paper377.jpg,de6f0356da1011cdb18c13fef21971b6903d2aa79bcc71421cf391a1027af347,1
train,metal,metal74.jpg,data\raw\metal\metal74.jpg,05712498b243211d0e0e6292cbb8ed6c2df586212ab5009bb470b87c5f362bec,1
train,glass,glass49.jpg,data\raw\glass\glass49.jpg,aa0e9e718503daa5fc811cd93c9c0156974e48138d6ffebdbe2ce7f9b41e2c95,1
train,metal,metal247.jpg,data\raw\metal\metal247.jpg,ab6e62249c7a90795afe3420b50ea141a8d8fd7bc1ea162d7d6660978feee123,1
train,metal,metal82.jpg,data\raw\metal\metal82.jpg,5f85c330652f7a6693be62f9a04aaa1a14488a78696495e42b2b376ef559de67,1
train,plastic,plastic310.jpg,data\raw\plastic\plastic310.jpg,178bcccdc927df8f61789569ea50814d110b0443355ecbb4227e4ae6452293d9,1
train,cardboard,cardboard245.jpg,data\raw\cardboard\cardboard245.jpg,27c5990593a694d2efada37217663b621c2475cd8333d0070cba01c828887d2a,1
train,metal,metal193.jpg,data\raw\metal\metal193.jpg,2bfe1e25bb903eb45c8494f4645d081d9a34c337e716840868cefb3e8f850f40,1
train,glass,glass179.jpg,data\raw\glass\glass179.jpg,483cfb5199c8caade8ec6ed2ef878513bd33becf31989b503777417fca856cf8,1
train,paper,paper405.jpg,data\raw\paper\paper405.jpg,14b420ee53548bf7cf8b43990916202a6e125df8de67d33d55fe4c2e230a946a,1
train,cardboard,cardboard351.jpg,data\raw\cardboard\cardboard351.jpg,d1ea540ae48743c2d49eeb92a92f1a9dd42719f7ca461be64c29ffe7fff05462,1
train,glass,glass421.jpg,data\raw\glass\glass421.jpg,ebbc05cd7d605f2d2354f176e7f353af33d523a983187d8c5911d48505348e22,1
train,cardboard,cardboard395.jpg,data\raw\cardboard\cardboard395.jpg,7a97a90ad526f5298c13ad8e43f92189838fddf1d525537e8bb4b9bc76d510b6,1
train,plastic,plastic256.jpg,data\raw\plastic\plastic256.jpg,1bdb6cb2949721018b1a4cb80cfee4c0eea5965df935a5ff2a28603b946ed3ee,1
train,cardboard,cardboard308.jpg,data\raw\cardboard\cardboard308.jpg,00780d2f2abc38c3f1f3c2a89c017702e890c652cfa8c6b70597278bb80d5ae0,1
train,plastic,plastic237.jpg,data\raw\plastic\plastic237.jpg,46790a275ac54d841ca2f6a981f192a2c212473a9408f9b2fd5c42e021019c4b,1
train,plastic,plastic14.jpg,data\raw\plastic\plastic14.jpg,3c1cc3b63ab1cdf605adfabb8fb059f2471645516fc99446a4c665d85f7541ff,1
train,cardboard,cardboard284.jpg,data\raw\cardboard\cardboard284.jpg,693c859854fcb31de06bda96dc635d92df3cad0e8204ee246bd94674dfe54c35,1
train,cardboard,cardboard31.jpg,data\raw\cardboard\cardboard31.jpg,c236abb3035210d316970d34bab994d39facac9be0a17ef8351dc0fd0c9dcd9d,1
train,metal,metal72.jpg,data\raw\metal\metal72.jpg,3406db8187036cc95eb4e5795ce11926c3f6a287cd0e208dbc01b3a276461d4d,1
train,cardboard,cardboard314.jpg,data\raw\cardboard\cardboard314.jpg,348d553c251eecfc62b7068976deeea134c4b0f1650a736cc64b8b6e54fbdbc7,1
train,glass,glass88.jpg,data\raw\glass\glass88.jpg,59fc76a84fde5cf1e04d0ec04d07b1c83a6c9d66c2de4015f9a88a03b4e689f6,1
train,metal,metal38.jpg,data\raw\metal\metal38.jpg,cf67e6c88793b244bfc3cdf8d6389c475c8641cc4b33bb720d87c8a49ffefa20,1
train,glass,glass436.jpg,data\raw\glass\glass436.jpg,37a4389fd332b9872644bc5c4d8a44fcd1e3378878ff6cf201d70b659735cfc6,1
train,paper,paper477.jpg,data\raw\paper\paper477.jpg,75bf7bb9a46b9a7555d98127c5bedd0402bedab7d13f5f10f80512f6ee34a618,1
train,metal,metal337.jpg,data\raw\metal\metal337.jpg,ed30620f77fd4dbc65256dce2b53ce7f92b7e2189c6c3ce81ba1d072887fa234,1
train,paper,paper6.jpg,data\raw\paper\paper6.jpg,d8c79e0835bfb6b529992843389520a81a55ac723387e2e70bb7a2c495ceb7ee,1
train,metal,metal263.jpg,data\raw\metal\metal263.jpg,871b620dcae2c9bb012162c756a53e00d7c288a9b5014c67f7f7bf0f8da82bd2,1
train,paper,paper357.jpg,data\raw\paper\paper357.jpg,7deca712ee1eb68294f1558bec2bc1d34c96d079686d8bb35783e88e2cd3d583,1
train,glass,glass343.jpg,data\raw\glass\glass343.jpg,f13ba3de1e5ec82f96b06ee8810d95adf558136474d2dd100f6d29dd7c1747a6,1
train,cardboard,cardboard315.jpg,data\raw\cardboard\cardboard315.jpg,3f35afdf48a24f5233f1e1f7a8711b108f806a00f1d012643a732a01ea004820,1
train,paper,paper396.jpg,data\raw\paper\paper396.jpg,a570dce45bcc0a5fd458c816ba2e86d23ca96db1dee28dbb93529fe86fe3c95d,1
train,glass,glass73.jpg,data\raw\glass\glass73.jpg,3634290f2e8e578e36042841453d307eb95437fdc0001834403b3a3f9b7d27e2,1
train,plastic,plastic158.jpg,data\raw\plastic\plastic158.jpg,ddaf814b724a50341a48db8f05d3632939afe0fc0ee44cdebae43cefde327d80,1
train,glass,glass35.jpg,data\raw\glass\glass35.jpg,a7b12b1cdc0e41d0d77c7e4dbfe941926307b047b5bbe60c2aef87676f50252d,1
train,metal,metal157.jpg,data\raw\metal\metal157.jpg,c83928d26f05a7f35d043fe35f28d3e45f8b953294a591d44d97858583346eba,1
train,cardboard,cardboard80.jpg,data\raw\cardboard\cardboard80.jpg,f48920b82e11077a3a6dfe610bc1e42bb6d4f9b65bd81610d973cb90f79d29f9,1
train,cardboard,cardboard153.jpg,data\raw\cardboard\cardboard153.jpg,6e4b49547daf86f258ebc12aa2bbdd574e2d77837cfa36dbca0cfa2891520f14,1
train,cardboard,cardboard98.jpg,data\raw\cardboard\cardboard98.jpg,5e3f3eb21f52eb2502111e13efb593ea267ecc7dbdd1361195e5ae402998bf32,1
train,plastic,plastic413.jpg,data\raw\plastic\plastic413.jpg,5ecdce1f0c64e1e0c6dd90d2097eb24685e743369a48e02a787d0d8f4d7dee65,1
train,paper,paper551.jpg,data\raw\paper\paper551.jpg,96e4321c9db53697e4e736774dc1ec8e38a356ae174254999496a75860213852,1
train,cardboard,cardboard377.jpg,data\raw\cardboard\cardboard377.jpg,836403b50cf91c009d42c3e64ef132a4799c2808a43ce155549e4dc57cdfe446,1
train,metal,metal206.jpg,data\raw\metal\metal206.jpg,c40edd7d2496bf7a271c1c4f6125d24384a84944b4c5f4bb94f316438823bc9f,1
train,glass,glass412.jpg,data\raw\glass\glass412.jpg,eff551a94ab9e54817cfe22911b17de4f5c02fa64851153dbdd7bfe1b9e82066,1
train,trash,trash9.jpg,data\raw\trash\trash9.jpg,72954fafcbaaadc28fabf6eb3e0c785dbf527c9cc5de3faa6b0af2c59116f442,1
train,glass,glass253.jpg,data\raw\glass\glass253.jpg,abba391aed4dc16b98cd8d760275783319672368d9cc928167be3c821ce16d8c,1
train,paper,paper571.jpg,data\raw\paper\paper571.jpg,026ff2aaf51863144d94ac30c00a9ebad58cdb01335f58128474e1b3bc386ca7,1
train,trash,trash58.jpg,data\raw\trash\trash58.jpg,133e53c2a758634c421f3f89c86ad72e7a31b381aa06ba2d9083645283ad2166,1
train,metal,metal201.jpg,data\raw\metal\metal201.jpg,4302630b651a017c0c0e98695384f4373f67390a7472fac5105d388ffa131701,1
train,glass,glass139.jpg,data\raw\glass\glass139.jpg,45a69094577ef5145e52bf1885b5c52f90db42455c6382e663d99b11a0e9b21c,1
train,paper,paper168.jpg,data\raw\paper\paper168.jpg,6d76c054d32b26ea011b9cf8f3587c5a4bb0bb1369ebbd50f2876fc499867ab5,1
train,paper,paper401.jpg,data\raw\paper\paper401.jpg,87726b7e105dd96147e3ab39ef80d972effbfeee83b6f5c1b18e01faffd0338e,1
train,cardboard,cardboard299.jpg,data\raw\cardboard\cardboard299.jpg,66b0eb2c973b01fcd6a0853047d52f76cdb6f97428e1c10e8ef68b6df7414b12,1
train,plastic,plastic103.jpg,data\raw\plastic\plastic103.jpg,87b7c1963f3edaf573ca0b650117b57f082754cf03e96e9b5f32c89bb0d4baf3,1
train,paper,paper432.jpg,data\raw\paper\paper432.jpg,ef0a95b74fcab71d016e8d5f42e99c6eecf51ab8b0724b2a67db0e68cd108528,1
train,paper,paper479.jpg,data\raw\paper\paper479.jpg,3b82772d2649481097e9d843f019974ba6f375ecaaabcc8d4339b00fff38f9e0,1
train,paper,paper223.jpg,data\raw\paper\paper223.jpg,57b135fe8842984207d2cd9a111c1f5e3747be7b8ca2de76ef3f5428048fbab3,1
train,cardboard,cardboard84.jpg,data\raw\cardboard\cardboard84.jpg,f62b04a40f83a2877f772921f8b9e9ffc6a60a45e8679b9005880d233d2a27b2,1
train,glass,glass438.jpg,data\raw\glass\glass438.jpg,8e19f208abb0e92bf7a9ea90879496a3cf774abf4ccb1400dd8a5002d818b84b,1
train,paper,paper418.jpg,data\raw\paper\paper418.jpg,cb8c69c27362accb49e2caec57e62ebb29c2491f2532cf9015511fe049e3bc0e,1
train,plastic,plastic126.jpg,data\raw\plastic\plastic126.jpg,219faadf8ca0140bbe363127e9414f3e53718c2ff180c4ac1a6173a66a2abae1,1
train,metal,metal181.jpg,data\raw\metal\metal181.jpg,7eced799ed72a68fc87e04274a1ea016fe888eac6d944f601d9c4cc7623eba9e,1
train,plastic,plastic66.jpg,data\raw\plastic\plastic66.jpg,193a15fa9c0f2b9385bd569c056122ae9c27c6f2784bd5efbb50d1dd6c1026d1,1
train,glass,glass75.jpg,data\raw\glass\glass75.jpg,4b844ad088407d53e41cdffd32c7be3534e05f848bbf705b81069ec74c5b925d,1
train,plastic,plastic173.jpg,data\raw\plastic\plastic173.jpg,0e5498eeb7c54c88280aacb7e375089fba40be8473c73127fc592fc6e763db5e,1
train,metal,metal311.jpg,data\raw\metal\metal311.jpg,3fc1bdb490635c22909fa7893acac3824a50f66262e35f484f67ec609d0e5747,1
train,plastic,plastic5.jpg,data\raw\plastic\plastic5.jpg,d85046400205055ef166783630adfb2df8399a67a8e8039cb203a1cd14e4b886,1
train,paper,paper135.jpg,data\raw\paper\paper135.jpg,2e51e5375c6ff51842ee556c2d31ed0447c8fe4836b523821dc0eaaa03174d97,1
train,cardboard,cardboard214.jpg,data\raw\cardboard\cardboard214.jpg,7c74d1ef9a2e93b9cda080c26d33235e3a94864e3fb5bc00e098ab5afe87ca4a,1
train,cardboard,cardboard348.jpg,data\raw\cardboard\cardboard348.jpg,4e53d96fadcef283a1b30bbc0b76ddb811b90a844bbb7dfd8eb30ff92470c982,1
train,metal,metal129.jpg,data\raw\metal\metal129.jpg,c1bed427b41f9243ddc979a5411f065649586e75a089b478f156f50ce7eb105b,1
train,cardboard,cardboard125.jpg,data\raw\cardboard\cardboard125.jpg,5ec499f5f409e2ef67239f34b4cb719cbd4b693d7a4d41c95a17fdd4198087cb,1
train,trash,trash78.jpg,data\raw\trash\trash78.jpg,5a13bcf8f95a239a08d11b4b6f17697e4b8344620b9cc4b4d53783b6bf7e8821,1
train,metal,metal133.jpg,data\raw\metal\metal133.jpg,e90c83c63ff95a469f03207efbcd9339785013a63b570fb74d4afe5e400e82b3,1
train,plastic,plastic426.jpg,data\raw\plastic\plastic426.jpg,ca3db4385012f56b510d13abc9b9871b5410af4dd09ad3535fdf6af638a24eae,1
train,cardboard,cardboard177.jpg,data\raw\cardboard\cardboard177.jpg,8aa23475abf49b4b68b3f3b1c9d6baeabe834d4e90b37a63cecbecaf07776c36,1
train,metal,metal113.jpg,data\raw\metal\metal113.jpg,14b1e55361254bf0f699f918a33ef03b92a6ab54dd5637520652652746056c9b,1
train,metal,metal2.jpg,data\raw\metal\metal2.jpg,da59c3fa97ea7e9ef2e374a7ccc4cc84d350f3a3e4bcefc6e601d0cc4ecae7ed,1
train,glass,glass182.jpg,data\raw\glass\glass182.jpg,c52823646cf1218879cf7237bb4ebbac7d512181f7903636d4c7e8e18696c12b,1
train,paper,paper582.jpg,data\raw\paper\paper582.jpg,a46ab9bf4e4533eee5976f7504e05aaea1cf61fcbbbf385c8c304df2524b3f85,1
train,paper,paper294.jpg,data\raw\paper\paper294.jpg,4124289a0d756472e2fb36c2b4eccc1614d68b1b6b1695147a5afde8fdb2a5b0,1
train,paper,paper389.jpg,data\raw\paper\paper389.jpg,b09477db1fff5f30de4df1e23e2d951a850ebbfd6353bf14b6e20be2b96ee106,1
train,metal,metal65.jpg,data\raw\metal\metal65.jpg,5bb983664aae5f1f02a852a10d33114a1f97ad19ed78a313276ad732cdad117d,1
train,glass,glass478.jpg,data\raw\glass\glass478.jpg,2e4c7b202b8f60c93c9a64315a7f2340dd9cacafebcd3ddc031d363004a88865,1
train,plastic,plastic372.jpg,data\raw\plastic\plastic372.jpg,31b4750d5072f1c4e7ae5b66a3fecb0f94f9439307627952e810b3764fd40ef5,1
train,plastic,plastic329.jpg,data\raw\plastic\plastic329.jpg,c78e40757bf8d6728c124ec34644563102b677ded29be69b36a19ff44dcbd195,1
train,metal,metal262.jpg,data\raw\metal\metal262.jpg,16985596a876dcca2d8b5519979e180f6496771551ea262346ac37f3f4d9099b,1
train,glass,glass345.jpg,data\raw\glass\glass345.jpg,5a97da39b78064b9b364cb167e6bffe728104e3a9e89ee3803eec880ca57357a,1
train,plastic,plastic410.jpg,data\raw\plastic\plastic410.jpg,8fc12b3278e610b3cfe16f95fc65e9cbe1eed14012a6483df6f94ca2fd4fe47b,1
train,plastic,plastic134.jpg,data\raw\plastic\plastic134.jpg,f20f144f44908e67f1008cf6344d9fc12a72a6f9883a063722b4dbfe10bff064,1
train,plastic,plastic348.jpg,data\raw\plastic\plastic348.jpg,7a6dfb86c6b5d8c45e298989408e85cc3c4c3c872fecdd086ea87a41629d1764,1
train,cardboard,cardboard354.jpg,data\raw\cardboard\cardboard354.jpg,e77d22b4f9e1fb34f7f288b59b260b76ada6d73cb1764d5a62208e981c6a2a6a,1
train,plastic,plastic175.jpg,data\raw\plastic\plastic175.jpg,9bec7462014a741d2e75faf29ca2b43e55f9781cf7432dc0d03b1103db9e4f0e,1
train,cardboard,cardboard51.jpg,data\raw\cardboard\cardboard51.jpg,780465492648dcbdec9e5fd35752fb9541501ae94bb9d10027d37552d4d90407,1
train,metal,metal173.jpg,data\raw\metal\metal173.jpg,207268345869e042ad945c8fa4d9bcc3580e69840c102b1119d86e3c7c54b5a7,1
train,cardboard,cardboard312.jpg,data\raw\cardboard\cardboard312.jpg,c0e6c7503a7da3f833f1cce19c0e4aecb29fc49a55503d4e438eefb810f96173,1
train,metal,metal168.jpg,data\raw\metal\metal168.jpg,761e31a55036be18318ce7634ba174e17910e707ca5798debfd518a4fc1ee57b,1
train,metal,metal5.jpg,data\raw\metal\metal5.jpg,0d7a4d93a05909296f09b8e7717252bf51dd2630ac120418155f590beb005e93,1
train,paper,paper255.jpg,data\raw\paper\paper255.jpg,bcfed6be1fa2122852ed8e45a21cecbf62a7cd3be3c174de5816b92a181cf4f7,1
train,plastic,plastic185.jpg,data\raw\plastic\plastic185.jpg,422899cba7912927777c3f682ca2eb7400f067b69a908e15c0026779e3fea928,1
train,paper,paper111.jpg,data\raw\paper\paper111.jpg,5d1799d8bd5cbc76ff238c48cb674c86f84a608ca7d6ad1f2346e0ca146e34a4,1
train,cardboard,cardboard100.jpg,data\raw\cardboard\cardboard100.jpg,13277fa7ae788f6f342a7d41ada36d4adcd20c58e504f2302b619f3b79087b92,1
train,plastic,plastic34.jpg,data\raw\plastic\plastic34.jpg,36ef6e2a3544bebfd29e73d3ded40dc58a05871f3712a02bace6f108ecf72a98,1
train,plastic,plastic373.jpg,data\raw\plastic\plastic373.jpg,24c0388ee64be0310fc3b57fdf0fcc894e3e56c4fec1675e00ffc91caa919ade,1
train,trash,trash119.jpg,data\raw\trash\trash119.jpg,6f56a47e66afd9d98d8a338d4e7b2635565a315e84b3e4964be6bcd402ac88ce,1
train,trash,trash80.jpg,data\raw\trash\trash80.jpg,8c10c016558a7ba0735f0a23b5e68ba5681b4440fb875405609e1e4250c3d0d5,1
train,plastic,plastic98.jpg,data\raw\plastic\plastic98.jpg,5dcdd840b2ef4863a974153e836821955c0d8a179529fd9ae3dff29af628b8b8,1
train,metal,metal386.jpg,data\raw\metal\metal386.jpg,dc320bcd69c7c581537a18e08966424b5eca0f14a874deb70a764194fb14a6ce,1
train,glass,glass395.jpg,data\raw\glass\glass395.jpg,b1a2793b62f7ecca9de42562d84da7490151d79bf94bd6ffffb661aac184b44e,1
train,plastic,plastic229.jpg,data\raw\plastic\plastic229.jpg,ffb16cf4378081e2786a7bde7969da45ebc7d14c98bea4ba2fea6af4974cf123,1
train,metal,metal256.jpg,data\raw\metal\metal256.jpg,c68b86c3ebd0f041245b0d53782f6b9a9067169264fb7c586b743a7c2472ff84,1
train,cardboard,cardboard110.jpg,data\raw\cardboard\cardboard110.jpg,b4618ec2441a57414e3080c66e35137ee240aa6588342f61b98ff55a2920b923,1
train,paper,paper590.jpg,data\raw\paper\paper590.jpg,7aed1fd9b1cf2a04270b3d90e182dabcdb6c96d604000d0e24f5d8c78715f2fc,1
train,metal,metal368.jpg,data\raw\metal\metal368.jpg,33cb876f9ce5af156674ad6cc7bb5a065991506eefdcc76d5b7a3a05f4f75b1f,1
train,trash,trash99.jpg,data\raw\trash\trash99.jpg,782cf3677ff3368ec77f9e7dc47594d8431f28417486e61686cf615dc1c64cec,1
train,trash,trash71.jpg,data\raw\trash\trash71.jpg,854c64be4f889a5b39a8a4c5f5876a826be70f2d2768faea98b59a8ea3430dab,1
train,metal,metal269.jpg,data\raw\metal\metal269.jpg,e56df9be46fbbb5fadd739b24a058acc4f419ff7a567f2c164a89390be832f04,1
train,plastic,plastic364.jpg,data\raw\plastic\plastic364.jpg,c2bc088c8e2082ed3d0cd72ec1eb7d1d329b961509741da37525ab303aaa3d74,1
train,plastic,plastic424.jpg,data\raw\plastic\plastic424.jpg,3f3832c7c25c9b7f8fddaf2ade395408e7881c9624ede81e0ac7c02899a6e7e4,1
train,metal,metal211.jpg,data\raw\metal\metal211.jpg,249e102551f9b38e40bc026485a7be3a7623f3abbfcd0108ee8cea531d0532f4,1
train,plastic,plastic335.jpg,data\raw\plastic\plastic335.jpg,3a8fdcb0c7b95bc9474fa8302f77da9eeb113aeb3bc3a1dbcd6f84d07161e748,1
train,plastic,plastic108.jpg,data\raw\plastic\plastic108.jpg,d80c2be26802da61053a83ee095eac4460a9a505cc9b757fddcc3649aaa48265,1
train,cardboard,cardboard333.jpg,data\raw\cardboard\cardboard333.jpg,80d7fbff6aef0cc81e65044a3dbcec2adeadca5c29f7500092b0b40f986483bc,1
train,paper,paper474.jpg,data\raw\paper\paper474.jpg,b25471c824a5539c5168ea97eb25bf652ab63e9bc1a930c96670c20a4d68fc70,1
train,glass,glass326.jpg,data\raw\glass\glass326.jpg,0cc5dfca0ae745d898ef5b6b9cc68c1f82e19f51fc35d6db997afabd0a26dec4,1
train,glass,glass30.jpg,data\raw\glass\glass30.jpg,d0c85bea887f625ee9a5e2625d559516ec471a7e94d5b2d52b2abbde1b19b299,1
train,glass,glass140.jpg,data\raw\glass\glass140.jpg,668d2574aca8fe37648c3b6d05df8cc0c15afcff3b7e391aa3441cc1d99c8364,1
train,plastic,plastic202.jpg,data\raw\plastic\plastic202.jpg,cfd035c8c4400a35408be51e5e4219f01104e858e689779ef1972755e2612955,1
train,plastic,plastic262.jpg,data\raw\plastic\plastic262.jpg,b6dda9ed628e3c7845e1b2c90ab54b06c43ac48a6d5fd19e3987e55f603c5eb6,1
train,glass,glass246.jpg,data\raw\glass\glass246.jpg,de00c2f9d796d7ce77d8460a37ca33c0281335e00b1d06c1cd908a1560c88bd8,1
train,glass,glass94.jpg,data\raw\glass\glass94.jpg,dd1e6da5bdc5f73aa15142e6b7c668453b3349937fe5bf2eedb4d6a39c60c738,1
train,paper,paper251.jpg,data\raw\paper\paper251.jpg,f63066df4c1c919ea2b7027ff130aced21f7bfc6df06046b4402b3b65154f6d7,1
train,paper,paper497.jpg,data\raw\paper\paper497.jpg,2a68e92046611c511dc12c44eeec7509cdf44e93a7ee64abfd4a77f37d0091ac,1
train,trash,trash105.jpg,data\raw\trash\trash105.jpg,38f27ee1e73abed46c00653e1bbbd1fdd42f447123f03ad2c796d090dd3a83d9,1
train,metal,metal254.jpg,data\raw\metal\metal254.jpg,5f7729d8942296b24a2837b096cb747e61f45fe7fa7dc2c77075548ef881a97f,1
train,plastic,plastic371.jpg,data\raw\plastic\plastic371.jpg,655525f72b7162d1497b9b94662372c457757b55b64519d965402d8fc5008d40,1
train,trash,trash94.jpg,data\raw\trash\trash94.jpg,89a4c6f609acdf40b5d122444e1bf9ff0e3c6451435ce33c79c68b12e856e71c,1
train,metal,metal261.jpg,data\raw\metal\metal261.jpg,770b06b68120e8ec7c5906381f0f70d6fed1b1d7ac457f60e94466b12aaa5823,1
train,glass,glass263.jpg,data\raw\glass\glass263.jpg,92a9ab9dcd2bea53ccc6926bc4d1509e0eba74f124342b9190e3c92fa68de1b5,1
train,paper,paper74.jpg,data\raw\paper\paper74.jpg,c09f59b8068c9177a2b014d946b326f4d28855c6b93276078d4cb9d7593910ac,1
train,paper,paper376.jpg,data\raw\paper\paper376.jpg,9b3712221fce93d0c76e53c277a93b49036a9e61566a1f023ba5148cc0cee970,1
train,metal,metal76.jpg,data\raw\metal\metal76.jpg,a5837271a1ad74b66d6bb9ff679491efd25a4edc497ddbc8474f2f1e90ad8237,1
train,plastic,plastic476.jpg,data\raw\plastic\plastic476.jpg,ef8121e224597da0607432cfbbfaab33b38a69a02d555aef5710737f7857b660,1
train,glass,glass63.jpg,data\raw\glass\glass63.jpg,c078d13a596cfce52a3d40840ed5e48ee0e43f4ea3fda0d7df7415edd262c521,1
train,cardboard,cardboard343.jpg,data\raw\cardboard\cardboard343.jpg,257611cab3bdb086ace64cb249436bb66da6a52ac2fc292a2b8a74b62b49c768,1
train,metal,metal272.jpg,data\raw\metal\metal272.jpg,0ca9f3bbece958bc3b601a84ba4c89cd09513172f1047a602fa0712ec66b7452,1
train,cardboard,cardboard217.jpg,data\raw\cardboard\cardboard217.jpg,3f5fba27f5c8a3e46bdbcbccb8e42ff38514e6bd5b6ac3aac96a8d44a05e52ea,1
train,metal,metal13.jpg,data\raw\metal\metal13.jpg,a4d7df36d807f540e62fb91552e0a1926a8154c30c80fbf4207d4c1b845c4e6d,1
train,cardboard,cardboard305.jpg,data\raw\cardboard\cardboard305.jpg,416cf318238625e3c4a465e685e372ea5edbb69c10c832b666b2fdb1050bc17e,1
train,paper,paper112.jpg,data\raw\paper\paper112.jpg,37ae511f773ad52c8fdb11a5cbf2d77110e7c0c3c022cfe283948792e93d5c00,1
train,metal,metal280.jpg,data\raw\metal\metal280.jpg,2667ce6cb65c06bb6826444ffb2c2389042494b54c4a3cf0aee2a098d5a4220e,1
train,paper,paper316.jpg,data\raw\paper\paper316.jpg,84394af3da0036e7514be37e2b90f78860e1835bfd4beef8ea2f797dabc7dec7,1
train,paper,paper87.jpg,data\raw\paper\paper87.jpg,424e4b99c87b9a0bcde31b5835fb39f6428223508d1b3ed971d4d688b2d6aceb,1
train,glass,glass339.jpg,data\raw\glass\glass339.jpg,d4f6d4e6f897648ce1a523728b448c2942d307b91fed51a070a5bbd095d05553,1
train,metal,metal188.jpg,data\raw\metal\metal188.jpg,6f9179ad6a8fe315a897c71d49199ae16597a8f4dacce768cf43578fcf4e24f4,1
train,cardboard,cardboard362.jpg,data\raw\cardboard\cardboard362.jpg,5f198438ea3a1d93c5ef87be3f09879e0041b065f6c72ffe533650910741b5bc,1
train,metal,metal27.jpg,data\raw\metal\metal27.jpg,9c2415a47e9b1c1744ab393a6d065820384ea47a23c0a625fa52d8e98ce6a13f,1
train,glass,glass58.jpg,data\raw\glass\glass58.jpg,80a27f65e5096aeea37947e628cc72b52e778c491041348448eb32ee1398f16e,1
train,paper,paper227.jpg,data\raw\paper\paper227.jpg,b1ec5fa3d15a58a0da6346ce8c2854eaac0cc764ceefc8d1d19e14c0c538236b,1
train,paper,paper282.jpg,data\raw\paper\paper282.jpg,25162460e1c82fbc04724477c03da515d8f138719fbdb6efe42bf6a73e95d396,1
train,paper,paper59.jpg,data\raw\paper\paper59.jpg,868bba7189276887f4f84a656cdfcd0f0934cb0a0308e8eba7806f37e7317e66,1
train,trash,trash70.jpg,data\raw\trash\trash70.jpg,4c7cf78bc2da8f9c5a221c12dc17f5cec46075710ab28c8e9a6897660eb0a657,1
train,trash,trash65.jpg,data\raw\trash\trash65.jpg,4f6be7d1e5ae1fc6a479e1d6e60cc7dbb9643662e0c48dabd2d882cc1df8c1e9,1
train,glass,glass108.jpg,data\raw\glass\glass108.jpg,eb3ffdf15081f878165c879bf8f254d1285ce77aa29b7ff94fbcf1d831e33945,1
train,metal,metal352.jpg,data\raw\metal\metal352.jpg,4151023e49f4fc4a400dcdf30976aa36702669294bafd6a7b8f94cd145b47527,1
train,metal,metal125.jpg,data\raw\metal\metal125.jpg,6c128e56de735b5e60ec045adac71ec25bb1b5e8b4b04f310e777cac41206120,1
train,cardboard,cardboard268.jpg,data\raw\cardboard\cardboard268.jpg,af69f4ef54e473917c663ac4ec761bbc8b054733f5eea6978d8a1a1446848d15,1
train,cardboard,cardboard355.jpg,data\raw\cardboard\cardboard355.jpg,d59a4102cd59f11f979bf7d8a20b83059d73c7447379b8be663912515c8bf0e1,1
train,glass,glass445.jpg,data\raw\glass\glass445.jpg,7dedc80de04250cc8fc8668b818bc6cc2933a749006f2a40dd3d28ec5c442c84,1
train,metal,metal366.jpg,data\raw\metal\metal366.jpg,8c9a254781650fffc9ff2f95d7db6cd73ca81de60a099e58d9bc06b8670a1989,1
train,plastic,plastic42.jpg,data\raw\plastic\plastic42.jpg,7a5d6bfb40b0be7e090cea22e45dd8a66be3e2e47d92e1ff2b68e819a9338e68,1
train,cardboard,cardboard39.jpg,data\raw\cardboard\cardboard39.jpg,20a458f8b0ad7afb390acc577c2a88944f74bbfffbbf240b5a7dd00b35c61320,1
train,paper,paper312.jpg,data\raw\paper\paper312.jpg,0c31ace71078d7fd3f7b527b20e8785e8eee71089956ef01deda3849119cfe2f,1
train,glass,glass197.jpg,data\raw\glass\glass197.jpg,695123647df273f08dd4ea828f1ea8df0684cb31a3c86d4e465ed3e22c0e95cf,1
train,cardboard,cardboard259.jpg,data\raw\cardboard\cardboard259.jpg,0b10a1d8d6c09965c27c30e4f76422f8b76318acf08a02ef93b54d9616308280,1
train,metal,metal260.jpg,data\raw\metal\metal260.jpg,3132b1888728f6f1aae7b578c08b2d4c153a18876eb4bece31f5523100a3168b,1
train,trash,trash52.jpg,data\raw\trash\trash52.jpg,d309897d9df621e494961bdeb90fbafe195f207ead6a93062b73b54c428f077d,1
train,paper,paper185.jpg,data\raw\paper\paper185.jpg,ec171f0df010d4a74f2e0caa59f24cabc06f9aa307d8d9d2ca27d64ad48b1c7b,1
train,paper,paper318.jpg,data\raw\paper\paper318.jpg,689bab0f6e722e0d6755f64773eb908cf42764d9dd7165a2081fce57064dc837,1
train,cardboard,cardboard78.jpg,data\raw\cardboard\cardboard78.jpg,922a4eebb8634424a2b96f8d649cb97ef38f98bd08148f973c010edcb8c31de6,1
train,glass,glass112.jpg,data\raw\glass\glass112.jpg,40744cb88ba72cd24570d624727dd0d6c7ff94a6ecf813fbde0d52174acd7b84,1
train,paper,paper158.jpg,data\raw\paper\paper158.jpg,85d26779ad4fbb4d8b146f7ac09e177d36b105f1a4271013ad59d97e1c1ead72,1
train,glass,glass79.jpg,data\raw\glass\glass79.jpg,99af1828b937c04489eb19decb17b10b72c49ab87040e181bad34e727cfa30a5,1
train,paper,paper171.jpg,data\raw\paper\paper171.jpg,6df55d6b601c134c742216e7f41c995b9a10af6e44026b6abe972302e1cfa253,1
train,paper,paper476.jpg,data\raw\paper\paper476.jpg,6c5125a61e4a90bfee7de1db0104b1897ae88fa86c33027f2fe23f0fe7c3ced5,1
train,glass,glass324.jpg,data\raw\glass\glass324.jpg,d24fc812595f6819e2a6cfa39e47a6426cfa0a9b9775eb7727cd8f39c0455c1f,1
train,cardboard,cardboard122.jpg,data\raw\cardboard\cardboard122.jpg,cf30fceb14b4638f56b5be8c0bac37051cdc971cc24055762abb7d75b6086ba5,1
train,metal,metal310.jpg,data\raw\metal\metal310.jpg,10bff8c5d8e0dc1bdd5785f57de5e4a0b69913813781b10cf5ecf09b42bbe6b9,1
train,glass,glass98.jpg,data\raw\glass\glass98.jpg,ca258da504b7d4f324964fe3471115fe9c8ce08c83d9585f1a023ce60bcd8464,1
train,paper,paper464.jpg,data\raw\paper\paper464.jpg,309be609a5cd266a1dd34b7e2bc17770e274ce1ac156b7a59f2b2c36b0e5e072,1
train,plastic,plastic394.jpg,data\raw\plastic\plastic394.jpg,86404f9ce0592b4dbc0c53ea0354c85114bf9e0fc640719b31400273ed929db8,1
train,glass,glass47.jpg,data\raw\glass\glass47.jpg,f6b1f3ecf04bff83360dee0390f9d2d7585b4a99d87be7d0573cfff278951d0c,1
train,trash,trash46.jpg,data\raw\trash\trash46.jpg,4107315bb5f544800c18ec1901782473cf656ba1c5b7cb049cef990a5583e412,1
train,plastic,plastic246.jpg,data\raw\plastic\plastic246.jpg,cecc06948d588377f99f12737cc59221531f74f3f2da80b8fcbb0524a0b1d507,1
train,metal,metal142.jpg,data\raw\metal\metal142.jpg,d0ec9cfc4fcd1e4f8d2ce2acef9a3390ef42f98a0bda76935e4a218d55265ebf,1
train,glass,glass91.jpg,data\raw\glass\glass91.jpg,c1c6eb287885d70899ab080246cb1fb6ccda43953c0d74d036d5937e0578b876,1
train,cardboard,cardboard81.jpg,data\raw\cardboard\cardboard81.jpg,4c77715d60b246e29ec1d99d42c8fc18cdd377cf2826136125eb4aa82eab32cb,1
train,paper,paper473.jpg,data\raw\paper\paper473.jpg,22c8b0e6530b57c37b73985c1c74394372c9c2d4cb70d080c01cf6689143cfe3,1
train,trash,trash127.jpg,data\raw\trash\trash127.jpg,3b3a24ffa5df2f643aed2ddb3a26f1b62cc5678b3cf9774121a05bb4d0f3e502,1
train,cardboard,cardboard57.jpg,data\raw\cardboard\cardboard57.jpg,42eca9d4f3d04039b1fda9f02b359dfd5399d91c4e1de7a194b577e484603356,1
train,plastic,plastic395.jpg,data\raw\plastic\plastic395.jpg,9dc18c5008b827fe714659b0240a6ce2984d9a55d8eb5b5c7073b438347a649f,1
train,glass,glass113.jpg,data\raw\glass\glass113.jpg,03dc0b4a954ae8b2a9044eb853ccb35c232b5d0bb7077c3cff09ddc1e813708d,1
train,metal,metal189.jpg,data\raw\metal\metal189.jpg,9bf8fe2ab0d75150945b673367536e5908ff7dd4c06344cca36b6f6ad5de62e4,1
train,metal,metal3.jpg,data\raw\metal\metal3.jpg,a8c75d9475f6d0dd16a6f68c800d37d8910e74f23240d0510e47532239027714,1
train,cardboard,cardboard191.jpg,data\raw\cardboard\cardboard191.jpg,2b82e19cb55b982d291c8838f84c7e4d3639013727fc814fe4aa7589f20fadad,1
train,glass,glass147.jpg,data\raw\glass\glass147.jpg,e6a2a8d66786b2b85bfdc3b2ce7d7b88b703c67fa786a7e47d87bcdd9c3bf3d2,1
validation,glass,glass176.jpg,data\raw\glass\glass176.jpg,c41b99aec8a3257c8668a2144ebbaf8042018f0a85d88e22bf4e413b43693dd8,2
validation,plastic,plastic152.jpg,data\raw\plastic\plastic152.jpg,c41b99aec8a3257c8668a2144ebbaf8042018f0a85d88e22bf4e413b43693dd8,2
validation,glass,glass252.jpg,data\raw\glass\glass252.jpg,dc978f8a234c007df646ba11be2fb43c18b5b321734e9c4550b794d29de1bf5c,1
validation,plastic,plastic300.jpg,data\raw\plastic\plastic300.jpg,b3b078bd4f10cc51f22f60357c7210be7c4dd6e151ac8202a1db9c6a3a52f990,1
validation,glass,glass38.jpg,data\raw\glass\glass38.jpg,bfe2023cc276c1c11ff28bf96b4bf94f1026611fee0474c50a3c8df20daa9c9f,1
validation,cardboard,cardboard189.jpg,data\raw\cardboard\cardboard189.jpg,bcccb2b46dbd0b8027dff07ff120d9a3a27e5ddf8128de027af8f681c7f79211,1
validation,metal,metal330.jpg,data\raw\metal\metal330.jpg,9800b5cc2d5b37161c86e3f1878f21f8119c3f0fe4d82b097ba5113777dde502,1
validation,glass,glass4.jpg,data\raw\glass\glass4.jpg,b8a2a77180d65ecb054431b2febdb5c20e5fcf5a823418c1835f2c2fc34974d7,1
validation,plastic,plastic430.jpg,data\raw\plastic\plastic430.jpg,1c639ba85cffc1704c6661df756984b81d362366b6190e42966b39018e2d4f61,1
validation,cardboard,cardboard264.jpg,data\raw\cardboard\cardboard264.jpg,ccf7f4e88f3f8c986161937e52e741265572ca997555bacd2e5f0dd75508016a,1
validation,paper,paper128.jpg,data\raw\paper\paper128.jpg,85afe3c81506544f2e5961185dcdbd6adae491710db4eca3ab9280669a2cb0a8,1
validation,plastic,plastic282.jpg,data\raw\plastic\plastic282.jpg,0fd8314480e6b635f86ca6d27360b5bf5eb7a1a211b7216bfc5271164baf1801,1
validation,paper,paper344.jpg,data\raw\paper\paper344.jpg,8ca08dad62783cf2514e949b92800e7dd56eb8955b833103eebbb342c2483633,1
validation,cardboard,cardboard344.jpg,data\raw\cardboard\cardboard344.jpg,29717507e973bbdd88947ef1e867f2ff29dfc65e15287cbecae1a9440c7b25a5,1
validation,plastic,plastic389.jpg,data\raw\plastic\plastic389.jpg,637404061a17a1ff0810d035f4473243b7351344915cd3d9e1c713a76401da8e,1
validation,glass,glass190.jpg,data\raw\glass\glass190.jpg,c7b458fbf7d599114f5ea87726a6dbc007c748aea8e8c65819ac171550aa1bc9,1
validation,plastic,plastic470.jpg,data\raw\plastic\plastic470.jpg,9fc537c06129c55815ffad37149a24f8c7c5e914f270ef40a44838f65d7f7da9,1
validation,glass,glass107.jpg,data\raw\glass\glass107.jpg,a118c8ef6673a789e1ea95e1e0257124a73b649210dedf43d56249868aff2984,1
validation,metal,metal171.jpg,data\raw\metal\metal171.jpg,a614934e492c15e458ff950a50133af5ff2d73f2b53d7a49598b8e0519cdb23f,1
validation,cardboard,cardboard224.jpg,data\raw\cardboard\cardboard224.jpg,6bc53f23fa43a458e30a2f3b75ddc6eda6c02d2d2557f3034291840ccce35ddd,1
validation,metal,metal214.jpg,data\raw\metal\metal214.jpg,fb1687c2e97f0fad07495f5ecd3d08b516f09661a00261dfc5e9080d241dd974,1
validation,paper,paper96.jpg,data\raw\paper\paper96.jpg,f310fda98ea28062df72f8ff060e63f6ab4ae0496da18a32b01ee9110cb4d848,1
validation,paper,paper208.jpg,data\raw\paper\paper208.jpg,0ffb51316baae31451594d9a305fe3ebc4f0ead80e790451ca476363c223528c,1
validation,glass,glass456.jpg,data\raw\glass\glass456.jpg,a0a84c28c84b5f160b64b9412093e8e4b267b4bc15408bb93549d5079af4a47d,1
validation,paper,paper516.jpg,data\raw\paper\paper516.jpg,2192c4e4d3e7abbe057e4ea29633c1a1bc34ebe571191a94f856e16588ada713,1
validation,trash,trash8.jpg,data\raw\trash\trash8.jpg,9a8fa22600d7cc21a589948e45b07619774ac997ad9ba71cf55d02bafefe833c,1
validation,paper,paper246.jpg,data\raw\paper\paper246.jpg,6bd5a5ce18fa7899712edc9303e7995ff2163c4e9bda9f1570fa398856f70b2d,1
validation,cardboard,cardboard73.jpg,data\raw\cardboard\cardboard73.jpg,cd081eef211499354cc78174839d030bec4f76c196b794a4dbcaccdc0dde324a,1
validation,paper,paper194.jpg,data\raw\paper\paper194.jpg,1a8485d649565f9c85da488ff12a528f307acdebcdc2632d9d4617ee4835ba7d,1
validation,cardboard,cardboard346.jpg,data\raw\cardboard\cardboard346.jpg,3324e4a5a61aa8fc1a7764e1131ab92968f10a5ff02aeb29e5ef4513fbd55ebc,1
validation,metal,metal68.jpg,data\raw\metal\metal68.jpg,90df0d9174b239a2af75328dd80fd3b6dfc96471b59566e5181307ffc86e7f5f,1
validation,glass,glass394.jpg,data\raw\glass\glass394.jpg,a8f78387c605a6fb821a5eafa75cad13a1e52d1c61d55f38a399972cc8805ade,1
validation,cardboard,cardboard107.jpg,data\raw\cardboard\cardboard107.jpg,f684a75b78c3b036ef269ae3065dc465b3ebee2816aafb2c1c33ca2f97e035b4,1
validation,paper,paper214.jpg,data\raw\paper\paper214.jpg,2f3f3552a8d8fa4e80648fa19af5c83e21f0c0c20b013545ebfd1f8cd833c8f6,1
validation,paper,paper565.jpg,data\raw\paper\paper565.jpg,293810fb17f833f24d38525b7cfd33c049c95ac0e2b760652d39e4a19555203b,1
validation,cardboard,cardboard376.jpg,data\raw\cardboard\cardboard376.jpg,8ab818052aa60477936b59feaba1ad62c9a4c1afaa8c6643fdfb43b6d94ec4e0,1
validation,metal,metal381.jpg,data\raw\metal\metal381.jpg,d609ce97e15c2f639d2b01d0ee3d07e30bd099964371c6f2476ace03aa37b079,1
validation,trash,trash113.jpg,data\raw\trash\trash113.jpg,b246248357f37f929a96e75795c6c1b541cc018553da59bbb5709232481cb732,1
validation,plastic,plastic110.jpg,data\raw\plastic\plastic110.jpg,1078b4398ee115a73d3ab007959c970e3230ca232d840e2d00d4f6038949d6fe,1
validation,plastic,plastic55.jpg,data\raw\plastic\plastic55.jpg,cd61bf3fc38601b928a272eb2f6890bb53323f6c86f2c2c0d7de648f1d3fc464,1
validation,glass,glass433.jpg,data\raw\glass\glass433.jpg,0b21dcc0e4f85bb5361db0496bea90f749fcb2a9c49c868b23aac0872db2cc45,1
validation,paper,paper108.jpg,data\raw\paper\paper108.jpg,b19db665c34279d49210e88485e501283f84c58ed270003e4ee4fb7b0e7e44ea,1
validation,plastic,plastic53.jpg,data\raw\plastic\plastic53.jpg,1fdbdc9e1f510230b101766576439b374929864f1fe6e9a2d146205e73eb724d,1
validation,trash,trash137.jpg,data\raw\trash\trash137.jpg,a44ebcbac28e8a5e75cd7ddbc458d484535b11c3d5a30838e14b48d09991e554,1
validation,cardboard,cardboard143.jpg,data\raw\cardboard\cardboard143.jpg,4d01e5d817c5f6b4e97cadb176366b66295e632cf2226f7971f2e557424cc77d,1
validation,paper,paper362.jpg,data\raw\paper\paper362.jpg,16796aba75ec18dc20dfd1c4e918724df1fd3747b052c01c74cbd6a56128a1d6,1
validation,paper,paper248.jpg,data\raw\paper\paper248.jpg,04290269968b9c9713d5c0fa1fb026529d365c90a2cf268089b048b8262470e6,1
validation,cardboard,cardboard193.jpg,data\raw\cardboard\cardboard193.jpg,121f732624ef127b41164313832909f2fb582583f035112c8232bc421e29a5b0,1
validation,paper,paper489.jpg,data\raw\paper\paper489.jpg,11a101697e8208d6e2aefcb95ce575b51cba2c109c054eee5638c52f6e3a66d8,1
validation,metal,metal294.jpg,data\raw\metal\metal294.jpg,87f5acddffe00ac6e78e94849697d31afd80a5aac3c7061615db57eb822825d0,1
validation,cardboard,cardboard291.jpg,data\raw\cardboard\cardboard291.jpg,5d7229ce799f48fa99a4e674129e0c8fde2969641d44bdd931a2254fcec4128f,1
validation,paper,paper593.jpg,data\raw\paper\paper593.jpg,202989661312ee01f985e621b8da49d47785e2fe5e25fa05e0da86acd19fd0bd,1
validation,cardboard,cardboard387.jpg,data\raw\cardboard\cardboard387.jpg,7fc8374271509d01e96b9bf0408b5c96f767be1b74fa64861dd0b993fdac60d0,1
validation,metal,metal159.jpg,data\raw\metal\metal159.jpg,2db6e692e6f70e497acd068167546bb14ee4b3e423e8c80deb5a35a7215c2453,1
validation,plastic,plastic114.jpg,data\raw\plastic\plastic114.jpg,721001d815684542d682a210cdc5eb7f3ee84a6b45a5a2208275f5d9bb34c5bb,1
validation,paper,paper564.jpg,data\raw\paper\paper564.jpg,c0cd76e305f4f20ad7148220466bbd44b5026053594c34c0ac096cf86edf0ee5,1
validation,paper,paper286.jpg,data\raw\paper\paper286.jpg,524d7a3ce85cf7439bcd1340cd6d94ba77e1c3b17bd2477f2feb529fb190c3e3,1
validation,plastic,plastic425.jpg,data\raw\plastic\plastic425.jpg,b8d900537f30dd1b82bcf6978a4c3a96a6c9e527d8b50844c2c13dccac6f0252,1
validation,trash,trash38.jpg,data\raw\trash\trash38.jpg,be3709b243fbcac3c8a84b94c88608fbcf8e46a0872d54730757a4957ecbd209,1
validation,plastic,plastic462.jpg,data\raw\plastic\plastic462.jpg,d6f6a0c3089a770f97cfc4349c17a2d689daef2547084c66525d81eb342e4cac,1
validation,trash,trash56.jpg,data\raw\trash\trash56.jpg,db75e3c83e669a8cc833d40993715473ef31cef31803817d9fb8991efa631bd8,1
validation,glass,glass165.jpg,data\raw\glass\glass165.jpg,14f4d3594f588ff75368975e954cbe0383e63b5b7444bdd477924b6576f2c29c,1
validation,metal,metal90.jpg,data\raw\metal\metal90.jpg,d0479555d7dcd71fdda3e7261513819c01c56987b680c74152de143d62cfb400,1
validation,paper,paper186.jpg,data\raw\paper\paper186.jpg,8474feb827c0e0e31c261bcb535898b1b22546039ecb54daeabe6cdbef723f8b,1
validation,paper,paper121.jpg,data\raw\paper\paper121.jpg,0611db0e706c308fb625bb6c83494421f71d00c224956430cb258017d3fd286e,1
validation,plastic,plastic122.jpg,data\raw\plastic\plastic122.jpg,54408331bae646ccabeb2e77330bc9430d6c6ea7440f294ab7aeed0c458b4add,1
validation,cardboard,cardboard129.jpg,data\raw\cardboard\cardboard129.jpg,c2ae83dc97726813ee11aba8f734474448bafaa3816afb15ebffde35de7980f7,1
validation,paper,paper57.jpg,data\raw\paper\paper57.jpg,9fc10044741a1949b010452c25d81120e3ab548613b0830c16d60ce7bac7420f,1
validation,paper,paper120.jpg,data\raw\paper\paper120.jpg,0eed8d0b7441939e509e4e056569c75e0b316d5f90bcbd76e3dfc68ef7dc329f,1
validation,paper,paper82.jpg,data\raw\paper\paper82.jpg,d6634f6f19033597aa8bf6409e7f63cc3bf7ee807dd5bcd4d1cd1201ede72683,1
validation,glass,glass27.jpg,data\raw\glass\glass27.jpg,eb4ba3739b7adc6d23e30cc8b461a3099eda76a8f6e7520f2f3529dbfe5efe56,1
validation,glass,glass414.jpg,data\raw\glass\glass414.jpg,e249001641a136f238d27f979fae2e78b679f253bf5d0a38365cd4befae9e2fa,1
validation,cardboard,cardboard243.jpg,data\raw\cardboard\cardboard243.jpg,f9bf17f7469d89fe014d0ff258ae374b308788162677874c01d8e626b13dae5b,1
validation,plastic,plastic206.jpg,data\raw\plastic\plastic206.jpg,7e8d8ca65e56e0eb598928c026907bd54109ac5533a6b8ce3771664c4212ea28,1
validation,plastic,plastic299.jpg,data\raw\plastic\plastic299.jpg,c19d113838eb9f913ce810a9a0afc125f9fb5220175896b4cc3cc0423df1cf50,1
validation,plastic,plastic20.jpg,data\raw\plastic\plastic20.jpg,7be5d6ed8c3910e9d59de6f6ef91d18c4f1c2a731409e368ff639debc32ac857,1
validation,glass,glass422.jpg,data\raw\glass\glass422.jpg,5accfe0d7ae9b747d9338133ec6f3c9b8770fc0c30658e2e485b2c581c0cb42f,1
validation,metal,metal15.jpg,data\raw\metal\metal15.jpg,55e83d54ac204ab3e22135e00968e44a091ca382dc5a0bf9b39efe9b80b25ca2,1
validation,metal,metal271.jpg,data\raw\metal\metal271.jpg,e9bd8863c4b41a107e70a028f261cd0cb1a99355a9e1a88a60de95f2049692f3,1
validation,plastic,plastic105.jpg,data\raw\plastic\plastic105.jpg,4b3baf362454ca82fa25407200355a6646ee8d2fd89bad5f146a35fe1ce61ebd,1
validation,paper,paper394.jpg,data\raw\paper\paper394.jpg,4393828d8f152f58a4e753b66a60a9207b1e0dc5cc151932625b58c3b76ad578,1
validation,plastic,plastic243.jpg,data\raw\plastic\plastic243.jpg,e8b8d86102144eb56fa1eea49ba072debdf7284e1144e236f2cd6e31940f0057,1
validation,paper,paper364.jpg,data\raw\paper\paper364.jpg,aac6c82882e77dd83779c02adb71dfac25c28b4e9a67e17c0914d0fa913bc12e,1
validation,glass,glass430.jpg,data\raw\glass\glass430.jpg,170c1fce22f05a19a04a0c7fe77ae456f5c9d11b1e63583ecfa406163857faca,1
validation,trash,trash35.jpg,data\raw\trash\trash35.jpg,833249f46ab948636615e0be201b1a120bd889b1561946523173fbe48d83ad2b,1
validation,trash,trash61.jpg,data\raw\trash\trash61.jpg,145fb39b422c564081befb9607f327ea785ccb0fa845f04b918946a958aa6b19,1
validation,cardboard,cardboard285.jpg,data\raw\cardboard\cardboard285.jpg,7d3ccb8eb0125ed7afa1f558d227b1c7849cd075dc9dbf10752c7021bdaf9dc7,1
validation,paper,paper228.jpg,data\raw\paper\paper228.jpg,47f1f7a13f9b323aad2ef7f11c2833d30e46a1ea40d51eedda64a91bd5c94201,1
validation,cardboard,cardboard14.jpg,data\raw\cardboard\cardboard14.jpg,5cfa131c4b8ea1b8308b279b7f88027cb18d63ab24b36127f216008f9354c953,1
validation,cardboard,cardboard65.jpg,data\raw\cardboard\cardboard65.jpg,488b43fd579f12007c389291a746d121e2bc5a5741cebda417b202e42ef8a7d9,1
validation,cardboard,cardboard96.jpg,data\raw\cardboard\cardboard96.jpg,6f8befd29c103ea83a36be7e8711829d8b23ca25d494c6672053576b82c7757c,1
validation,glass,glass220.jpg,data\raw\glass\glass220.jpg,6d2b84f527458a009bf1e57c05ace354a0377684840dea2a4dd6986baac0215b,1
validation,glass,glass366.jpg,data\raw\glass\glass366.jpg,719509ea0c6e99e7f6dd9607573795773242094da0f036268dca31373d209c0f,1
validation,paper,paper441.jpg,data\raw\paper\paper441.jpg,b58a23ed92849833655c0e6d7f67c786ccd95cb09ec2e4826d620cf0a9540e69,1
validation,trash,trash57.jpg,data\raw\trash\trash57.jpg,c7ee0e7c2884b87a5c453265ca11cb4bbf3e621eb0af36967a77d8ee74faf6d8,1
validation,plastic,plastic195.jpg,data\raw\plastic\plastic195.jpg,c1ee09df23c4e7df0882b4be96914e7d41c9f6f6c5e85a475ea6ea709c5812b7,1
validation,metal,metal374.jpg,data\raw\metal\metal374.jpg,75410c9177b1ff1998f6a73d394ce9c41e5008e5e4a8a854fdc1a831a71684fe,1
validation,plastic,plastic409.jpg,data\raw\plastic\plastic409.jpg,9905ac528c1d56a26daad93005656a8cf6a3da6194e690b92cf4c926930b584b,1
validation,glass,glass498.jpg,data\raw\glass\glass498.jpg,226f7a63cc93a3c9c4297b5fe1200bbc7a5fd37fd3a940814e2406bf81266a62,1
validation,metal,metal397.jpg,data\raw\metal\metal397.jpg,b1129a325bac824818c54397630ee81a7e7128535c8b47f621381ab89e41fd76,1
validation,trash,trash84.jpg,data\raw\trash\trash84.jpg,4a0c4f7699e9873658694c3315064a829a6e36faa32dbb221ecd4c8bca9e1468,1
validation,metal,metal86.jpg,data\raw\metal\metal86.jpg,c182b5868c699359a7196d6e91f77451ec43c76f82b1929ac57d56353920be31,1
validation,metal,metal194.jpg,data\raw\metal\metal194.jpg,9a053040fe4659333e538c775708c29f342e5c9adb630d80ba1228eeed0c1957,1
validation,glass,glass474.jpg,data\raw\glass\glass474.jpg,b24337b35cb4a8dda89d38213aadd2ff0037916838140ba19d1fc5d018d4c297,1
validation,paper,paper54.jpg,data\raw\paper\paper54.jpg,b186bdf63509f0e177ad7b9412666a8422b0c968b00e0e7f28e46ef493e4c8b7,1
validation,paper,paper48.jpg,data\raw\paper\paper48.jpg,5500deb7995281dc729c6870043d35aa7dc6f79a82febe22608ae9abeb5e3b16,1
validation,cardboard,cardboard75.jpg,data\raw\cardboard\cardboard75.jpg,713c209d91064e700c7de99aedb0342173ec32465c313ce003e5a4931c28dc67,1
validation,metal,metal265.jpg,data\raw\metal\metal265.jpg,848b01fb761ed29fd1bad130b3b526fea747c5338c953900fa117eec154de1f0,1
validation,metal,metal335.jpg,data\raw\metal\metal335.jpg,3032a269b17eb35e3aa0d6bb07f57b1d467de26df78748ac4669765820c1e99f,1
validation,paper,paper131.jpg,data\raw\paper\paper131.jpg,b26ba9d2aa251f9ed74d4f9b7bbb37eb2b3ee1c921501c5c279ee50194878916,1
validation,cardboard,cardboard46.jpg,data\raw\cardboard\cardboard46.jpg,774d6c72b77fafe3e1caac78568ed0a24449cdb72a96a2430ecc8c5c8377884e,1
validation,metal,metal70.jpg,data\raw\metal\metal70.jpg,4fb4ddcac98f16d8bab2241a2e726b4dc1fc777e065b66913db2d4283b5554a2,1
validation,metal,metal198.jpg,data\raw\metal\metal198.jpg,67bb6cea363369ce6ede15e32f664bb08393386c0950c2b4f835a6a3badc8b24,1
validation,metal,metal122.jpg,data\raw\metal\metal122.jpg,aa2689a72942dac4d570b77925a5ad0dcb71ac18b83404396da3356a2f30d02f,1
validation,glass,glass368.jpg,data\raw\glass\glass368.jpg,85ac6ccd301a01da12c0b2238d3a1a565604bf1a7ea839b2cd084d98bd7ef6a7,1
validation,cardboard,cardboard83.jpg,data\raw\cardboard\cardboard83.jpg,8d072e685d5097dcdf845c3a22e7464934634f9c359d33520812426acaa74790,1
validation,plastic,plastic442.jpg,data\raw\plastic\plastic442.jpg,8c314191a4963a276888030e5aec28d77cf8c0f4a0e964deef0ade385cec3838,1
validation,paper,paper161.jpg,data\raw\paper\paper161.jpg,5fca1e7f18a50fe1b64f80939d9163d7f886b90e8c4943b4cc93a15b897af8d4,1
validation,metal,metal33.jpg,data\raw\metal\metal33.jpg,8a6c01737989c3abcc5380fb964442823bcc7e7d2145146f9f2600cbf332b1de,1
validation,plastic,plastic305.jpg,data\raw\plastic\plastic305.jpg,3fb602d0fe1022300e1c63168f0f24a5c504ef3d3d026e93d8424d458c86ef9f,1
validation,metal,metal89.jpg,data\raw\metal\metal89.jpg,dc96c5c0a8450776cc050f6a2833c9a63347aa9d0d87e9fb725f0b01cbeb530a,1
validation,cardboard,cardboard36.jpg,data\raw\cardboard\cardboard36.jpg,3e69c4338acd879596b5c97185f04de6d09725f6273485154db96173aecd54f2,1
validation,plastic,plastic119.jpg,data\raw\plastic\plastic119.jpg,8f05ce513eb42effe218cd00c0a552d1f610e53e40a44804335dadbf3ef2c0a9,1
validation,paper,paper256.jpg,data\raw\paper\paper256.jpg,7033c6864102c25d3f4a68a330351f245ecd7bbc785d59e5b6829081eb1b62aa,1
validation,metal,metal297.jpg,data\raw\metal\metal297.jpg,52874a6abb0da1d262afa2e9f676d76d6c27e313659500588211e5744a7d5424,1
validation,glass,glass337.jpg,data\raw\glass\glass337.jpg,948be65f6a7cecb4a98d4921008ebec73852a0126ecc38f25608830e2175395a,1
validation,metal,metal327.jpg,data\raw\metal\metal327.jpg,6efc5622ce7a76fffb3785f57fa8dbdf44dfc99956c2a2909a8ee46b8cc92dec,1
validation,paper,paper317.jpg,data\raw\paper\paper317.jpg,8ba7484ab655c91f2a6786c03ffdc7b9f0c1a10c343ec2355a92f355a42ad251,1
validation,plastic,plastic387.jpg,data\raw\plastic\plastic387.jpg,18a2627a793528eae5fe2eae4c4b6aaf17764d75899c30c4a9e2f9d4c8f36c76,1
validation,cardboard,cardboard150.jpg,data\raw\cardboard\cardboard150.jpg,6a3464c6a63d939cf7dfbde1b97305cbfb47dfbfb2982676dcb5896a5c137687,1
validation,paper,paper79.jpg,data\raw\paper\paper79.jpg,9ef7e1b92b57b8fb474aed635751be556b237785efa353aa35e12c46f588dcce,1
validation,cardboard,cardboard397.jpg,data\raw\cardboard\cardboard397.jpg,f0d5be1412df388259a878f02f055c6c63f79e0326078a4ab0585df7d8daec1b,1
validation,glass,glass270.jpg,data\raw\glass\glass270.jpg,7803a0544d533cd759adc69e90a5b3d8ad157fe85b17abe85b6d4a30699c5f69,1
validation,glass,glass315.jpg,data\raw\glass\glass315.jpg,10490c2ee9d22a38bcb20dac6987c562c537b3b35cb4e0c74ed7ff1d229fb5fd,1
validation,plastic,plastic60.jpg,data\raw\plastic\plastic60.jpg,8fc6634d40c03c2bbf645c53885117de9ba8d99982f90819512a7281f203515f,1
validation,plastic,plastic49.jpg,data\raw\plastic\plastic49.jpg,42961ff5bb972e412575a53d3d24459a04e4ab47cbf18961d3cdbc70d49ca404,1
validation,metal,metal48.jpg,data\raw\metal\metal48.jpg,8cf0c25a3722935900dd455ed58d8d42915c01710c542cada4d2d877240709d6,1
validation,plastic,plastic32.jpg,data\raw\plastic\plastic32.jpg,dd4b43a6ba69f04f3264f855f632f83f1cb5656b8bd47c08a958176662bcb27a,1
validation,plastic,plastic381.jpg,data\raw\plastic\plastic381.jpg,f1f9cd73bbc752919386f1940734c2cbc64335e34ec93e507ec716d7144f9bdf,1
validation,plastic,plastic390.jpg,data\raw\plastic\plastic390.jpg,74eed91f34db1284b8e69bd6c54dd37c97722f961493d3e7ae45725a8119033d,1
validation,plastic,plastic456.jpg,data\raw\plastic\plastic456.jpg,7d382483030ffd24d7cf9aa827d196604b4309f72d375ceb6eb0672c9869580a,1
validation,paper,paper555.jpg,data\raw\paper\paper555.jpg,864d3e080dbbfd68bae03035dbf482a1cb2879f9236982a2b0103bb4f122a33b,1
validation,metal,metal167.jpg,data\raw\metal\metal167.jpg,15789e4b13e115718d5b2362d6663f0c1c868904088e5fc83ff33884e162991d,1
validation,paper,paper260.jpg,data\raw\paper\paper260.jpg,185094a156a4f7e66bf42e8901621859727d5835eedf36102c2ca4a4419c9b9a,1
validation,paper,paper585.jpg,data\raw\paper\paper585.jpg,bacf18f5e7405bb9efae3b3b2ed31e3ca2ae5e5169fae1d11de4ebd6087df826,1
validation,cardboard,cardboard62.jpg,data\raw\cardboard\cardboard62.jpg,d8b0f41dfe01beabe7bf3c0a7cf6e6e984e4a16e5ce5455aa6a0869fbf3018a3,1
validation,metal,metal244.jpg,data\raw\metal\metal244.jpg,f1de46d6a4f907b0083920a8ae1bde5b48f8ff19c2714c0fcf44bf96359be466,1
validation,glass,glass195.jpg,data\raw\glass\glass195.jpg,a263e31002bd5ce6d89ed570ea98effdc5a07bbb8940ecd549d30bd163e2a79a,1
validation,glass,glass440.jpg,data\raw\glass\glass440.jpg,c37389b16d810a8444e5d1dc70fccae518df71757b1ec83156010660f00271b7,1
validation,cardboard,cardboard105.jpg,data\raw\cardboard\cardboard105.jpg,61bc3fa9aeffc93cd85e7cf6af5f5419f2ecf14f1844a3ec28631d09bf2eec5e,1
validation,metal,metal339.jpg,data\raw\metal\metal339.jpg,90eba51676932b482a1052128e3eb86fd318c988f5acf7c81eb959012c53ffc3,1
validation,metal,metal22.jpg,data\raw\metal\metal22.jpg,6b353b75aea6d88340649a52d1a40feb3d6022474d48ad7d38eb8c694b452b48,1
validation,cardboard,cardboard298.jpg,data\raw\cardboard\cardboard298.jpg,c858b0ac1ea6378015f8c05c62394d5ec16c0890dd2ddd4403259b1d764560c8,1
validation,plastic,plastic465.jpg,data\raw\plastic\plastic465.jpg,de61b40d77ae95cde7cf7700f79383477984a3892a8146ddc44ad13a77c15f06,1
validation,metal,metal227.jpg,data\raw\metal\metal227.jpg,5ff1da55366f1915bb8d5fd6d846ad4bdd8258bb0a466a450cb311ee1fd9ef5b,1
validation,paper,paper568.jpg,data\raw\paper\paper568.jpg,1f870076b896fe0bf5cf4f9f0417c16cb32010e05b42d1fdcf0a76dff46f061c,1
validation,metal,metal275.jpg,data\raw\metal\metal275.jpg,cbcca3f28ab464eaf7ecd98412dba2417a7fcc9c6b6b47d0594ca1a86ed75bd6,1
validation,paper,paper103.jpg,data\raw\paper\paper103.jpg,8afd191f79f0d13ea26a83af9f4bd4f94a38abd161c1f2a400c564520daae03c,1
validation,cardboard,cardboard69.jpg,data\raw\cardboard\cardboard69.jpg,d93b97232606619e72649f54c1a5a925f018bc2c94a606725a6f6045e2d76486,1
validation,plastic,plastic259.jpg,data\raw\plastic\plastic259.jpg,f62bf0b618248826ba92dd8e1b5fc33cd929e6563d3d1613c08c4f4745481cf3,1
validation,paper,paper408.jpg,data\raw\paper\paper408.jpg,92ab66cb5bd68b2bc3093c9f85c01cec2ee94384304179b81147c3ac396ffc7b,1
validation,paper,paper24.jpg,data\raw\paper\paper24.jpg,6339cedb8334907f6fde6bebe2fa9796c0835be1316ff10d5f41aa72e62d4a7d,1
validation,glass,glass423.jpg,data\raw\glass\glass423.jpg,93593c57dd926131e3c2a1a2354936f9c898de04dc1c4d5b62b783908137bb8d,1
validation,cardboard,cardboard222.jpg,data\raw\cardboard\cardboard222.jpg,18aaa625b4d836e878b024712e47e0dda8682faf64fed862a806fbcbfe260a1e,1
validation,glass,glass312.jpg,data\raw\glass\glass312.jpg,83cdedb5bd0cdafa92fc5dc81430bdc3a00b508d32008abde5d408dc024c4a62,1
validation,glass,glass157.jpg,data\raw\glass\glass157.jpg,cc7e7354f7f9e59579775e989e76ffb826a2693095033eeaa373a1ea3a62402d,1
validation,trash,trash69.jpg,data\raw\trash\trash69.jpg,7ad89f52d2ce2e906f53c4499c29790fb19db6ecf7e01d354fd4ac8112d9272e,1
validation,glass,glass243.jpg,data\raw\glass\glass243.jpg,ced562f62b3e7082287976d5b69a827eb303528a0ef9d9cf9aca0091162cb154,1
validation,metal,metal355.jpg,data\raw\metal\metal355.jpg,fdca4976b739e7cf49cac29a4cc8ce0e2f29550928f3cbd3f95bb7060b6af10b,1
validation,plastic,plastic322.jpg,data\raw\plastic\plastic322.jpg,c34288ab439c8463b83bb62453f90816779131fb2bae79d38e40b58bc306a8de,1
validation,metal,metal213.jpg,data\raw\metal\metal213.jpg,9fb323f699cbbb04f70d1221c95296031fb5b077bcf5ca16334afd6b7d87447f,1
validation,trash,trash89.jpg,data\raw\trash\trash89.jpg,1d416f486a470529d9877655665dd68ef27c7f464d5b5757e62eae79f83a5be3,1
validation,glass,glass225.jpg,data\raw\glass\glass225.jpg,c247465bfdd8db0f8cf4c783b2d8b9e27cdd6c7a41e06385c38702bf129d27e3,1
validation,trash,trash112.jpg,data\raw\trash\trash112.jpg,8e9269307c421a1c2ac670658db22709b29baebb0c8c857962e5adf21d165dc3,1
validation,paper,paper205.jpg,data\raw\paper\paper205.jpg,ff2e03162720c158127f10e12c9a812e82a343abadf46c08b2da0ec3a3bd5988,1
validation,plastic,plastic315.jpg,data\raw\plastic\plastic315.jpg,c0427850434fbd1daaec76e205ec253dfcefe277e12c0d707018ebbe58621cc5,1
validation,paper,paper46.jpg,data\raw\paper\paper46.jpg,794241228f86af7bda80b97900b7d99dafc89ddb0f32cd523684936f66db81f5,1
validation,cardboard,cardboard324.jpg,data\raw\cardboard\cardboard324.jpg,79b166ce55a07d1694d143cfabc6e07dd817c4541c85b079d80ac0819b29fbfd,1
validation,paper,paper325.jpg,data\raw\paper\paper325.jpg,29427083290aacb32621496450610f915e0eee1fa2b492557075e082fb963eeb,1
validation,plastic,plastic290.jpg,data\raw\plastic\plastic290.jpg,819a168f2adf861ecff0176d9474882af0f4018f1e20541fe652665427eb3cc3,1
validation,paper,paper199.jpg,data\raw\paper\paper199.jpg,ac0ebc670aa84fce46d894b448bd0e09e0245ca227630ffc32690c99f5f6841d,1
validation,glass,glass452.jpg,data\raw\glass\glass452.jpg,f50a94247184c7b675b504a02e1611cdcb26ce539210704ad0cac81cbe4d9b01,1
validation,glass,glass298.jpg,data\raw\glass\glass298.jpg,2d7a17f18897b1248876e5f1cc084d7e50c9990f1776f7b26d18260c456a5106,1
validation,metal,metal140.jpg,data\raw\metal\metal140.jpg,3d427a2a75704ec9cdab1dd4253dfa54b5bf359f0dc3c8ed4430ea2856205c5b,1
validation,metal,metal154.jpg,data\raw\metal\metal154.jpg,1bc190a99efaeaeb043af606f8597b42bb2c0563b94ac9a19f13fadd40eb27b6,1
validation,glass,glass415.jpg,data\raw\glass\glass415.jpg,bae5907e90053845469c3f15e587f4364990b39c1841d52b1aab06756a3240a4,1
validation,plastic,plastic29.jpg,data\raw\plastic\plastic29.jpg,6fc1a126cf07a445ff88c78e3f457f479d7c04d26536b71f0262756623c67176,1
validation,cardboard,cardboard238.jpg,data\raw\cardboard\cardboard238.jpg,3e8809962ba990c69e8e5cf5f85e13a720c32b59ce530b4757caa260778319af,1
validation,cardboard,cardboard401.jpg,data\raw\cardboard\cardboard401.jpg,85ca420c5c55e66da50252c1bd17de82408fb0909ef3eeb49573dd57f34c53ac,1
validation,glass,glass106.jpg,data\raw\glass\glass106.jpg,db092d75f47c3c9d7ef9915ed78f404590ac1ada9955085dd10fd30677c4964e,1
validation,cardboard,cardboard341.jpg,data\raw\cardboard\cardboard341.jpg,8d78685afa2d683c03a94711f9d0f6292e4deed5abdcd0ba7b3f5582fe601d6a,1
validation,cardboard,cardboard278.jpg,data\raw\cardboard\cardboard278.jpg,eeb7a8c4f9e60d5ae0d5a2e50d221ddf22c5c25b668f9c52146eb3b92f39878a,1
validation,paper,paper578.jpg,data\raw\paper\paper578.jpg,2b86b60d03f14160ad6c118006403224ca898823a3150f2d2eaefac171ee36da,1
validation,paper,paper113.jpg,data\raw\paper\paper113.jpg,1cf5a1cd632b57cfdcd4e68b4feddc9711e5008753dde4aa56b63781763d3e1e,1
validation,metal,metal345.jpg,data\raw\metal\metal345.jpg,c30e1216f6d5fb43a87f80b2b75404e0b62fbcb530e173c646b302299a1cfdfb,1
validation,trash,trash50.jpg,data\raw\trash\trash50.jpg,eefa62d605162973877c4cd2ac51d8f919d4bf44581df225b2c3b7533b264d31,1
validation,glass,glass288.jpg,data\raw\glass\glass288.jpg,c3ba0a9a397845b3c8fe9a9c625774c25481604d00a4cf0944fb3d3df2a9ad10,1
validation,plastic,plastic169.jpg,data\raw\plastic\plastic169.jpg,ea63e0f3a543c45c158a408a2fb730cff3d32d146f501d04fff4bec4ff0ad87f,1
validation,metal,metal135.jpg,data\raw\metal\metal135.jpg,0c3984b1ae67a32430a3628a0e11bf2c6e95687649badaedaf6b0f64b8882a34,1
validation,metal,metal59.jpg,data\raw\metal\metal59.jpg,fc074ff347ce0eb23cf2532878c705a72f53e6bd946a8e0aa431f9a9b553ddd0,1
validation,paper,paper547.jpg,data\raw\paper\paper547.jpg,06a3fd636f031d89e3fb4420c4642c335a68cb22e2b40a6e9264e46520e2e6ab,1
validation,plastic,plastic320.jpg,data\raw\plastic\plastic320.jpg,d0c8c6c75bcdd5dd0b50d012c0c4cd15ccb78dcb1efcea8f5fa7409948743956,1
validation,glass,glass289.jpg,data\raw\glass\glass289.jpg,e065f323773cb099643c7d0f7d4e31f65d54aa609a8fc780da135b481e0af559,1
validation,cardboard,cardboard266.jpg,data\raw\cardboard\cardboard266.jpg,00e86b371fee7ff97b1709cf88e5ef4859ac4fd7463a9f15f2c67e7696be8029,1
validation,cardboard,cardboard165.jpg,data\raw\cardboard\cardboard165.jpg,2e89f7e3c69e7520d2897fb65ae91e05969fa3e51b16f1eab01d1277edaa6a7d,1
validation,plastic,plastic317.jpg,data\raw\plastic\plastic317.jpg,eb326e1c218874929d693edd6d3555f34ae18a287253edcda9a89b3c04267b7c,1
validation,plastic,plastic38.jpg,data\raw\plastic\plastic38.jpg,529699e12215ceff38270314eb2de1c8f1c52fb7513cae7c5576f70da13a5f50,1
validation,cardboard,cardboard127.jpg,data\raw\cardboard\cardboard127.jpg,5090e856d0fe490c802ce604fd5d186a4ead5e5b9b4b325ac728850189ac8b36,1
validation,glass,glass348.jpg,data\raw\glass\glass348.jpg,90ba6d92f026bdfc05d80705b3cec0a0ff8e71dda7f52a8acd247e2760fc05b5,1
validation,paper,paper119.jpg,data\raw\paper\paper119.jpg,23a180b7424767954f5babb1509dfa2dfe8628dd221be271a1685f31a8094e0d,1
validation,glass,glass494.jpg,data\raw\glass\glass494.jpg,5dd60748acca10c0382c91b42094907333b11e82919c4b9472d2ec8e7b0d27b0,1
validation,glass,glass33.jpg,data\raw\glass\glass33.jpg,9bda10c52365a45c901626020b7994f3543ff464d6d7c5796f3676bb23adcec7,1
validation,paper,paper43.jpg,data\raw\paper\paper43.jpg,dab73df4daa8ad0d4b5e8b8225c6c9e148746690a83c8e1ef36a3a3524297130,1
validation,paper,paper290.jpg,data\raw\paper\paper290.jpg,7f90584427c4c9a2fe2fd7ef285d99c2836de4a04736a77de05b8d51c3c63aed,1
validation,glass,glass363.jpg,data\raw\glass\glass363.jpg,623e7e12344e32b096d3986926c718b5f23c44f54df1029917737b9d4288ae87,1
validation,cardboard,cardboard88.jpg,data\raw\cardboard\cardboard88.jpg,5995adf9c82ec8e6d03320f8fe0c7fdd2aea46dbf82358c165762773115f01cd,1
validation,metal,metal175.jpg,data\raw\metal\metal175.jpg,d3982a15a88776bcddc2a257b2d319d69c3bd23a1bbd7b5c121818da85f4a7a5,1
validation,cardboard,cardboard383.jpg,data\raw\cardboard\cardboard383.jpg,c3bc0ac0a346864525d4c75f9e6edb426e935659d5e70d3598fda0123b07d761,1
validation,glass,glass489.jpg,data\raw\glass\glass489.jpg,70b90864bd7ffad1e5b9e9c2fc7bd0cc00f52a050f61d98863cba53fc79ab5b3,1
validation,glass,glass178.jpg,data\raw\glass\glass178.jpg,3571a427b37b09269634bd0457245df7b63e0c5165e486596d1a40a54032a385,1
validation,paper,paper204.jpg,data\raw\paper\paper204.jpg,7d19f0d696ecbfb6e53877c9d0fe4e84405fb22a05bdf72bbf2db286533d4282,1
validation,plastic,plastic432.jpg,data\raw\plastic\plastic432.jpg,ba6a9b30bd8d3701ac084706995bb3f68a3e56dffacfc0b4d667ef2690512624,1
validation,cardboard,cardboard82.jpg,data\raw\cardboard\cardboard82.jpg,29eba1d56170aff46dba36017ba310b0e72101448f8a03551ca9e23aafdad4c2,1
validation,plastic,plastic89.jpg,data\raw\plastic\plastic89.jpg,3bea414efe7ec324c143e02c7e84c5966cdcf702cd0e75e38b29783881d78d17,1
validation,plastic,plastic351.jpg,data\raw\plastic\plastic351.jpg,fef4ba5b6207bb0c31a53b9906e7fea2f4906a59c9bce90953f0d8ea1555a77b,1
validation,metal,metal199.jpg,data\raw\metal\metal199.jpg,70bed46cadb3dc4faaf054dd2319b748ae4fa62f0a69d6415f0ab21fd6de11e4,1
validation,plastic,plastic358.jpg,data\raw\plastic\plastic358.jpg,8a7feb499061a9fb97f270c5fd7958813561d76d75e286ba21035091c76573de,1
validation,plastic,plastic231.jpg,data\raw\plastic\plastic231.jpg,7dffa9f9fd24ed3cbb6a5b3df597867bc92c15021a88d892abe845e291129d88,1
validation,paper,paper64.jpg,data\raw\paper\paper64.jpg,d2976d8bd28f32817e8449f4aa100d10dddd104fef8e08b2eabadc16e54dcd3a,1
validation,glass,glass232.jpg,data\raw\glass\glass232.jpg,ac75f12b8c64c81a4780b0740b163f0129d7f736f32d87dfdad5c309cfc19cf5,1
validation,trash,trash49.jpg,data\raw\trash\trash49.jpg,bb30f9f1cbbfd077d079cc10e55c3724c1f479c467bca875a76a5a15d274d3e7,1
validation,cardboard,cardboard172.jpg,data\raw\cardboard\cardboard172.jpg,dc136340244a6e65adf8371c06bf0d9d7adcb086ead81d4b072aceba22d80db0,1
validation,metal,metal207.jpg,data\raw\metal\metal207.jpg,52f1e32a3a0a72775a78a18bbd15c2f973df594d4845471678405563b18657e5,1
validation,cardboard,cardboard328.jpg,data\raw\cardboard\cardboard328.jpg,b57558462cb51318b46f8990bd3cf6ff9acb410f4941a84dec453e03354408c9,1
validation,cardboard,cardboard41.jpg,data\raw\cardboard\cardboard41.jpg,0aaf69cb9229ac6d01d5e9d12c2e64018beb1fa0906c98b07004b4ebbaf748c3,1
validation,paper,paper538.jpg,data\raw\paper\paper538.jpg,6ffb73b219c5762d0a80ab7a5e02c336a000f866096c1f9b384e19e5ae32fdcf,1
validation,trash,trash77.jpg,data\raw\trash\trash77.jpg,878ededaa72ce87581c64fb73535d6c8a00a1d97215c02fd09066870de222322,1
validation,paper,paper447.jpg,data\raw\paper\paper447.jpg,83240e4486abf863306a7f9d9c8636d4c0f2d9d0a0cd006ac7b98c9f500609d5,1
validation,glass,glass273.jpg,data\raw\glass\glass273.jpg,211797dd047e88933c132162f6be8c32d378e60b9daad30a9b9f232fe4910256,1
validation,cardboard,cardboard388.jpg,data\raw\cardboard\cardboard388.jpg,f0799626e8bede4e00c94184d7c17516034e25932fcbdd4d82b71f8a96fd1daf,1
validation,plastic,plastic275.jpg,data\raw\plastic\plastic275.jpg,c72733b6d16458678e0d6883eb3f694eb6eff960c51c2a4757d14c1188afa9c4,1
validation,cardboard,cardboard282.jpg,data\raw\cardboard\cardboard282.jpg,b109571aaa56f308851fd848e61484c62477c0082e9420d2a6966e0c96dbffb1,1
validation,glass,glass76.jpg,data\raw\glass\glass76.jpg,f56926cb59acf8831282b11066020ddeaecf59108b14c73046787bceafe8f131,1
validation,paper,paper347.jpg,data\raw\paper\paper347.jpg,106f0183419c48fb9812cffed986f8acdcbd46e30f1074479b11f36af44775e0,1
validation,paper,paper326.jpg,data\raw\paper\paper326.jpg,e3a83780cdb3df0140055114e6ecf7d88c0d2f426367640492cf202b344cc4da,1
validation,cardboard,cardboard374.jpg,data\raw\cardboard\cardboard374.jpg,d73ced2cbeec5aeb982aa5063d53c22598c367b5694743e7131fe12af74e23e2,1
validation,metal,metal192.jpg,data\raw\metal\metal192.jpg,658bf4daf9cf82ab9b4f5794946d0be8db7c2e0cfd33f1b656bc8bc5b6878d7e,1
validation,cardboard,cardboard194.jpg,data\raw\cardboard\cardboard194.jpg,7273c1134c973d5bf88c0a1b1e5b38098ad224883c866e48d9d45a1f8fd32f58,1
validation,plastic,plastic258.jpg,data\raw\plastic\plastic258.jpg,450d4d2935c87906b62afaea9d3cb7fac59bf764c6872b134761419c32240c75,1
validation,paper,paper202.jpg,data\raw\paper\paper202.jpg,fabea157b9c60839538e1a994da612ea31635d5e70d639a99855bdd2f5665280,1
validation,cardboard,cardboard332.jpg,data\raw\cardboard\cardboard332.jpg,bcb4217c513c71a3ef74a282274a3617fb997da61c8d083f451ef0a266594940,1
validation,glass,glass155.jpg,data\raw\glass\glass155.jpg,af01c6d84a461d5e396f6eefabcbfb628cd3e07ed8d2fded241a7924976695ec,1
validation,trash,trash43.jpg,data\raw\trash\trash43.jpg,c3f2d6cae77d5990f174cae0059fc27066de9b96e439be5bf57e1a5d94705a97,1
validation,glass,glass135.jpg,data\raw\glass\glass135.jpg,da6da5f684a7073a2a22c2e01e1ff7fe2122bc543e28b4573be1f84a049a1f4e,1
validation,cardboard,cardboard319.jpg,data\raw\cardboard\cardboard319.jpg,b65499a31b3227a11cf6ed1143c12d54ddd51424f4b2906bb38ad76d26dec885,1
validation,paper,paper459.jpg,data\raw\paper\paper459.jpg,d27e94858036fc53947cb3d3747d7bf1f1dc8cddf6d03bffa1f4742b84b61d6f,1
validation,metal,metal30.jpg,data\raw\metal\metal30.jpg,dcdb8db89ccf1c0b5b1c3fe5d206b7c83204d75e28bbe8eb554f51fa2092e2c8,1
validation,paper,paper580.jpg,data\raw\paper\paper580.jpg,41b57d2c0c364edc6d89b34d2e318c64088db2d0eb6d54a3551f1fc892484359,1
validation,glass,glass144.jpg,data\raw\glass\glass144.jpg,3b673c0a98f66b2153983e049f2231acd197da6322ec81a5e26dc4281dcf1edd,1
validation,metal,metal190.jpg,data\raw\metal\metal190.jpg,4666c6f95e953bcfa6db4f274732a1864ff40b93fb19ddf76ec0f2e8c588ae62,1
validation,metal,metal309.jpg,data\raw\metal\metal309.jpg,22d1e8a8ac35fba47d17ffe47b11c363801e379a2ede5fe480c8d9394f9ad611,1
validation,metal,metal238.jpg,data\raw\metal\metal238.jpg,e892a55332853eaca57cac4131e2d21945bb755464a05c74aaf8c4858f57d3ec,1
validation,glass,glass251.jpg,data\raw\glass\glass251.jpg,01def532b4d96400d1dce7a04ee1a8a89c152ff168deae2252c7f91d5b2f4c67,1
validation,paper,paper90.jpg,data\raw\paper\paper90.jpg,21d783b57bfbe3bbf0da89a38e4d7414955ab366e7d29222e450fe6754f6df82,1
validation,paper,paper149.jpg,data\raw\paper\paper149.jpg,0970cd522f3edfd684615e01241735c3e6feb4f81d7088bdc4b174e199819666,1
validation,metal,metal116.jpg,data\raw\metal\metal116.jpg,dd6b44280b3f048029b907d9171fdf54791f0932644eb60a4f8c42005cc818a4,1
validation,glass,glass230.jpg,data\raw\glass\glass230.jpg,c4f927f45e85c72c8e795c195055770271fd9d1d0699feb610807d7752e6a2e6,1
validation,paper,paper345.jpg,data\raw\paper\paper345.jpg,57074b8025a164f6a00b5d708abe4fb4309318872cd946ce0fd39ed1b4235caf,1
validation,plastic,plastic397.jpg,data\raw\plastic\plastic397.jpg,9e666abeff19f37ba945ce8c6cd5496a2043747257d8d0d2cc245205f57aae0d,1
validation,plastic,plastic235.jpg,data\raw\plastic\plastic235.jpg,b4eab673b773e0025ec0cc31b13705325713a712050c17b2eae710519f92aff8,1
validation,plastic,plastic149.jpg,data\raw\plastic\plastic149.jpg,443a178c7fe0793564fd8213aea0dc218c863f50fa6dd43f88e47b837f807e9a,1
validation,cardboard,cardboard226.jpg,data\raw\cardboard\cardboard226.jpg,ce76dce4cb943e15ab516ae2b71f241ad19426b8dd6f26c30dd67ccf5d233f73,1
validation,paper,paper36.jpg,data\raw\paper\paper36.jpg,d20cc7e0a9cbbdc163183c88cc37d65d40156001f931568b5bd944f42ce433aa,1
validation,plastic,plastic227.jpg,data\raw\plastic\plastic227.jpg,aab36d5a8153cdf5533467fffdb0fa843ed0db87f46bbd19f0f634eb2fde11fc,1
validation,plastic,plastic288.jpg,data\raw\plastic\plastic288.jpg,f720a1bbf957bf13d09e6fe343196d5dd9caea9c935e4352fd1efafc89a9eef0,1
validation,glass,glass468.jpg,data\raw\glass\glass468.jpg,0c293e3770b1f257c38ca438f369b861cdda1649fbfe0a3e1fb3e3fbf278ae1b,1
validation,plastic,plastic460.jpg,data\raw\plastic\plastic460.jpg,fd45ce02659295390cc072ce7d354051883665f75f8cd239849eb75e95c77582,1
validation,paper,paper241.jpg,data\raw\paper\paper241.jpg,8939c24c9c7ac7297166bb8e151108df099893d1a5c479b906665d45a7292f51,1
validation,glass,glass208.jpg,data\raw\glass\glass208.jpg,dd76c1c191605769e14f839a32da8379c02fbcc6b63582dd6a78f9baf4d72583,1
validation,plastic,plastic325.jpg,data\raw\plastic\plastic325.jpg,74a0b1c162d1f631f57a2470976f21de0b5ca218a709a40baa9f6f49c18308a5,1
validation,glass,glass103.jpg,data\raw\glass\glass103.jpg,f9b1af5c321676c420a9ca268dee9064bf871530ae9f16a96ed99212ceaad78e,1
validation,cardboard,cardboard225.jpg,data\raw\cardboard\cardboard225.jpg,315ebaad65063f231a4d92ec7079a65f4d3ce88b89727c36be32ad807653e36c,1
validation,plastic,plastic344.jpg,data\raw\plastic\plastic344.jpg,c2091ae7792ef6d98469bda46f513839d0f45da5b9681e78bf74cd2808e46a2d,1
validation,paper,paper450.jpg,data\raw\paper\paper450.jpg,330019bcede08076860bad6d91aff0c352af470c12ebff3bf02a8072ead81c44,1
validation,trash,trash31.jpg,data\raw\trash\trash31.jpg,3e5dcb2fb2cf843c9d4b0a530a0e6efa3a6ea5138fb1db7e84ca39bae03379e2,1
validation,trash,trash121.jpg,data\raw\trash\trash121.jpg,0c14e49aa904201de9fa905aba92864cb0345f0e569ec4f9fc37838fe3862645,1
validation,plastic,plastic336.jpg,data\raw\plastic\plastic336.jpg,6b36be228178879d1eb090433f768589c109eeb7772b785fbf5d3c7952019211,1
validation,cardboard,cardboard149.jpg,data\raw\cardboard\cardboard149.jpg,8bdd9137310a29365d06b152fc545355154bd24b457fea0398e41bd045b1ebf7,1
validation,cardboard,cardboard403.jpg,data\raw\cardboard\cardboard403.jpg,d9fb7bd8d7022f02394fe714ad0f99da54057835c1c0a22ce80953c776f1d342,1
validation,glass,glass356.jpg,data\raw\glass\glass356.jpg,42936fee73ebeb8d5e733f9f3a0448c7a5cd6cab2694e501e2e82868c2902c7e,1
validation,plastic,plastic230.jpg,data\raw\plastic\plastic230.jpg,16c0e9985f713cc81522592dc1d0a6fcc18019f222792b6045cbdb5c3d9ceb46,1
validation,paper,paper295.jpg,data\raw\paper\paper295.jpg,c9292ab46a60cc3f40149ac97f5182707fc541e494ab971667d844e6b7f54310,1
validation,glass,glass455.jpg,data\raw\glass\glass455.jpg,88c4a19af26f2b4bfd8781acca88f80062fd3c2f31c69efb2f5ad15a446c9a9c,1
validation,trash,trash81.jpg,data\raw\trash\trash81.jpg,3c953d5668650a8064d4ecd4f69f1ee6113768ea7677ddeb3386a829f18f0ba3,1
validation,plastic,plastic47.jpg,data\raw\plastic\plastic47.jpg,8cfc88156e367be7e00baebc32cc97607794f2fb94892aff8beb28878c4d93c1,1
validation,paper,paper452.jpg,data\raw\paper\paper452.jpg,f218a1513bbd5ae0047427638d39cdd9b49bf847219c77dcaaa109f7bf17ab91,1
validation,glass,glass488.jpg,data\raw\glass\glass488.jpg,db93c66cec2a51f369d7fbafe2644698c80fe54b9c09d3778cee99786ce5ec60,1
validation,trash,trash132.jpg,data\raw\trash\trash132.jpg,d1d96dd1bc1463d3464a4687105ec09a05bf63afe237bbec9c1aceafac56cf55,1
validation,paper,paper563.jpg,data\raw\paper\paper563.jpg,7a4bc026bd4687a14b8bfc863e0a95bcb411acdafcbf5224302b6b71bc1fefae,1
validation,plastic,plastic313.jpg,data\raw\plastic\plastic313.jpg,4a3ee8bb2e7a98d662172e9039daf4e4c7b231746aa619e7c150ad40dd24fe97,1
validation,paper,paper350.jpg,data\raw\paper\paper350.jpg,ef6b15402023445819e52326f1cce2a9d7524d132ad61431619f9a19715ea2bc,1
validation,paper,paper302.jpg,data\raw\paper\paper302.jpg,1a379d0f692cb10da9c67fae20088f9ec24c5225286d3eac1bdc81826609120b,1
validation,plastic,plastic451.jpg,data\raw\plastic\plastic451.jpg,526cd74ce053bee9cb9735f8484efb3c39c45892e9a0dad736deed3f755f093f,1
validation,paper,paper561.jpg,data\raw\paper\paper561.jpg,afffd4d9451b375e6907fc1d9b6a4ea4cdb04f9d10694321249aa8c4e0e5fcb5,1
validation,paper,paper309.jpg,data\raw\paper\paper309.jpg,a0901ed3c87d98ff008cea7838bb9e3b04a8eee228ac3789a5dc460a78451668,1
validation,paper,paper148.jpg,data\raw\paper\paper148.jpg,1d57d7983cd65298c13a0aede73a25cbc3578887442cb7218cf64d751fed3319,1
validation,paper,paper73.jpg,data\raw\paper\paper73.jpg,cfc16f691225374dedc84d4fdaa372b3350aa7ec2499250b6e9cd120f159eaaa,1
validation,paper,paper20.jpg,data\raw\paper\paper20.jpg,af21e4fb3a8668ccf5a3426f676a05e78eeeb6314ff9c2cc2cde19e1354b8eba,1
validation,cardboard,cardboard119.jpg,data\raw\cardboard\cardboard119.jpg,9eca298b852c5d86700d995a32ed4b4b0ec29498b090649fb0ca3749658e66dc,1
validation,paper,paper445.jpg,data\raw\paper\paper445.jpg,d7bd28ad16f0c2f6cca6d0f884545ee188c4be28b214c70236c573dc9a7e3070,1
validation,cardboard,cardboard19.jpg,data\raw\cardboard\cardboard19.jpg,7b87232d430de1f8e8b17559075f03b73ee2eb550d6c61544281d57657740034,1
validation,paper,paper152.jpg,data\raw\paper\paper152.jpg,6db3b5ead069f23015354a65fddd31a5d975363f2541759b7fd63c0dfbf1acfd,1
validation,plastic,plastic346.jpg,data\raw\plastic\plastic346.jpg,008d570e2620f929bad28e8b1a5dfe5eb4abb861c02598f9f98349aae2289692,1
validation,metal,metal405.jpg,data\raw\metal\metal405.jpg,9ce88a7d6ea6e779a0dfcb6a05f52074f023dda19b268626cb56725360411219,1
validation,glass,glass443.jpg,data\raw\glass\glass443.jpg,885704e55d2f6b3c3e73341d810f660543cd944112c0a8ed69b9dcab7464597a,1
validation,plastic,plastic253.jpg,data\raw\plastic\plastic253.jpg,63ac5e258be03cca86f2dd5012f4366a15c7b4dd794dba32afede551761ace5f,1
validation,paper,paper507.jpg,data\raw\paper\paper507.jpg,acd37b751c0377de7642ef50be32bb147ebf30938e81a185d37b824b52a4033e,1
validation,glass,glass437.jpg,data\raw\glass\glass437.jpg,8596099c171405979a7b9f7ac2320b4aa9280e87b79f9474efc33697ed699e6b,1
validation,paper,paper519.jpg,data\raw\paper\paper519.jpg,c903c6a409b65c0c5630efdaba8f0b56aab5efa8d65800c55d10d6a4ffba16ca,1
validation,plastic,plastic366.jpg,data\raw\plastic\plastic366.jpg,1ceda9efb08fa9866fef408b343eb382b613bc08106c2dbfb774ac27b72f045f,1
validation,trash,trash5.jpg,data\raw\trash\trash5.jpg,6dae3acd2554e66e9bfd8040b0989e45473413960573ea62f8acf3344cd865a6,1
validation,metal,metal124.jpg,data\raw\metal\metal124.jpg,162fd7c08fe5f6d50729da3fe59b8da398db2e4616d03cc39d1a8665da7faeb4,1
validation,plastic,plastic117.jpg,data\raw\plastic\plastic117.jpg,1a2f52e6f942c7283041e4a49dda2f309941c2a1fc2de0dd1b8a832b3ba26f89,1
validation,paper,paper435.jpg,data\raw\paper\paper435.jpg,daa82d2d089366dbe95e8ccbbb1b33708346b1a0f697f5b63f65b173bd9a2419,1
validation,metal,metal158.jpg,data\raw\metal\metal158.jpg,af194e858fb023503cee852e9448174ed81ddfd6144a0d3b5d82ccf35bdbcae4,1
validation,paper,paper236.jpg,data\raw\paper\paper236.jpg,90f778e6251c1b6a876a0fd17a958ca8e8d95b68cfb42102864e352594be9025,1
validation,glass,glass282.jpg,data\raw\glass\glass282.jpg,cf13e8d4c14218624204d76fb2cfe3c74b15f07965d1b6c780b1617f1461bbdd,1
validation,paper,paper494.jpg,data\raw\paper\paper494.jpg,20a83da01cbf24694407ea3efaf2d842005ef4958151189c5da1364e65dae808,1
validation,cardboard,cardboard111.jpg,data\raw\cardboard\cardboard111.jpg,6e3a26fd8d05780baf6107b104a2d077f4046fe5cda9f00aa12c8a34630dbd0e,1
validation,plastic,plastic87.jpg,data\raw\plastic\plastic87.jpg,a472388faa1bd0fbcdf90086317b0ca67ca6516aebeb2289d816003b36de9a8f,1
validation,metal,metal29.jpg,data\raw\metal\metal29.jpg,13aa829cf9765a02f5a1f3d882b6040545e93b79cca6bd9aa840725c2587c839,1
validation,glass,glass118.jpg,data\raw\glass\glass118.jpg,f4988cb65c5bbc438eec949a7e0628c591cba94798718c9ad7a274b764ee43b8,1
validation,metal,metal336.jpg,data\raw\metal\metal336.jpg,d85410f8e776047a7bf5c3c436182af44dda80d76d0a4952de4da0112f8830fc,1
validation,plastic,plastic249.jpg,data\raw\plastic\plastic249.jpg,c21f1f0f400d606fd6b75c6b19b1333f1b889a65576afe38cf34c0f1ad40d4fd,1
validation,cardboard,cardboard133.jpg,data\raw\cardboard\cardboard133.jpg,2eb0bb8ef2c6da8e6d82698f32a6c3efcd6fc4a1509e31d37f5d60445ecc45d7,1
validation,metal,metal264.jpg,data\raw\metal\metal264.jpg,a7f6e7ee0b6dfda49116da17608ae5d3f05a936111eef0266b6e51c702ec8132,1
validation,paper,paper463.jpg,data\raw\paper\paper463.jpg,53f3381ab8b4b0cea5cebfb9ef6766c5485bfd23c9f806bf70548ead38103d4d,1
validation,metal,metal152.jpg,data\raw\metal\metal152.jpg,a8b26c9d5dd89b4c3f22424dc73dcca70b437d000121d4b1e69983fa214d1467,1
validation,glass,glass316.jpg,data\raw\glass\glass316.jpg,89004d864142144b6940c47e078186016e3cda35cc057bc1536312b9a36d785e,1
validation,cardboard,cardboard323.jpg,data\raw\cardboard\cardboard323.jpg,c2d9ca1f7a33c086de846f04c9cc755c70dedd8ee44f92ab35ce4d3192cbf38a,1
validation,glass,glass307.jpg,data\raw\glass\glass307.jpg,efda826f5b6697de60643150db49b8918c982f6e8746a8d6d6dcaf4bd279edbf,1
validation,cardboard,cardboard106.jpg,data\raw\cardboard\cardboard106.jpg,2c0f7b6223c9143f9ed4202b398f2e65febeb1b1edf50e65c2fdd7ac83da4260,1
validation,plastic,plastic174.jpg,data\raw\plastic\plastic174.jpg,306c7ebe95c1736d28d1cc93d3ec4cde04003cf1279fcfed8bc246af10ac6d36,1
validation,plastic,plastic378.jpg,data\raw\plastic\plastic378.jpg,324ebee870f39532e3e6b6e6dac3ae826d0f02e85b37acefec52ea8121bdf521,1
validation,paper,paper88.jpg,data\raw\paper\paper88.jpg,0f50acbfb49029b1b650b57ea8a7d8564ec544d9c9f5d541892f9f04d217070e,1
validation,plastic,plastic468.jpg,data\raw\plastic\plastic468.jpg,dfbb47b3303be9c6c18129d220eebe8e378680d184eeedbecab7c3dcd218e429,1
validation,cardboard,cardboard322.jpg,data\raw\cardboard\cardboard322.jpg,d3883ce118f2e6e671abe8bedb60624b33268aada4745ca60b91b1d3731e571e,1
validation,paper,paper506.jpg,data\raw\paper\paper506.jpg,993d5f73ac457e4b6200dc35c3934bde626cc9e29a396cc6ad4b275b135886b7,1
validation,plastic,plastic125.jpg,data\raw\plastic\plastic125.jpg,2da1dc04aecdffdf22714aff09a76c9c6aa591544130d2c7c3a0b1b2896eb867,1
validation,metal,metal162.jpg,data\raw\metal\metal162.jpg,2142ccd5346addd31bb14056d17acaddfa61738d85b4a9a424714059263ac574,1
validation,cardboard,cardboard316.jpg,data\raw\cardboard\cardboard316.jpg,60e0336f708ac59f5554a28e05f655b6c7d8f2878556f341de6253bd94543824,1
validation,paper,paper163.jpg,data\raw\paper\paper163.jpg,547d4fee70b9de851a05cacd0fee5f1a0da83ebaf123ccd3a43365ee6bacdb3c,1
validation,plastic,plastic291.jpg,data\raw\plastic\plastic291.jpg,a5bcb37d1c6739e03fb16ef5f2b73c732cd3a5ce8d15ccd96891f0870a90f917,1
validation,glass,glass66.jpg,data\raw\glass\glass66.jpg,1e912ca9b00ec92195eeec5a755ce01e8c0a4bc438e799331e0a99468cd3971b,1
validation,glass,glass209.jpg,data\raw\glass\glass209.jpg,31a17a6916daacbe83312541816ab61b9d687cec15245f362b855a83ed0947fc,1
validation,trash,trash55.jpg,data\raw\trash\trash55.jpg,360bb1b49f6f1f02dfb68d120863bc8b36b144b9a7edd1c5ebda5aab57476df7,1
validation,glass,glass149.jpg,data\raw\glass\glass149.jpg,ec2d7c20b64c2cb0b417b98644c7c80ce98a4946137b2955699f2e883ac4a97a,1
validation,glass,glass331.jpg,data\raw\glass\glass331.jpg,bb99332328123a6c2781f265a2d212abda1fa629bbb5af76587e9fab118228c4,1
validation,glass,glass128.jpg,data\raw\glass\glass128.jpg,4a4a4e2d5bab88aa1c75b92687f37caf32adff970946e999400ad398eb66693e,1
validation,glass,glass319.jpg,data\raw\glass\glass319.jpg,37c2e5159358ab9cd6a644e910018c716cf7310dbe6edc76f87606e22e146316,1
validation,glass,glass159.jpg,data\raw\glass\glass159.jpg,3a14177bc50b3e0785c831f68805dfcf2d707067ffcf8047c320ef25e0313166,1
validation,paper,paper324.jpg,data\raw\paper\paper324.jpg,a1bfda9fb1a15786e5446dbbb59f669d996f96a881fb29ceaf811928b0cd724d,1
validation,cardboard,cardboard272.jpg,data\raw\cardboard\cardboard272.jpg,2e4f22b829c7ee7ea58f2245f11b3ad1424f773314c89cf3925880ba03c9b6b8,1
validation,paper,paper39.jpg,data\raw\paper\paper39.jpg,58cd504fc7f8c4ef04deafb22e29cb507e9a04d7eabb5e3091a3626a1f14600e,1
validation,plastic,plastic454.jpg,data\raw\plastic\plastic454.jpg,eccd69b3909c969780ede2ca1603b3fb72bbbbdb91e54a78eee2c400f3acc495,1
validation,plastic,plastic223.jpg,data\raw\plastic\plastic223.jpg,c9d48e78bc73cb71deb8abde8b5f52c69a65e19c00ba30f622d7e255224f4a86,1
validation,paper,paper397.jpg,data\raw\paper\paper397.jpg,7fdb4554d77ec39d4585018167349eb455e9a5358b4000afd7b3817b356b7071,1
validation,glass,glass95.jpg,data\raw\glass\glass95.jpg,7d4ffe90d81fae7e7c22969e4cacc16bab4ad752eac84d48d36ae0d79b0db2f6,1
validation,plastic,plastic353.jpg,data\raw\plastic\plastic353.jpg,22552b8e2196dccb5bb80c34b899f2a6bc7880270818e6586c1a4e9f45b0af90,1
validation,glass,glass336.jpg,data\raw\glass\glass336.jpg,dc236c386f155010657ad22da73bbffad86e9f0289ced63aea803f994ae905fa,1
validation,metal,metal143.jpg,data\raw\metal\metal143.jpg,06a375005afe2eaa148c3151b5887374b35724bd7f0998027602c111a468565c,1
validation,plastic,plastic79.jpg,data\raw\plastic\plastic79.jpg,f8de98b15b5f39ae3c170242ac145414367f87f7f55651a4a9916e77e9d068a5,1
validation,plastic,plastic361.jpg,data\raw\plastic\plastic361.jpg,92fcf5269f1c4952f567dd3d34279842fdc7d85c4f9e117b76c40cfb3e6d470b,1
validation,paper,paper240.jpg,data\raw\paper\paper240.jpg,f76432486a955c1b7cc87e2eb2cb93c50e099b6edcd88ec50d74710958f18ccf,1
validation,glass,glass309.jpg,data\raw\glass\glass309.jpg,b99099816246cc8bfec0f9de6012c90bf5db490f5cad32aa04d29ad8e09f9e56,1
validation,trash,trash122.jpg,data\raw\trash\trash122.jpg,fa4983ac23ece0873100911089cafe10436b5db22894c6a2b629487e7db30efe,1
validation,plastic,plastic453.jpg,data\raw\plastic\plastic453.jpg,f010ceac35917da54f016e4749e93a6b10a9154e2a32e508ce73773804cea627,1
validation,cardboard,cardboard209.jpg,data\raw\cardboard\cardboard209.jpg,52b6c183732b04bd232645f5e8685c19280dbc2f0ce9725b156b472924183cb5,1
validation,glass,glass250.jpg,data\raw\glass\glass250.jpg,b6255cc25b7ffe34a6ea30c8f4f5dc263ba9a415c3ee403532c58d31023fe3ec,1
test,glass,glass115.jpg,data\raw\glass\glass115.jpg,81546d1362d75fc60718e5852593c58f66f813e8c1e9d1eae6871fedb02e2868,2
test,metal,metal91.jpg,data\raw\metal\metal91.jpg,81546d1362d75fc60718e5852593c58f66f813e8c1e9d1eae6871fedb02e2868,2
test,plastic,plastic137.jpg,data\raw\plastic\plastic137.jpg,de59966908bd7f79f6a902350212ff69e473b34f3c60ad4c4c97dbdc90fd2e9a,1
test,cardboard,cardboard40.jpg,data\raw\cardboard\cardboard40.jpg,8b0231fdc23671c896a016a56fb0b549c2add9e85771dcb647e18af23e1c6223,1
test,paper,paper146.jpg,data\raw\paper\paper146.jpg,68e1468232bcbdaea5e1617d25644f2676177c8577c29af896c2b9fdb417fed8,1
test,paper,paper556.jpg,data\raw\paper\paper556.jpg,54783d495508ba31e4fcee64a4f08802402fb9af78a57cc2727985964d7ec338,1
test,metal,metal4.jpg,data\raw\metal\metal4.jpg,89973ff7d5c5d42652431b11bf86c73c7dab04fcf49f7742d6f54d65984445be,1
test,plastic,plastic106.jpg,data\raw\plastic\plastic106.jpg,34b4d88c722b12483f73e1ff39947bd464e2ce8a0eaeb1e7c0971dea6bb3893c,1
test,paper,paper498.jpg,data\raw\paper\paper498.jpg,5787607d53f73f8823a54e906c0205f7f871d3267d5689a5d903d9676e8d2a3b,1
test,metal,metal267.jpg,data\raw\metal\metal267.jpg,7ba65e32f1182cc7dd453846174af33890867c9885e4d63fa10d00effd983209,1
test,cardboard,cardboard1.jpg,data\raw\cardboard\cardboard1.jpg,9573fd98a5aca2ab9a4c5b9ebcdfa4dcf9719b216c2025ee4305c4df611c885f,1
test,cardboard,cardboard295.jpg,data\raw\cardboard\cardboard295.jpg,41ee3fc020aa9b670f392a81dba3dd965cf2bd79762b61fdb508f5ab79e2d55e,1
test,plastic,plastic392.jpg,data\raw\plastic\plastic392.jpg,2d80cd1f9c21c9b56e5a20fa3b011128fb34b36782c3503404bfb0bec57432f7,1
test,metal,metal55.jpg,data\raw\metal\metal55.jpg,093bb7624598febe1376792108f31ea7039798e4e6e248148817a9999ef39bc1,1
test,cardboard,cardboard3.jpg,data\raw\cardboard\cardboard3.jpg,cdbd6d14568286cd85c1ec1fbcefc95eb2f98d1d26935b526b2f858b244f166d,1
test,cardboard,cardboard293.jpg,data\raw\cardboard\cardboard293.jpg,33355577b83c41982cf47d4f28ef2d977af0c7e596a3dae45170b6bb40fe9e63,1
test,cardboard,cardboard34.jpg,data\raw\cardboard\cardboard34.jpg,982207d4815396370f8b1db6bcf2aa9fe1c10daf873ef31e0a94e712e21df398,1
test,glass,glass202.jpg,data\raw\glass\glass202.jpg,b9f9c914ebdd06f358a2a7fe4e8f625c45665c9d6ae7c64980f9f20ee00f0d3b,1
test,cardboard,cardboard311.jpg,data\raw\cardboard\cardboard311.jpg,158ec60972d4e8744a17d7c303bdb4eab9c7189b28c371bc298552b2fc4d8972,1
test,plastic,plastic191.jpg,data\raw\plastic\plastic191.jpg,ec065cf4559fb3b6aca7e07624d2bed44edd2495850087dde7decbf2af6a8070,1
test,plastic,plastic316.jpg,data\raw\plastic\plastic316.jpg,49318dd9db948da708c19047298d85870d0e764ca7d98be8e957d308b5781240,1
test,paper,paper482.jpg,data\raw\paper\paper482.jpg,905dcbbbc2870f060b986fb8784756d6c1f93c3f4c2414bfb2c1e64df9ee8249,1
test,glass,glass429.jpg,data\raw\glass\glass429.jpg,21ce1057d4c8e3a9b9e262b9e45c8ece711af7d71c1e058cb166c64a20b94a35,1
test,cardboard,cardboard20.jpg,data\raw\cardboard\cardboard20.jpg,836a0b77bcf24950f06b5c69dfe84079f208f12dfcd2aa9b1970b81f3f78e4e2,1
test,plastic,plastic116.jpg,data\raw\plastic\plastic116.jpg,6baac8c58f3c8f9af351013ebb6479f31d8f055b7bc25b25c55e7a54db4c1a21,1
test,metal,metal209.jpg,data\raw\metal\metal209.jpg,45ac1160c83f9b3e15d55a4e440f2259a63b1bfbb6e85e0f94a9d8ff163a015b,1
test,metal,metal284.jpg,data\raw\metal\metal284.jpg,e7bb39606f421e1155313db024702d3bbf713a0cb6c517935826384aa81c0e68,1
test,glass,glass396.jpg,data\raw\glass\glass396.jpg,8e16a010920314f0cf8ecb5089552a26c431d2e90bddc55b6d287bbabd890fcc,1
test,metal,metal295.jpg,data\raw\metal\metal295.jpg,9590b871a82a5514e73f9dcf7b7faf7e8ff3b56435ece9cf864e7a4c4a55f966,1
test,plastic,plastic187.jpg,data\raw\plastic\plastic187.jpg,b9766ff94bc626bc5f2dea58d70d7ca679acb3ce1f30a6e75d7cd40885fcd090,1
test,metal,metal356.jpg,data\raw\metal\metal356.jpg,d440385492b0c12a78b3bbfd9636491807fa5f823350c77d3482f685b18df872,1
test,metal,metal101.jpg,data\raw\metal\metal101.jpg,d987ae5147a0e9274c7599521f0797990c94820e28f27e6f8cba1cde590fd147,1
test,glass,glass484.jpg,data\raw\glass\glass484.jpg,1de10cce060ab22ef82969829fb3562acd4bbfdefe8d955311eb10b4304fbcd4,1
test,cardboard,cardboard131.jpg,data\raw\cardboard\cardboard131.jpg,24c750b1dc48feec1847b04bd82abab80b66082365cebc9f61960f189f349605,1
test,metal,metal83.jpg,data\raw\metal\metal83.jpg,f51eb5b4486ed937312af3e6d46736661acabb1cb03b36352328c8a5748f33e0,1
test,cardboard,cardboard242.jpg,data\raw\cardboard\cardboard242.jpg,085d315f8e07cc02331078e9eec61642a2b69101b20e234ceb69e2e6535680cf,1
test,cardboard,cardboard188.jpg,data\raw\cardboard\cardboard188.jpg,294aa55989decf8a64e054f4b880897e11b310007655fee733a6d25c3187bc95,1
test,cardboard,cardboard228.jpg,data\raw\cardboard\cardboard228.jpg,b41f4388df1476e62b5c2bf9b568764a3a74d3ae45a3bcb7a1ad03b493fa9c0b,1
test,glass,glass240.jpg,data\raw\glass\glass240.jpg,af9a4dd92be8a8bbe9123c51acd35a11b01dc18f6703bb0ccfe0f5d735748014,1
test,plastic,plastic254.jpg,data\raw\plastic\plastic254.jpg,a42de206a88426c033ab5c2482a5ac7ec3e81ce1695fb8b7e4f08739f1f9f313,1
test,paper,paper92.jpg,data\raw\paper\paper92.jpg,ec6e1d5683e3ceb8bc68e7617814db08a5a01907b24f5d9cad32b7385271da78,1
test,paper,paper13.jpg,data\raw\paper\paper13.jpg,057644efe18833281f00eb77a07ad4024d626d1c6f3bc2130b97868def2e6408,1
test,cardboard,cardboard369.jpg,data\raw\cardboard\cardboard369.jpg,6eb120431a68732a016783d3b66e4f390eae8d7e961ccb7eb78cdcf0a4750477,1
test,paper,paper508.jpg,data\raw\paper\paper508.jpg,c2a71d79ff42ff3c431a14c96d7b4e5e82f526840c85b396703408dee0e4a56d,1
test,cardboard,cardboard164.jpg,data\raw\cardboard\cardboard164.jpg,446a1f224747b2056f5fe0bf50903519608e559fd1ce7ecad8aaf3ad7077bd97,1
test,paper,paper189.jpg,data\raw\paper\paper189.jpg,d93f7c96ae0c7af515d9c684b47fb7edae53cb35c72ffa26ca214fc87e990dd4,1
test,paper,paper429.jpg,data\raw\paper\paper429.jpg,ab61a29f1b2d8316d13160a649f2d0682854f9b3be842f657536b6b52f134ed9,1
test,paper,paper33.jpg,data\raw\paper\paper33.jpg,75c318c61c1485cd0fdc118ad4d7d5acaba5e1fbde5f2424599e91984d1259da,1
test,trash,trash117.jpg,data\raw\trash\trash117.jpg,6b91f0da34581c5771126e3c8abd52bc21a7b1f937f7b0143cd14c6251e7b3f6,1
test,glass,glass217.jpg,data\raw\glass\glass217.jpg,95aa11423ed0a6976f81b0e23bbbffe32fcbd8451ce634f758b161b05d56a644,1
test,glass,glass236.jpg,data\raw\glass\glass236.jpg,850961fc34788d29d82bb1b76396672915b8e5c5e5a1ca33b562c8b9d45bd812,1
test,plastic,plastic350.jpg,data\raw\plastic\plastic350.jpg,a6aacb0d7b62bb26619618f2a15c88260dee68801abf72987c22e21f7cb87a85,1
test,glass,glass447.jpg,data\raw\glass\glass447.jpg,a2ba78c23d76980675666183992f5e5cae2004bec40c979211be782f826b9726,1
test,cardboard,cardboard74.jpg,data\raw\cardboard\cardboard74.jpg,59bd90b91ea0e57f74a27fece286fea17e421fccbcb9a1a137e1141ee5b4bb69,1
test,plastic,plastic314.jpg,data\raw\plastic\plastic314.jpg,694e49b212ea8b4c1f4cad6ea8758c3a5b7aae9b54bb2da120ddbad3ca146d9e,1
test,paper,paper334.jpg,data\raw\paper\paper334.jpg,76bda4323041b47efbf3d6586ee373ef7a68e45a0cff7964117988d92fd64797,1
test,glass,glass22.jpg,data\raw\glass\glass22.jpg,c1277f608df20f1121d902f157c7a0fe0684ca732bcea485e7164d54a4746052,1
test,paper,paper480.jpg,data\raw\paper\paper480.jpg,74ca7d71ec4c8b9dc003f5f27b615e2af40e9ff02f9f6e0d11dde9057f8647a8,1
test,cardboard,cardboard158.jpg,data\raw\cardboard\cardboard158.jpg,1696ceb0931601a838034f60f36e90b802e78dc87146b0cca102afe9cc55c4f7,1
test,plastic,plastic399.jpg,data\raw\plastic\plastic399.jpg,301e771d2ea138815666f1f0345f7ebb7fc92f8fe15e865ca6d93e81cba14f79,1
test,paper,paper403.jpg,data\raw\paper\paper403.jpg,91e6532f252b8d858aa86a96f92783e599d94cae276a249794a045622803e11e,1
test,glass,glass40.jpg,data\raw\glass\glass40.jpg,c786a9a24df9030b543d55d5b37688fc6bb61188f90f82893f2dc021c02467b0,1
test,cardboard,cardboard269.jpg,data\raw\cardboard\cardboard269.jpg,1efc1fb34636f7858de75a33e0ceac560bcc5adf80d63cbebf1524cb44bd3889,1
test,cardboard,cardboard208.jpg,data\raw\cardboard\cardboard208.jpg,74ae98f30f3dd02757ac78fd7a4f111f777e612d3ea85a2788c0158dca01c0e8,1
test,trash,trash116.jpg,data\raw\trash\trash116.jpg,948b1a1e823db469dde660fb69c2f217ca58256ddd565361cfc8e9eca24bb0e5,1
test,cardboard,cardboard64.jpg,data\raw\cardboard\cardboard64.jpg,fb6c8d912b1d12f2e09cb5bd597c48f3df78e7033a14e1f8c087abc28b3e3ca0,1
test,cardboard,cardboard63.jpg,data\raw\cardboard\cardboard63.jpg,b225fefcc1067d4c489a0cc77e91adde71aa89d32472680b2d54498a36c70188,1
test,metal,metal130.jpg,data\raw\metal\metal130.jpg,6eb2378696940bd88fea366eeee2058c5430202561bec8128c49f1e8c225561e,1
test,metal,metal191.jpg,data\raw\metal\metal191.jpg,6a7c9e196b6ae628529b03b287eef535d307fd50eecb043765fc145197450829,1
test,paper,paper109.jpg,data\raw\paper\paper109.jpg,6bab8421617ae409f0563e664f176374989f124cd8459b291d2815d825eac48d,1
test,paper,paper95.jpg,data\raw\paper\paper95.jpg,561669d95f05f86d8fdf6193957889bb3a3fb5b19f2adb87c14ee4110c7550dd,1
test,plastic,plastic422.jpg,data\raw\plastic\plastic422.jpg,023c1c633cd1d69cac64abb54d1d300f51fe2c208770db4732584e35382591c5,1
test,metal,metal277.jpg,data\raw\metal\metal277.jpg,51c7cff9d8ea7e43822160aa242c591326b78e022a510d95dfda670d60452e53,1
test,plastic,plastic379.jpg,data\raw\plastic\plastic379.jpg,6ee988c39df74a3d4bae4662d28ef523daf7e2ca4b0c0b2fc550cb3336fd72a1,1
test,glass,glass497.jpg,data\raw\glass\glass497.jpg,58d620f823b1bf5d1bc87bd87216de4d1cd4658e9618e3c35a189230c8201fd3,1
test,paper,paper81.jpg,data\raw\paper\paper81.jpg,5a74aefc5d97df2259473445d28214ab4ae8bf3cfcc5c38e1e8031663f16a8d2,1
test,cardboard,cardboard114.jpg,data\raw\cardboard\cardboard114.jpg,c64e75b62eaae06b8903dbaa196d044498c126746ab424ea29c09534b0ebbeed,1
test,cardboard,cardboard112.jpg,data\raw\cardboard\cardboard112.jpg,6e6f1d82b3b218ef2c6376bf266efa908814c54fd0b2a44c5c600ffff5596079,1
test,glass,glass57.jpg,data\raw\glass\glass57.jpg,f648f8b660a09532bf649b8fd03708ad000ca34600f7b86b380266e96713d003,1
test,paper,paper544.jpg,data\raw\paper\paper544.jpg,fc2c6afef0dbdf818a4bd80028819e10bd16cf16831c762ef49a6bd64857edc4,1
test,glass,glass313.jpg,data\raw\glass\glass313.jpg,4ee8242fa921853950ab0e99ab804558f5992ba69637a95ccada10d449eab1c5,1
test,paper,paper566.jpg,data\raw\paper\paper566.jpg,c83d77940c7a0d595299b3d465596527e59378723f60a737bd3eeebb1fd32829,1
test,paper,paper380.jpg,data\raw\paper\paper380.jpg,a5dd71b4a11fb595b8e5e6e660d5efea4a8ab792365147305b1e9ad0445ddfd6,1
test,paper,paper75.jpg,data\raw\paper\paper75.jpg,7642d2055d44774f5b59d70985a1ee904a568dd146e0965b7e78f1f97883c2c0,1
test,cardboard,cardboard275.jpg,data\raw\cardboard\cardboard275.jpg,304d59b9bebef1d2437320651c81e9e29be9b17cd85925cdb1fc01e3f4ef2d6a,1
test,metal,metal282.jpg,data\raw\metal\metal282.jpg,6b283a3bafadb0b812d6032eabb77e76eacb862d3d7352b07e4ffff8eb94b623,1
test,plastic,plastic384.jpg,data\raw\plastic\plastic384.jpg,debbf86c08871d40d9c094bc8e8392d7698db6f0ad31170785f722ba140c5a4f,1
test,glass,glass77.jpg,data\raw\glass\glass77.jpg,9809f7c8c1b5f52ba1133de91bcc83bce55780d1d58b9eb40e3cdddfe431bd82,1
test,cardboard,cardboard221.jpg,data\raw\cardboard\cardboard221.jpg,5302461a04d678d5e8637ba2afedb6adbcc4297c8fc008b9c3fbca17fafeaaac,1
test,plastic,plastic420.jpg,data\raw\plastic\plastic420.jpg,094c6c3a65cbea6b2a26f25e763b073b57a90786a13eeb010b5d139426a90a5f,1
test,plastic,plastic216.jpg,data\raw\plastic\plastic216.jpg,353979eb66dcf41890687639974f69993de17321c0d38082341eb4af831df4fd,1
test,paper,paper77.jpg,data\raw\paper\paper77.jpg,37e247538da94b32432136e589f382a91bab6ae45b79e93d097e3f54519b5d40,1
test,cardboard,cardboard320.jpg,data\raw\cardboard\cardboard320.jpg,334bdb99d42e0956314413ccc65d70b8663a942612a9373bd2b8c3153b8a6caf,1
test,paper,paper471.jpg,data\raw\paper\paper471.jpg,72e04d21284b07735eb8bb520a5d5b1aee0293fa0a7adacfb215319a8b11cbc5,1
test,glass,glass391.jpg,data\raw\glass\glass391.jpg,53d33846fedfc6aa65fccce79a6677ccd4cdbd31b6700092911199593989a4e1,1
test,metal,metal408.jpg,data\raw\metal\metal408.jpg,fa6694a9a54da63b33dc50079ef9b5ab8e1517dc519bffbefc6a44d5f9a569ca,1
test,paper,paper412.jpg,data\raw\paper\paper412.jpg,8303e24006a890886c240fdebafd2367bb155876400f431869ce3ed485978c92,1
test,metal,metal328.jpg,data\raw\metal\metal328.jpg,d476473e802901fc009eb708a3a41c5198fd3ed9ccef527c48de890bcbaa14cb,1
test,plastic,plastic386.jpg,data\raw\plastic\plastic386.jpg,054a9303cef789e03f84b8ec018cece84beb906a64c6aaba75c15e1c4d4d1027,1
test,trash,trash25.jpg,data\raw\trash\trash25.jpg,427528afd8313a4c27ce8a4cbb80363917128c714fc6fc5c61e2a10f0d3b1379,1
test,trash,trash34.jpg,data\raw\trash\trash34.jpg,65ab3dc1a6b9f079adb4d2322f8596b19972798610bf0a85fa426bd5e538a575,1
test,cardboard,cardboard303.jpg,data\raw\cardboard\cardboard303.jpg,0d8e4333a63dd90e6312acb99840d7ea42c0ae632b9cc269703235a6afcd445f,1
test,paper,paper145.jpg,data\raw\paper\paper145.jpg,9b327708b8a47e6f0783d881b149fe6ce45fbef5edc8a7f581d5a73b5e816f1d,1
test,metal,metal36.jpg,data\raw\metal\metal36.jpg,ce674090d08a49192555a3804365a2ba79f564c7d7372f370d2ec031e278b386,1
test,paper,paper274.jpg,data\raw\paper\paper274.jpg,31c828e47426bc14e44ea6c75457d880e32ec9f59d85c79565ef1f7fba7bd184,1
test,paper,paper576.jpg,data\raw\paper\paper576.jpg,4574ebaaf26c9ed0c898f1fe81e11ff874832c5d880b33645d175be23f580fed,1
test,plastic,plastic184.jpg,data\raw\plastic\plastic184.jpg,8fbf45b1666f41f5d19903edd5822de96bd449309f12fe668891c2538f08d961,1
test,paper,paper320.jpg,data\raw\paper\paper320.jpg,e6242684b9a35e14e4730ab2406a3fe5f626e15325672ccc48b80b09054a4763,1
test,trash,trash92.jpg,data\raw\trash\trash92.jpg,7eb5719dc7a61fa54d46e7f7ebe17933322c94d7b1913e0545f3b5362c684745,1
test,paper,paper353.jpg,data\raw\paper\paper353.jpg,23db8d661b2814c349d03707bf918afe1a19f419397b0b10e6581984e9175bdc,1
test,plastic,plastic58.jpg,data\raw\plastic\plastic58.jpg,b1799161a0dd174a06a9db28aa24d4f16deab2323fefdab2ced227ebe0349024,1
test,paper,paper500.jpg,data\raw\paper\paper500.jpg,97cd5afbed0a12646203faf02ee292f53ea517306d2953c1de86a77208d6bd01,1
test,cardboard,cardboard50.jpg,data\raw\cardboard\cardboard50.jpg,52277ada9f5a8ad268273bd6a3bc2ed42a08a950ca3b96fff04fb31cce42bf78,1
test,paper,paper10.jpg,data\raw\paper\paper10.jpg,a662ba456e386945b85e1a6e6f36406e509fabd4ce75345fa3b765ec2815ca81,1
test,glass,glass384.jpg,data\raw\glass\glass384.jpg,522c8be0b80105819ed646fa667f3d4dd35652d85aec16865237ff6487206b36,1
test,paper,paper424.jpg,data\raw\paper\paper424.jpg,23e78e4678ddb10aa6d602d59c6bc6050bf66f6fcedd4c46265ada535706f265,1
test,glass,glass347.jpg,data\raw\glass\glass347.jpg,8b8bcf3b00f54432b3a5ef9e259b39f80ff28c99307be805bf578e2a036bfc88,1
test,paper,paper554.jpg,data\raw\paper\paper554.jpg,dae4a870646cd9b6ab60cbbc6bbc97460418323240824a32efda2f42f605bd26,1
test,paper,paper41.jpg,data\raw\paper\paper41.jpg,e121109328264a87c9a4f22986ae4e5a177807618393382eced5211b812c3acd,1
test,cardboard,cardboard402.jpg,data\raw\cardboard\cardboard402.jpg,0508c9888988e9c335d2ed849c10f4206e73bef9c2603b5fca4c73cb8d956eb4,1
test,metal,metal226.jpg,data\raw\metal\metal226.jpg,d42e4bd40295da53f363f4f83037e474f9d7d55328fa93503697c0ec90022b16,1
test,cardboard,cardboard8.jpg,data\raw\cardboard\cardboard8.jpg,ff000a600923c11b57616f7d963f81e169d1c165bd093dfe02107b15fd75238b,1
test,plastic,plastic461.jpg,data\raw\plastic\plastic461.jpg,cdc4a296c308d3a3eb9ab42c1362599ae73ddd9d28712813c3445a1107b3ccc5,1
test,plastic,plastic54.jpg,data\raw\plastic\plastic54.jpg,75beda52e2fdd625ca9ddf6bc2aaf2fcfce906172f0c3e857dc5b05fdada092e,1
test,glass,glass64.jpg,data\raw\glass\glass64.jpg,8944742907e30a66bbde894569f973104a876f4b46be5772e4a6eb9f03d73122,1
test,plastic,plastic475.jpg,data\raw\plastic\plastic475.jpg,00827843e2717008273bcc743c442864e5c9dcd150ac6158efd4952125ac1fb6,1
test,glass,glass271.jpg,data\raw\glass\glass271.jpg,ed48cb39c44b2092b6c36ca4dd84fc8e9908968b53edbcdfef184cc25f0e94be,1
test,plastic,plastic267.jpg,data\raw\plastic\plastic267.jpg,b1480abb8251b9e4f1227ad91b41d089ba58e3ed312be800958a27f57789751a,1
test,paper,paper579.jpg,data\raw\paper\paper579.jpg,19ef2e438b9aa7a2cb382288f9f3cfee6db7e61c6918752cac3992ef28bb9fd8,1
test,trash,trash17.jpg,data\raw\trash\trash17.jpg,db537c41bc4f2e3593cf3e53b056aacc7b8882b63c6f5c88b880ac72b1e6af7d,1
test,paper,paper367.jpg,data\raw\paper\paper367.jpg,bda46f84cccf7394f321f2838152afca18d6c60b5cef25a03bd20dd3168263e5,1
test,metal,metal245.jpg,data\raw\metal\metal245.jpg,3cdc3eb989939aee0d5be291dbac6db8fde8561fb1bc1a053c81e18f77b225dd,1
test,paper,paper530.jpg,data\raw\paper\paper530.jpg,69c9f05c80d97470e575c5927f8523b0f4ffded91c0a18b53518a58c1a7b1787,1
test,plastic,plastic304.jpg,data\raw\plastic\plastic304.jpg,7f728b9e10baef5d4ff0661f2c51939ec71f8b03a792ecc092720dbc30e4d4c8,1
test,glass,glass291.jpg,data\raw\glass\glass291.jpg,1bbf5456c82ebced8c1e322acbe71a886ddc9f6a615342cee3fcd177f9a585ce,1
test,paper,paper100.jpg,data\raw\paper\paper100.jpg,99b2e9cf63612ab39d5664972d6f51457c32eff0e049e9279446031f78fd1bcd,1
test,paper,paper383.jpg,data\raw\paper\paper383.jpg,a1902e606b1818142c42c697547a9b3aa353ea0ee46ea01aa9e91ddf628e9d45,1
test,plastic,plastic362.jpg,data\raw\plastic\plastic362.jpg,1765bc4ce8ac204b9831d5f5f3ca23354ceaf6d5c438362745775448424515bd,1
test,trash,trash130.jpg,data\raw\trash\trash130.jpg,2fc5aaf1064b03d836c8ad3d82b767af2fbd158878ae8caeb2a56f147843265f,1
test,glass,glass105.jpg,data\raw\glass\glass105.jpg,f24ff61b6f2a0fafba7c476265a7a12d5a4af6d48a5fbe2e79b059da8cb4dd43,1
test,cardboard,cardboard180.jpg,data\raw\cardboard\cardboard180.jpg,d0d33e05ddf5a1464af7d3ceed2d30dc161bdd7ac140402020091087c4e6f6d9,1
test,trash,trash33.jpg,data\raw\trash\trash33.jpg,76e972561544e88c60daf4f54dafb0a98f84430633b79603e26c9d39b997cea3,1
test,glass,glass120.jpg,data\raw\glass\glass120.jpg,f40585778de2ee95c4d1e2fa538b16be129899ee5c76d84039a1dd94333469da,1
test,paper,paper348.jpg,data\raw\paper\paper348.jpg,cda964ec5e30e1577faf8aebb96410949f224b90f44dc96a09d42f3341edac42,1
test,metal,metal340.jpg,data\raw\metal\metal340.jpg,5bc8b3809eaad064ba7594d1e271f7002504d7642ad3a9bc8c73e36fcfd0d424,1
test,glass,glass48.jpg,data\raw\glass\glass48.jpg,5137c4adaad1532e9979f1f45bb5d7e7b30cd34ba986c25711a8aea06111dbe6,1
test,glass,glass227.jpg,data\raw\glass\glass227.jpg,15a8c957f25b6d3e6041e66c39d2f9edee0df009217a7312966ca50a843eb56e,1
test,paper,paper484.jpg,data\raw\paper\paper484.jpg,aae61ce624c9648ed92d509eec4d36d0caf7825f064ca460533e0bbe8d3cbe3c,1
test,plastic,plastic45.jpg,data\raw\plastic\plastic45.jpg,67141e8f523c921cb5bca25ddd2e9aa3c27d7ab976c00855b22695aeafe942ca,1
test,cardboard,cardboard15.jpg,data\raw\cardboard\cardboard15.jpg,2e3bc470e7c2d4838739df371a850a1abadcdaa3c1d98c9f06a6c9416502910d,1
test,glass,glass221.jpg,data\raw\glass\glass221.jpg,c5065d1f52dc8ae200ab009ff8e2f83b644f0d9322b5257c3c1488b7c13fbe91,1
test,plastic,plastic296.jpg,data\raw\plastic\plastic296.jpg,b351129a596213f3b020cb63230fa6e0698e9fe20f9b8bb9d023f4ecf3aa436c,1
test,paper,paper200.jpg,data\raw\paper\paper200.jpg,2775c77ee5bc11bd6fe0a164eecea0ab9e58ac62af1cbab3cd94f56f4e7a1b03,1
test,paper,paper583.jpg,data\raw\paper\paper583.jpg,0e1fe4cbdbe701ceabdc1edebd372231c473d32037e93f9f034c7d3f4f5f2c7d,1
test,plastic,plastic360.jpg,data\raw\plastic\plastic360.jpg,94e4eba94173cce4e19c4356549d317d6d4f9d79c144436c7f26ade6b490270d,1
test,glass,glass418.jpg,data\raw\glass\glass418.jpg,b39b231915cc0a2ce4e871d9675408bd83180754c3e6f76709537a4531b51a92,1
test,metal,metal342.jpg,data\raw\metal\metal342.jpg,7b16ff62309f115160a8e172c0a088048e1e01c3867c49cd0ea002bed3ad1956,1
test,plastic,plastic376.jpg,data\raw\plastic\plastic376.jpg,0d1045d59f049c16a905ecdb1f2e35dccf3c631313c6ade6301b211fcd064191,1
test,paper,paper124.jpg,data\raw\paper\paper124.jpg,289b6c98f3bcbda3bdf8cdf6b0570ebde2be0c309a2feeab53d07904bebbe4a1,1
test,metal,metal350.jpg,data\raw\metal\metal350.jpg,e5c11cab3471d63231449c669f779d85a372492cae981a3731efab9d6a0ed26a,1
test,plastic,plastic97.jpg,data\raw\plastic\plastic97.jpg,221592ad0b4ca84ab9b2d75dd82d279e9c2635056caa6e1e478544bd9ebae2d7,1
test,glass,glass65.jpg,data\raw\glass\glass65.jpg,66f60de468cb4b191fb8d64683eecf98df6b90bffb59f7225ada7c3a31a8b03d,1
test,cardboard,cardboard277.jpg,data\raw\cardboard\cardboard277.jpg,6cea49417728035fce0f47ea18e26565ea26197df31f1cb31266d6b0593892e7,1
test,metal,metal16.jpg,data\raw\metal\metal16.jpg,2e124740d495a71472fbaf4f174c6cebaedb862c5b0c1921d99798e644434960,1
test,cardboard,cardboard274.jpg,data\raw\cardboard\cardboard274.jpg,2a5936d0ecd31b7ca320925993fa0b0cfb561803a1407c57ad627c996ae8a7f7,1
test,metal,metal117.jpg,data\raw\metal\metal117.jpg,5f6a605c22760fb1d63a8990f5a552fa999faed85fd196fa9c855e00ef79110e,1
test,metal,metal217.jpg,data\raw\metal\metal217.jpg,735503b328adb446f9787f872a439af4ca5bf2c33041b3728432d59d01504a6a,1
test,paper,paper164.jpg,data\raw\paper\paper164.jpg,3a2f5b1baa2445cdc1d776bb8c928c088f453e1f6576ac9c1486299fab84d2ad,1
test,metal,metal19.jpg,data\raw\metal\metal19.jpg,17e8f88f88ba0c360dc6b1c819704bb51c771f0aee389fb64fe3f62637bf1e87,1
test,plastic,plastic236.jpg,data\raw\plastic\plastic236.jpg,4396b640336b9df28c71d007065045e2d56dd83bb6cd6bbaccb1f43f22df3cfc,1
test,metal,metal118.jpg,data\raw\metal\metal118.jpg,f5ac8516c3bfe229b80e4b797e1494617bab0e2d43d56699ce160b2c523c68c2,1
test,plastic,plastic160.jpg,data\raw\plastic\plastic160.jpg,393c105a4f5bb2eb904f6b2e4bd9da533fc7ade97df1f3c79d8e51da9c2b9d14,1
test,trash,trash91.jpg,data\raw\trash\trash91.jpg,001088828d15975e6a5de080e36b531ad07d9aef945aec427b5486c273381473,1
test,plastic,plastic144.jpg,data\raw\plastic\plastic144.jpg,cb1e8246f2413ce6bdbf4ec97083a88eef3577ff55362fc0b0045373c514f641,1
test,plastic,plastic183.jpg,data\raw\plastic\plastic183.jpg,1bb07d23d88c135a03b8ccb4ab47497dc3bf231cf194a0cf936310d9766195c2,1
test,plastic,plastic369.jpg,data\raw\plastic\plastic369.jpg,8ff7330e4e431765516fe7dfb63f4d8a3ca7415f60409b0fad832502a8aa1de7,1
test,glass,glass351.jpg,data\raw\glass\glass351.jpg,a9651b6a9339df4f29eab974ef39b088c3aee497cac561c64a411b01d98c7d16,1
test,cardboard,cardboard86.jpg,data\raw\cardboard\cardboard86.jpg,0c0f13539196d62fd91ddf05ace7a2d4d980dbc3800cb532e97f9e75362f3f8b,1
test,glass,glass413.jpg,data\raw\glass\glass413.jpg,ca9825e95dcf5a0714175ca6ec0f441d495d82ce0e1c4f612d3ed064d38866f8,1
test,plastic,plastic140.jpg,data\raw\plastic\plastic140.jpg,a6b5c0650a6b5b6f2117fa074bc95b7766eebdf6fe27f177dcd9554458e58516,1
test,paper,paper522.jpg,data\raw\paper\paper522.jpg,e958ecbe96178e040c671a8b0bf8121fac4049312baad3f953654138af775e02,1
test,paper,paper93.jpg,data\raw\paper\paper93.jpg,12407e13f6331b69927bbf9dfae1e08a6d0c7117fb0712d896f47269ef86730c,1
test,cardboard,cardboard168.jpg,data\raw\cardboard\cardboard168.jpg,c5adf70b3390c88d5799a29251d4d6ded545f8e9b2b27a11bf5defac377491d9,1
test,cardboard,cardboard215.jpg,data\raw\cardboard\cardboard215.jpg,995196b4035e706dea1737e2c445c9e0964014a94fcc2871b91b4a66aa3b7c71,1
test,paper,paper175.jpg,data\raw\paper\paper175.jpg,f051d89e030cf2787b459a1586cc04d6ca226512899e41645916ff77ab6a68a6,1
test,paper,paper259.jpg,data\raw\paper\paper259.jpg,15408d98468edb4da70e9c4710f5a70d2ffa57d1e04a8fd98cb2d0f879213585,1
test,metal,metal44.jpg,data\raw\metal\metal44.jpg,194ed5721d2846e9c2314fc154fa4eef33f1ca269d5e4de497d4c4c99eb61df4,1
test,paper,paper310.jpg,data\raw\paper\paper310.jpg,59604b5d9853af847aa620101fe9ea5e89818e581e6fd454a04dab67bc39b4d7,1
test,plastic,plastic118.jpg,data\raw\plastic\plastic118.jpg,a8aafb65c4580c1f9f63280dab07f94791a7469edb7452d6fbbcb3b0ae0f7be6,1
test,cardboard,cardboard6.jpg,data\raw\cardboard\cardboard6.jpg,3b0a8c4f56f40c65c2803095cb0e749c96f1fbda615ff23eec4fca0c0f8e1769,1
test,glass,glass409.jpg,data\raw\glass\glass409.jpg,f8c7ab3bebc752ff423246f0aace0b8c1c6ad4016cebf841b9c50260d8ade3c3,1
test,plastic,plastic406.jpg,data\raw\plastic\plastic406.jpg,a757686547b448c242c69d29e0d275202d88c38f90da022f0b9be25e86b87542,1
test,glass,glass160.jpg,data\raw\glass\glass160.jpg,ba551bcd81aee13427047c07da6d014c184b218a4c2e481280cf79f062288308,1
test,cardboard,cardboard113.jpg,data\raw\cardboard\cardboard113.jpg,4a2125f33133fc44e1b6a596c7a3c98fbac109b5c12bb8d6b69f92e04d2a31da,1
test,glass,glass399.jpg,data\raw\glass\glass399.jpg,d53ad6e2e26c9bd3321a0c003985d87eec9d1e6c77bd6442fd078c1a93f595dd,1
test,glass,glass102.jpg,data\raw\glass\glass102.jpg,5a4394c72619374152d0dfb44c38d22060993bd9781955bc632fac99a464c028,1
test,metal,metal369.jpg,data\raw\metal\metal369.jpg,a6444061a818dade7b0182dbeafad3c4856b0d1f88ff45c17b909b7cb910e327,1
test,paper,paper514.jpg,data\raw\paper\paper514.jpg,b60d9d17bc14273941b2f1df9dff2fca612146ebd5eff495498138d8cbf58e55,1
test,glass,glass164.jpg,data\raw\glass\glass164.jpg,7287c17e4d8307821352305955132d29484797c3b61363ed2c8b961e8907b4d9,1
test,glass,glass441.jpg,data\raw\glass\glass441.jpg,85dda5914f2aa445fd3d3cfaa09a986630362dbd7dae80ea7b79a839d07d5a28,1
test,paper,paper266.jpg,data\raw\paper\paper266.jpg,7486b77585a1d94ca09973a5434e31ab52a98bfb4c73b0a101f19169f18f35f6,1
test,glass,glass277.jpg,data\raw\glass\glass277.jpg,2d420703ffe1daa3b7966c2faa247c02bd020602c080940fc96f887634a7ba00,1
test,cardboard,cardboard42.jpg,data\raw\cardboard\cardboard42.jpg,a1eba714981782a0b9e1543fa7fe9ae42deedc294d1c9d8f8d494fcd95b1ebfe,1
test,plastic,plastic200.jpg,data\raw\plastic\plastic200.jpg,a093b5e32fcc49641c4990cea1505286e2f9a2fc54526bf100ab2eb6a6728dfa,1
test,metal,metal283.jpg,data\raw\metal\metal283.jpg,297060838f7d1c26eaff5197a66b55084a4de90475477198fe36dfccba5e4d5f,1
test,glass,glass341.jpg,data\raw\glass\glass341.jpg,3dc88815b7460818c470fa8ae1e45fb439ac5fca8ca2009bf917367c2f00973e,1
test,paper,paper40.jpg,data\raw\paper\paper40.jpg,4370dd35ca450cbd3185bc1aaa255fd339c44005e04956c1ffab801e5b5edea6,1
test,paper,paper308.jpg,data\raw\paper\paper308.jpg,68029adb26f1b9c15345104db45ef4d0757f586d5d5e6a1632d2d912b4c0d709,1
test,metal,metal373.jpg,data\raw\metal\metal373.jpg,b219affc816aeb248e919ea67c178b09a785290c46bdc84153e55bfec5f78209,1
test,plastic,plastic129.jpg,data\raw\plastic\plastic129.jpg,cc4229329892f78ad0551448cbb1d659834e211bfce1aa839d4877b88f410c20,1
test,plastic,plastic233.jpg,data\raw\plastic\plastic233.jpg,8962cbbe0477599e4565fdd6c37fba57ae9a391c92ff84390bcb38d06e0ef770,1
test,plastic,plastic307.jpg,data\raw\plastic\plastic307.jpg,57d8f0b982f0f166f76c2c8231aa18a1146049d52863f921ae8a0c323cb96cb9,1
test,metal,metal279.jpg,data\raw\metal\metal279.jpg,9709b271c3549c820f6a85a9371fc47f6502fa9975c76d15f9ea1e6c37a11cda,1
test,plastic,plastic232.jpg,data\raw\plastic\plastic232.jpg,a091e7139deabb255c353df965a0711759ddfd479cd2d691d67a30e14779742c,1
test,plastic,plastic434.jpg,data\raw\plastic\plastic434.jpg,a84ac2040a83ac6ddd90622dbd63a0109896421b5819d2f5c8aee72efa8d5f35,1
test,plastic,plastic265.jpg,data\raw\plastic\plastic265.jpg,9ce823c13128cdde96b3fea06608b3ce5c0991ccd45a5ac832e2464360169b1a,1
test,glass,glass501.jpg,data\raw\glass\glass501.jpg,2885b55e189a43dec7092927818fdba46638703a7d8e224b70f00e37260ce780,1
test,paper,paper359.jpg,data\raw\paper\paper359.jpg,9c732e082cfbaaf64cbe6d7bce0e3c7925b77d4db841cb07c9c4f1575fb430db,1
test,metal,metal303.jpg,data\raw\metal\metal303.jpg,ecadc879b646436b973b54fdd61e6ae8cb27a4a421090c3faaee8b701dbc503c,1
test,metal,metal407.jpg,data\raw\metal\metal407.jpg,295e15363ee7393963f785f7a43dad7207460e041c43a1f36e7514e635300626,1
test,glass,glass93.jpg,data\raw\glass\glass93.jpg,877205a8df9d0d5fea3ccde83297097d3760f6653e36dae7e37b4621e9ff92bc,1
test,paper,paper360.jpg,data\raw\paper\paper360.jpg,c3ccc0942a44b9bfc38f6b1e9c3bbe2610f09b48df1c3048ee674e30dc6686ab,1
test,paper,paper410.jpg,data\raw\paper\paper410.jpg,ef7dcc0dff5fe504bb98a46c5f1bc2bcbdf7b98227d5d045501a4fcbdf6f30b8,1
test,metal,metal233.jpg,data\raw\metal\metal233.jpg,030338f9dd3986a571552865e0fda1d91e13293fb370b1c0b110fc4043d03484,1
test,paper,paper85.jpg,data\raw\paper\paper85.jpg,ba24b0495b1c7590228018857d2f11cd85c456e22b653d46732c9b3a310d258d,1
test,paper,paper196.jpg,data\raw\paper\paper196.jpg,cd4a5cf9743d622d24635dd4409d906ee50d52679c2aa4c3615d5b93ecd07df3,1
test,glass,glass328.jpg,data\raw\glass\glass328.jpg,c2108239088ac6efd15a4860e8e6e6d8448b2224b93e345ea6cd760e46bd3e4b,1
test,metal,metal87.jpg,data\raw\metal\metal87.jpg,8dba589d0f805b89f4a63ea6be21705c686b5f72d99faed21f7dd89b173207c0,1
test,metal,metal241.jpg,data\raw\metal\metal241.jpg,87a4626c3af3efaafdac46dd7fc4258cd432d32e2de4c620c2d4e39f28999b2b,1
test,paper,paper156.jpg,data\raw\paper\paper156.jpg,bd54f5cdf97de0108ebadab779c2d14fb775b2bfdc5b8c28833b4f33eae15b87,1
test,paper,paper569.jpg,data\raw\paper\paper569.jpg,72d0fbc7794576c241cecfdacbabdac24a61ece7c9d9dd6734158cc6040a0185,1
test,metal,metal388.jpg,data\raw\metal\metal388.jpg,bd387f71c0ee1db3782e9365786a6ddf3ccdc9408079f8a253b1e085e1b58d0d,1
test,glass,glass238.jpg,data\raw\glass\glass238.jpg,fd3ec108ebf57f80b7e9239e401dca8cd40c8b7d6aa21bc38456d59a28745bb3,1
test,trash,trash27.jpg,data\raw\trash\trash27.jpg,4d42396489dde5bf8147267df6629a4ccc13147bcd4b72b6c67fbca854a61558,1
test,trash,trash88.jpg,data\raw\trash\trash88.jpg,eee8d90286ce79ebba82861a949a4a0d0b02ed34a1ddace220cb799192c642f5,1
test,glass,glass150.jpg,data\raw\glass\glass150.jpg,f2146e424f059af86df1333fa3140054bbf4a119f633523a4d129157fadbfa92,1
test,metal,metal69.jpg,data\raw\metal\metal69.jpg,af49fd0677db625844199f24ff7ca542e5a2fbbb174839d57ae3ac034fcb28b7,1
test,paper,paper423.jpg,data\raw\paper\paper423.jpg,c25745d2b149af1dc2278847f7fbf54a70b970010b8689af88c292d679fef05f,1
test,plastic,plastic245.jpg,data\raw\plastic\plastic245.jpg,d389cfc7a268ded1252e78efc1e7aa498dc63474907c935fcfd1767f273ea7a9,1
test,cardboard,cardboard237.jpg,data\raw\cardboard\cardboard237.jpg,21b47fabac906f045ea315b7fe3fa0e235014e41c001226446e226327fd59032,1
test,plastic,plastic472.jpg,data\raw\plastic\plastic472.jpg,ce58e1c64b496050a6b560fa57d5337a081bd1d1d532ff182a94f710e88f85eb,1
test,paper,paper281.jpg,data\raw\paper\paper281.jpg,204aec08ea3e72d57d09f1f25b692c23ca2be48268914d5aa8dc5264ccd0c54d,1
test,metal,metal370.jpg,data\raw\metal\metal370.jpg,9384852d8b01d1059b7d39a3f10f448467d60bb03aea8967839264f049eab30a,1
test,glass,glass152.jpg,data\raw\glass\glass152.jpg,0c7cefb069557730f9db56d0d4ee585a0dbc675721f0eea74e523466d6950136,1
test,metal,metal313.jpg,data\raw\metal\metal313.jpg,d1027e3400963946dadd07fb36ef43d95c5fd7bb11c72f4ff7e8f1a59e1d9851,1
test,cardboard,cardboard379.jpg,data\raw\cardboard\cardboard379.jpg,796cbb824c2665e4a3c1c4ab1dfbf3e2b3bd9db6b4b95cd6a604c9392fdda609,1
test,glass,glass475.jpg,data\raw\glass\glass475.jpg,78a43c5d8fc5c7fda039b052885c29c2d2488467e86327ad14a06a8c24f34fab,1
test,cardboard,cardboard76.jpg,data\raw\cardboard\cardboard76.jpg,21611cf22abe1189b1ef40c04f9794bae470937977bba35527af7270cd596f2b,1
test,paper,paper536.jpg,data\raw\paper\paper536.jpg,4809a161e34e14dfb8dc5a96f3ba7290fb382d810b31d82e81a8e3e2f64f3587,1
test,glass,glass275.jpg,data\raw\glass\glass275.jpg,40fdf09542131e8ac3ec229e22558ec7ff4c7922f72fea5977e2565ac08a4393,1
test,plastic,plastic102.jpg,data\raw\plastic\plastic102.jpg,f35be988683274741b7a26d147953d4fcf63b6dfebb6fe72601c6a56e3c9eda2,1
test,plastic,plastic339.jpg,data\raw\plastic\plastic339.jpg,ec749275dce4a43f8003fba4e02e9db319af5c39ca10f674e6e4398077a228c8,1
test,metal,metal372.jpg,data\raw\metal\metal372.jpg,0253bcb2f1b13887013ce924d61ff67f63a02b377ae6ee189541e4d18acde7ba,1
test,cardboard,cardboard9.jpg,data\raw\cardboard\cardboard9.jpg,8f06853006f83cd1b7a6b2561ee61fbb3a4bcc287e7e26884131a0d91e9dacca,1
test,plastic,plastic374.jpg,data\raw\plastic\plastic374.jpg,f0a5bc491963e626629fc5b428636a27c96610c0cfd4fc748c6f5932436aa22f,1
test,glass,glass235.jpg,data\raw\glass\glass235.jpg,7f02f6f62d55711120fa46d8dd5493f10057ccba85dec378df1dabbd5986ce88,1
test,paper,paper292.jpg,data\raw\paper\paper292.jpg,4e2290bd00767aa7b69fabb6f3f17806414dfa0ade8d9238315f8ad07ef95231,1
test,metal,metal358.jpg,data\raw\metal\metal358.jpg,95a15b8ac8970606441b478ddf6083e6d891573a05d7e68b0b923d9aa9200722,1
test,glass,glass279.jpg,data\raw\glass\glass279.jpg,a146d28afbb1fc9b2a5f151841a9ef8f8d275d188e8f39a5adb799e252366a94,1
test,paper,paper229.jpg,data\raw\paper\paper229.jpg,49a03ac7988c3bbc92642471e484991c9b461787945887a58491f920c8a6a958,1
test,plastic,plastic377.jpg,data\raw\plastic\plastic377.jpg,3cdfa94c9893bf571a8e46fdb728f1f6ea7da1a222c6f6573eb59981631d3d1d,1
test,cardboard,cardboard117.jpg,data\raw\cardboard\cardboard117.jpg,17b467e667f6ec479e92721a9f9022c2d7f127bae2afd95cf25c0ac5c8d49935,1
test,glass,glass364.jpg,data\raw\glass\glass364.jpg,0ee7095b9a08e846175af981ca30cbd3d56d28fa7147eb48109ba5659b699a46,1
test,plastic,plastic324.jpg,data\raw\plastic\plastic324.jpg,3b9ffe4f163e4626818b0ac88b0beee5cd018c2456b7c00eb46cbf05052be268,1
test,metal,metal41.jpg,data\raw\metal\metal41.jpg,a30654d04e0c1b003cf22d8c2301cc8e69247387ce1951f91d5ae823921424d0,1
test,trash,trash134.jpg,data\raw\trash\trash134.jpg,07da038cb14ed7919525319f0f6e6e60c4589864d5979f08c1d73693f345eda5,1
test,metal,metal378.jpg,data\raw\metal\metal378.jpg,46ae76df42f34a292d93347d29f41c1f88cc0737e1e4e4a3f9759c3b1e270654,1
test,plastic,plastic250.jpg,data\raw\plastic\plastic250.jpg,786b48370cb3db55afd5a8b31ccda8f4593869106f1475e990444d426fc6e10c,1
test,paper,paper27.jpg,data\raw\paper\paper27.jpg,0877a4c8265392dbf72773bab97107db33249a7add9b12df7d3568f51d8eca4a,1
test,metal,metal88.jpg,data\raw\metal\metal88.jpg,84f300c14209af81e9f613fc977561c55ab90c661f689fb1e782e752b080685f,1
test,paper,paper483.jpg,data\raw\paper\paper483.jpg,4f7d072af99cb3068698b493ca467d309b47ba06052532c40a0504b439d27f18,1
test,glass,glass419.jpg,data\raw\glass\glass419.jpg,5d772c50c048803766142cefc680593d41e81f576cec0b8c42854a0c1e89144f,1
test,metal,metal329.jpg,data\raw\metal\metal329.jpg,dd6c15c4d85fc6eb3bfcdd04d6469c8bc8fb89c891b0dd6f413f4597a0c24572,1
test,glass,glass292.jpg,data\raw\glass\glass292.jpg,3b41c3a115d25e41fdcabd738d207e7a2f99f45519ce8ad45a58293de281ac33,1
test,plastic,plastic197.jpg,data\raw\plastic\plastic197.jpg,2b8514ca220fb7845a3d00a99c9264aeb973ec292e43ee04adacda7d86436b45,1
test,glass,glass428.jpg,data\raw\glass\glass428.jpg,f23393bb7f3ec809267f5eb70ea4c0944f9a20c56c5ece1e3aad9529e636d02a,1
test,glass,glass31.jpg,data\raw\glass\glass31.jpg,ce89bfee8b75b95af1f1dac7ed0daee2459e0f1b3fb68016b264d9e46f83be5e,1
test,plastic,plastic92.jpg,data\raw\plastic\plastic92.jpg,a4f4316eec3ad18387d1142d3f1c71a92824c2f1f385d777ba4fca1a2a1de2e9,1
test,plastic,plastic309.jpg,data\raw\plastic\plastic309.jpg,0a443cac418bc3985c61276257e424f64b630492a54dcdb79658199339143c7c,1
test,cardboard,cardboard331.jpg,data\raw\cardboard\cardboard331.jpg,0e59c74d7c807699786867d35ca45e7b68e1bb7743dba994de8e55d9ff997cf3,1
test,plastic,plastic186.jpg,data\raw\plastic\plastic186.jpg,7ef599e5edf2b0c5ba84992507aa5a90250faf7c1fa9cbc93c0c42601a0e0c24,1
test,paper,paper115.jpg,data\raw\paper\paper115.jpg,0c64f8aa4b5edbed72fd5f0683dcd3285df7300b973ae2b5013b4eabedc8f7d0,1
test,plastic,plastic404.jpg,data\raw\plastic\plastic404.jpg,3805dc91d17d98623af7b5c2d018b85944d42796b4fa9395323177d86119225b,1
test,paper,paper303.jpg,data\raw\paper\paper303.jpg,f8d3ab2eb84000f3e6fb595ae0fe2ea1be6364437e583d81d9adceda834f398a,1
test,metal,metal123.jpg,data\raw\metal\metal123.jpg,c0027d2191b29a1fedfe86c5547a16fd38a172e55dbe54a89dc3440416fc3f40,1
test,metal,metal136.jpg,data\raw\metal\metal136.jpg,881525ed0d214be04ffa9c3cf08bf6a457ba4a7a1f3c40c39de285c188859a5f,1
test,plastic,plastic101.jpg,data\raw\plastic\plastic101.jpg,8fe2a6c5b6d485d7f040d58be8704e9988f7da90378dc0a06ef3093002b15c20,1
test,trash,trash36.jpg,data\raw\trash\trash36.jpg,e9f3ca01a30cace8b5d3f28fc900a2e40b35f9436470ff9ba8f21a611d6e0556,1
test,paper,paper252.jpg,data\raw\paper\paper252.jpg,14cc62b51c56500c63ad16aebc086f6168492be4b2bc6d5e475276d1060b8ec4,1
test,plastic,plastic234.jpg,data\raw\plastic\plastic234.jpg,962e67cb1d4a3c65cbf713af1ae58897c60f8d0117c7ee36ac04a567da6cf8f3,1
test,glass,glass142.jpg,data\raw\glass\glass142.jpg,e01f9b9baa357268202a1390b114cd915ac4a6eb93487bba38d7b2b1d61da447,1
test,metal,metal278.jpg,data\raw\metal\metal278.jpg,f9b3f19a68e5b0debddd4bd8e834b1bcbd03496b163a3f8f417472296ac90c6c,1
test,paper,paper306.jpg,data\raw\paper\paper306.jpg,73363a36ae033a534e62c2150c2ae4285453d880a16f2fac628aa7059589d613,1
test,metal,metal347.jpg,data\raw\metal\metal347.jpg,169d8a86cdf976aa6f1c15d4a6b059dd60da707735164a2192a8fb31fec206d1,1
test,metal,metal362.jpg,data\raw\metal\metal362.jpg,f20a2d7b4fca27ecd23d47f92bd6ae86da5d591b057744a11c347a0347a319fa,1
test,glass,glass117.jpg,data\raw\glass\glass117.jpg,500da6c7e0fec298597b752df531ff295820f0d1faef156800eb1f259aa08aab,1
test,glass,glass500.jpg,data\raw\glass\glass500.jpg,701b0c07b8d804190393f323cf76527ca05c719a84d8064dec4021115c798d44,1
test,plastic,plastic285.jpg,data\raw\plastic\plastic285.jpg,e21f74112fbce5b9eecee6cfe77ed24f361ac7a4daeb237719c6c02cb8310506,1
test,glass,glass325.jpg,data\raw\glass\glass325.jpg,c3f2f46f0d2ad8149ea358b253af1ef7593afb5c78b8a56a12faab820eba16bf,1
test,glass,glass96.jpg,data\raw\glass\glass96.jpg,92a2b98e4813f70881cab3a2ef2eb2721b789c86f1a2618ec71f8554ec09317c,1
test,paper,paper329.jpg,data\raw\paper\paper329.jpg,df5f3af4ce3bd5053090ef8ee26f5ebc86750f80c6d9a7bb62dbb5aa7bc981ba,1
test,glass,glass213.jpg,data\raw\glass\glass213.jpg,fea83b583cbe76e266421301cfe8f482882eb8aed6022967a5938d2e515c202d,1
test,plastic,plastic306.jpg,data\raw\plastic\plastic306.jpg,e163acb20d023630b198c38b093169bcea1989da9cca0d3c66fb409c6eed7cf6,1
test,paper,paper243.jpg,data\raw\paper\paper243.jpg,010398aaaa4a7510fe1437862435d88013bce4f386a2f891ca3cb8180ebdd50c,1
test,plastic,plastic133.jpg,data\raw\plastic\plastic133.jpg,1fa0f0b2c0ff6e61c85ad20f23460bdbbd9cb96a27cec75c76763747716c9324,1
test,plastic,plastic220.jpg,data\raw\plastic\plastic220.jpg,65847ba689e296c21f23c69287e9f219e7cb2e5bccf7c999c489b7fdcbb148d6,1
test,plastic,plastic273.jpg,data\raw\plastic\plastic273.jpg,42b050a661efcd6435a8a4175dda15a46fa92c70230aea91514e75eefb375dbf,1
test,plastic,plastic148.jpg,data\raw\plastic\plastic148.jpg,daeebc24a8ebcbfdc7b1c383c6d745a188ead378d37db005f532a0fdd8c8d38a,1
test,glass,glass280.jpg,data\raw\glass\glass280.jpg,fc881bef3049e6a9f7ad25bf6e03b7f302b0bd368fa83fcdf4c1fc515aae4a8a,1
test,paper,paper61.jpg,data\raw\paper\paper61.jpg,9ae5e85e7a9cb655510f9f48d4a53a84faa3d51d045524e030a23a75ca1e577f,1
test,glass,glass28.jpg,data\raw\glass\glass28.jpg,72e2b14802d6f6816c7728b22bc48183c90a85df630b37506ca04b61a49f9d9c,1
test,metal,metal331.jpg,data\raw\metal\metal331.jpg,346c7ac6c6bf721810b67332d4311769adb5620da52e3b063522c649ba11ccbc,1
test,paper,paper97.jpg,data\raw\paper\paper97.jpg,331304638e9b9bbf25588b2a3f4c3f726f7c1a05c271186c7e28517f26424152,1
test,cardboard,cardboard10.jpg,data\raw\cardboard\cardboard10.jpg,f460e7a993aabafef6839fa1fce1034c40713411beff3211e8c93d1514fb1924,1
test,glass,glass205.jpg,data\raw\glass\glass205.jpg,42bd941e901f1e87dbf0e61f3ad0f75686d462a6d9e8636d79fb5542e06287d6,1
test,metal,metal393.jpg,data\raw\metal\metal393.jpg,03df33467ca34568ab435414614bb91881b006510bfa7fcc5cb131f51990ec9c,1
test,paper,paper26.jpg,data\raw\paper\paper26.jpg,e66bc5e7650e12d64bebabd46ec5e1c814e312c677f72d3556c06e2aa66febc8,1
test,paper,paper337.jpg,data\raw\paper\paper337.jpg,9987b83d3f0ca6d8bf0ada4d64d1d648f05311d4506151d3adde4f86cee68dd9,1
test,glass,glass136.jpg,data\raw\glass\glass136.jpg,3e0867ff00914ae8338566ade7383c36ae2a0ce319c941ca1b2d12bc7ae92715,1
test,cardboard,cardboard200.jpg,data\raw\cardboard\cardboard200.jpg,235a53570abbad7adcb2901ead6d7385e36c679f1a3aa7bce179a641d4d1a873,1
test,metal,metal312.jpg,data\raw\metal\metal312.jpg,bf9f6db9925895baa4e153bb06eb50716ecd7bbf1776f7064b5d9d2280b644ae,1
test,metal,metal410.jpg,data\raw\metal\metal410.jpg,0fbba5809d8eeaf7ab980ce7acc5941b01c530d09ee62a778f53735320a4a664,1
test,cardboard,cardboard241.jpg,data\raw\cardboard\cardboard241.jpg,6becd18d976d5b709d4138adcb3dfe4030b75c939a1d08fad9c94e75a26baa81,1
test,paper,paper141.jpg,data\raw\paper\paper141.jpg,6845842d1a4e9e12b329105ea9c5f477c783c36dfa21937596ccd55b300ef376,1
test,glass,glass306.jpg,data\raw\glass\glass306.jpg,5ed3c43a1b31daea8ae3c6d0837d3a353f7b3033cd183d95d9363ffbbc2d7ee8,1
test,cardboard,cardboard246.jpg,data\raw\cardboard\cardboard246.jpg,82a332a37e0b03c24482b8478781ed1467ee7843bf807cab5165242d823d98f8,1
test,paper,paper279.jpg,data\raw\paper\paper279.jpg,36335b010a2b78c5d5ad34f2e8ad5e410ac61d836ec86eae8437c15bd0a002c1,1
test,paper,paper546.jpg,data\raw\paper\paper546.jpg,eda36d177b6ad3bc255f1298186bfb8b529f179136e9746f1a7d0265c9404235,1
test,cardboard,cardboard261.jpg,data\raw\cardboard\cardboard261.jpg,6a50dee7c1aaea0110dfe3483f88741407375757ff6bf34783ae2b241f13e98c,1
test,plastic,plastic247.jpg,data\raw\plastic\plastic247.jpg,4a52c4965541deef9a3c77cc7f21ba33917eea02e9c6b153f40960e17417e81f,1
test,trash,trash7.jpg,data\raw\trash\trash7.jpg,332bc3f35675121968a47067e13e1eb96b6ccd7e3be274794bc6c7f86e53e2d3,1
test,metal,metal39.jpg,data\raw\metal\metal39.jpg,a4a363db41aaf2fb6d23b30eb4aca248c076e8a6014cbbf4abe887093b4917f1,1
test,paper,paper28.jpg,data\raw\paper\paper28.jpg,e0c2df1387e956c5432111e7422c8f1b672219619925b32f742e8604ed9ab033,1
test,glass,glass71.jpg,data\raw\glass\glass71.jpg,611b1d28fba567cf7b0d4cdb359039211263ae63472011189fb42aa2a89ec6e8,1
test,cardboard,cardboard367.jpg,data\raw\cardboard\cardboard367.jpg,0c2f1933daca344522a87b444d5cac5ef2bed44da2c1d5276e21432aa2c7eae7,1
test,metal,metal165.jpg,data\raw\metal\metal165.jpg,eff1d07a51e334759b266f2651e87c59a615feefdf703a5fb7bf5934073ed192,1
test,cardboard,cardboard400.jpg,data\raw\cardboard\cardboard400.jpg,1731b5a1bb78a2b82eeb0e49085d59c4c4f8d9b0327369e322b0d28fa6b072b3,1
test,cardboard,cardboard35.jpg,data\raw\cardboard\cardboard35.jpg,881027a86eaf5e514e18af4e0738603b416d60c4099c55d448f618737ff448da,1
test,plastic,plastic342.jpg,data\raw\plastic\plastic342.jpg,97b9567d28f5583726ae3a988323c96d44206fbe76fa778ea09faaf8790246fd,1
test,plastic,plastic383.jpg,data\raw\plastic\plastic383.jpg,d011086eef5790df6f9109c38ad6b5cf601879fc4c7d0247c4e4006362bc1eaf,1
test,plastic,plastic178.jpg,data\raw\plastic\plastic178.jpg,9d42a746c0d30e6cc21cd40c35189cdffa651035f95ec552dadfba5cfef83fc4,1
test,paper,paper314.jpg,data\raw\paper\paper314.jpg,50159a96a425c7a70f3c81b1b1f8af5ed55ca967fab1774b487be5a28d1f12ef,1
test,paper,paper415.jpg,data\raw\paper\paper415.jpg,48c32d52ab6f8552d56bc150d10972479efe616a6cd3eeacf4d157a2a6898b42,1
test,cardboard,cardboard286.jpg,data\raw\cardboard\cardboard286.jpg,1a9a65f62c99390c99e17c3b929ecc449f88e3586721b0e2113834336395a0f1,1
test,plastic,plastic8.jpg,data\raw\plastic\plastic8.jpg,9f5b2e26171e2568ea3c809705cfa00732550ae24e0d06c58680e401bef3474e,1
test,glass,glass442.jpg,data\raw\glass\glass442.jpg,77fe9275e27df87cf86ca51dc37504a95acef47ea6a9aa0a670587f958b463c2,1
test,glass,glass1.jpg,data\raw\glass\glass1.jpg,084511aff76ddb2668538ed7a25fe803d53e625cd3734f5a5656e00a76fb7a92,1
test,cardboard,cardboard94.jpg,data\raw\cardboard\cardboard94.jpg,883026ba5e84644c7e0041773091765f10dc8689fe68f556e0f174fad1cd41c2,1
test,glass,glass223.jpg,data\raw\glass\glass223.jpg,bf345ab195a5cf81b79b382c042f2b10d211a88ccef6830620f54ebc9df362df,1
test,plastic,plastic279.jpg,data\raw\plastic\plastic279.jpg,29bbc6186b2064a1b1a38c648ec3a8ba0eb35ee3929e3e2a869d43023f8a5b30,1
test,cardboard,cardboard360.jpg,data\raw\cardboard\cardboard360.jpg,e46438a35440cd67f9214df0232ac1534408ad69e6f164586aacd69d2f73963c,1
test,cardboard,cardboard335.jpg,data\raw\cardboard\cardboard335.jpg,5239b67ff27fe06ed865e6cb7d43e99116e2b330e41980a67da26170312b72a1,1
test,paper,paper532.jpg,data\raw\paper\paper532.jpg,8bcd2587bab0e7a5db16c85ab5cf9128feb66e014abaca8dfa4de307bc431706,1
test,paper,paper478.jpg,data\raw\paper\paper478.jpg,eadbe7b81899d3fd5e9a8fd309d30dce3d51a722c6b56a5560a1c6a3c58df07c,1
test,glass,glass20.jpg,data\raw\glass\glass20.jpg,da59384bc0cec94c8f3b5b4e9fb60fc43037651a2eef134ad3e9cc54ee0a0c61,1
test,trash,trash18.jpg,data\raw\trash\trash18.jpg,9bf4c74101f0871f626a44afb655b79300554d240945f158a3d1aab53c8a415c,1
test,cardboard,cardboard170.jpg,data\raw\cardboard\cardboard170.jpg,9923220494b8e731421962ea59dd0eb4ff4ba9e0339c85c2fa4c91e61f2634fc,1
test,paper,paper296.jpg,data\raw\paper\paper296.jpg,e48b4da337f9d86cfd8d93a19bf37fbdd5fa6f9152bd564b05d728f337dd8fce,1
test,plastic,plastic255.jpg,data\raw\plastic\plastic255.jpg,ebe79afa3dd50c78e83c327ab3a3ae88e386cf2c65b149408bf63bd8e297d943,1
test,paper,paper52.jpg,data\raw\paper\paper52.jpg,be7a5c7898c15c3ab2aa33e38c9dcaa5636589830f4d4ce8d334881aa7b1e073,1
test,cardboard,cardboard141.jpg,data\raw\cardboard\cardboard141.jpg,86fffdf4a0ef8b31d297adaaf32ab1e681a5104365b857411aacf8e053050b88,1
test,paper,paper336.jpg,data\raw\paper\paper336.jpg,9b2570a97cfc9116771125b56e5412518d4611f03e18b4b035e51d4729198906,1
test,cardboard,cardboard71.jpg,data\raw\cardboard\cardboard71.jpg,da5c633ef062700959779e2480f0bf45cd529517ba984bdf85e4e28bb1a39359,1
test,trash,trash101.jpg,data\raw\trash\trash101.jpg,4271dbcdab4a00c153b897c9f2958d549250e04a468635b80085e64b22d1d19c,1
test,metal,metal195.jpg,data\raw\metal\metal195.jpg,4440ceed66c69c6acd75164bccfe84c812fbbdcafa8fedf87725690dead684d0,1
test,glass,glass69.jpg,data\raw\glass\glass69.jpg,a628149c45066502561a77573c71accbafc87018e1128282c2b8f4f5c464cf38,1
test,metal,metal8.jpg,data\raw\metal\metal8.jpg,27ba278703688aff66f44741d735886bbdbecfdc4d8749daa021004bc91c8cbb,1
test,plastic,plastic438.jpg,data\raw\plastic\plastic438.jpg,eae8dcca1e55ceb89f478cb8a82cd496fe4175031410cf17b4e1c8eb31b68095,1
test,glass,glass367.jpg,data\raw\glass\glass367.jpg,8f68e5162d9ffc13d14b8c7063ebd9bf07dde10a99a02a2275cd9a98902c3d3f,1
test,paper,paper262.jpg,data\raw\paper\paper262.jpg,9298d575be19f5359a2dededcd924bcc6dcf3dd5dbbf155b44a04d4e2b2e3fe4,1
test,cardboard,cardboard393.jpg,data\raw\cardboard\cardboard393.jpg,36ca36eff9248b61e3087fda771b26dd2b7d79af7735ffe513e4e0e05276e0ba,1
test,paper,paper250.jpg,data\raw\paper\paper250.jpg,957182c48f6ddd0c4370f8b35536b8b5de151aebd75ef9dcb969d694442b2496,1
test,paper,paper76.jpg,data\raw\paper\paper76.jpg,6cb1b0932891aaf84852c0b7a05adfc2d1711682af5918a26e63bbd5110b0a07,1
test,cardboard,cardboard93.jpg,data\raw\cardboard\cardboard93.jpg,082481ed884286c4380d107d5c20ec264ad27808210a960f2d7fe1acbfaeb2ca,1
test,metal,metal31.jpg,data\raw\metal\metal31.jpg,bf029f4e238e7aeb266d8a5947e33f18cb17bebce18ed97e2ca9db0671f10c6d,1
test,paper,paper573.jpg,data\raw\paper\paper573.jpg,01de0e642d3da0ca996db66780a0de0494a68a4f9897fdd8747850bcbac51174,1
test,cardboard,cardboard197.jpg,data\raw\cardboard\cardboard197.jpg,0fabbacd1a327ee0220db83ada47c24b77645a6bee64aa5969b8e2ad9dee98f5,1
test,cardboard,cardboard216.jpg,data\raw\cardboard\cardboard216.jpg,ce928b2777c2f4ead19f07cb8e673cff4b9b8f3b7472d2d3a184c6e6d8aaae41,1
test,metal,metal108.jpg,data\raw\metal\metal108.jpg,7b606f6da90d4d55bb60d32b98bc49a9d4e633327b90bcae6f157965cf751405,1
